athlete_id,age,height_cm,weight_kg,knee_valgus_angle,knee_flexion_ic,peak_grf_bw,hip_internal_rotation,trunk_lateral_flexion,injury_risk
1,29,171.9943060941475,60.65695543825946,1.4842063408204154,27.24839769864064,1.6302379066339159,3.841661671741575,3.084646014023134,0
2,27,170.5302244719396,77.72877907548667,9.326294744514644,12.400939092606931,2.916625470672789,12.035153770528288,11.867807466992286,1
3,24,177.19308913132053,72.7247566377298,1.2381990649224943,22.787111526647116,2.13719728432603,5.323951762175686,1.7804997442234516,0
4,28,175.35295390745216,69.07333946081889,6.9001399092240066,22.1388312328168,2.629466442364024,12.82057748944931,4.646494375067125,0
5,28,167.7716520482175,85.54178253034411,5.206099382336258,30.32184931773287,1.9585752996015555,5.580219101569151,0.9048604117273777,0
6,24,153.24451223012431,74.85929624578412,1.3561212513376737,25.247240341457562,2.17734083537718,5.1790756417392085,4.40788771503199,0
7,18,165.07131294621303,59.936108349752985,4.226977307375341,29.581791607680724,1.9679085590424559,5.318548758320649,4.385979283545859,0
8,23,169.50761346687426,61.829094050371666,15.607130277299529,9.815533343000421,2.5397360690526463,7.471403437135973,8.102792744309836,1
9,21,172.5292056319228,78.18391959104974,5.797936276047951,28.905313713855413,1.4758334999104235,4.826490162867219,0.8700522131164412,0
10,27,163.70332540689463,82.50079423185517,8.35112611505786,34.51639018658032,2.0283863134008073,8.383364081334937,2.798225648292375,0
11,27,170.0919353350358,76.62016278707164,0.312068825885639,30.930829001963918,1.5123367899313818,5.3419120043833175,5.645364853148288,0
12,27,163.69012611514412,92.76266497446497,14.726906905070889,12.770307787566715,2.640048704532651,10.184434335387486,7.728296783002212,1
13,28,173.74180648451667,89.62008598877702,14.950525930183808,13.348008711426264,2.754143665797443,15.560230929901838,9.189696439539304,1
14,29,164.26908671637383,75.29243001820916,6.678350191126164,26.796674127348936,2.0418493388442376,3.64939432500247,2.0877285940829218,0
15,19,166.51095343629535,59.937032086221976,5.5329915705942225,28.03940092347364,1.9145489186773397,5.221590303232641,2.818363303817142,0
16,27,161.91315869010862,54.28014985921879,3.1200766706529524,26.371944739257483,1.9681417729880741,8.580759606428785,6.490082016446513,0
17,24,173.46499304430216,65.35141905982343,4.2023651608334545,27.178323970573043,2.929489830221377,0.97853407590069,3.896981612492144,0
18,26,166.33552230047601,79.03856135699388,3.0099353579912775,29.060466765370876,1.9225474585905697,4.040521166333731,4.750719392288946,0
19,22,184.0678426667543,91.91976495174325,7.690017846496495,23.033206502090245,2.1530373083750223,5.432930058305237,3.769623342447042,0
20,25,179.058502666929,75.0093644129296,5.053279121679855,22.920605865050106,1.8051905541158357,-0.5011173028883036,1.6338289695004695,0
21,22,174.30148131816358,84.02467353077483,9.75297671438252,21.057287230843944,2.088569772512181,2.4992051511007807,5.867620852149994,0
22,24,167.02514502656211,67.05631016574637,4.848347965463448,19.99864447748145,1.9285298974833147,2.960334380791441,5.006464769064992,0
23,24,178.80520305316304,77.4732295027306,3.2289830827238433,21.913586538897604,1.876844455181081,2.612088878448505,8.611273674734377,0
24,26,181.90700889348636,79.88028195372607,1.2157140184679323,28.797312534020644,2.5456695596600976,5.575668635064942,1.9688372406989099,0
25,20,176.4268841220163,46.24486868976966,0.49215080936013766,23.53606242254058,2.3531554889553017,4.518321171494608,5.645145842400961,0
26,18,191.03701855466932,65.03873437148188,12.917897567859763,7.895014666134193,2.1616424125703544,11.49386968101176,2.95781017728671,1
27,19,179.59637318074817,81.39640461133443,5.667816627528708,28.17356874376281,1.3087364192168098,6.283887879657905,4.314693135346156,0
28,29,184.13607217568034,73.29362002763878,6.271812558074835,18.15747893280973,1.891697233024229,10.16922415293875,5.953013178126329,0
29,23,176.33565415535978,55.6418194221888,1.0470232449196666,31.274877921108448,2.810908269321525,9.917769550225255,-0.14427023219297386,0
30,27,181.75664453256977,40.83853149127172,7.237595785190289,32.05399322795855,1.9308015000080876,-0.7683153161870084,3.5901350515167842,0
31,27,167.03218767330824,65.61063105637592,3.7923473707914015,23.030686625825734,2.3309652716160976,6.731216551505419,2.8735805319147594,0
32,29,170.41601636787206,69.14097168527346,5.366982529963874,30.10095771447496,2.4325827205857804,4.465930129808485,2.5960854034097562,0
33,26,178.4936355348238,59.39292460205986,9.030551570638561,23.717508812954005,2.0656891747567925,5.465466028596069,4.770425304518708,0
34,20,178.4209948155738,71.71701924433593,14.687941717790512,13.715028935528354,2.4784206341090074,3.5724435414956766,11.056858122655449,1
35,27,180.07611822943247,76.07664096679474,17.61145588814022,22.330228173916808,2.922938246683188,6.304167551209573,9.938596954472732,1
36,19,186.00392892278728,78.04824604871479,8.800538694370598,18.256607048473064,2.700899032704116,12.714116678881911,9.197212980141861,1
37,28,160.75028828184588,41.72897290081213,-0.37953850332326233,26.085914051935156,1.7555731991529355,3.2631447279532306,4.228617506118495,0
38,18,165.25547452389705,54.22857882630256,3.20211670189395,27.381355268625818,2.0528451355663075,2.3108973565244577,4.003607012712829,0
39,19,177.29572641074253,66.34452821974317,4.472174402930764,26.01160153192698,1.6250538981231908,3.6539129521415474,1.8213147245757875,0
40,20,167.75636368196538,76.86607757244957,2.53205118212204,22.0798472088872,1.9204287378589393,5.702777793370297,6.216889203445786,0
41,24,208.77768241289363,75.87080816260043,4.671857582269238,26.000504689344314,2.010115716470316,6.796989025052792,4.590390736317672,0
42,19,180.15719619170136,75.6624393745201,5.19212970739692,29.34647376290367,2.0805780743132893,7.560046932020439,4.789762980005156,0
43,22,174.21669151069844,65.39898469637282,4.437860045479804,27.775534849387316,1.6655533437942758,3.5174299307992616,2.3869807419488356,0
44,19,169.8453072691614,66.06839875228047,12.730065038461193,9.3792406127857,2.7943604136373312,14.228550473613927,7.053004438580527,1
45,24,170.19837716806956,61.26004877893911,5.421636679916819,24.649423997728835,1.8209315645804085,7.887507775859895,3.647731604578443,0
46,27,175.30140661315178,79.21832953727018,6.104851623923523,33.8585895735808,1.4976591618640265,8.496784685432385,0.931750613102297,0
47,25,176.11981932621256,58.954134547125065,2.2740023063928847,22.119133317226098,1.9672929740109608,4.823501437605433,0.6239313496046437,0
48,25,170.43300855306487,80.20043674227483,8.527330949365675,30.437801485433592,2.010312592707938,4.337204825181162,2.7985041387228646,0
49,25,172.26847753480098,72.49423885765175,4.753529669289346,33.909455464799805,2.0481768299515277,5.573372701509177,5.04504153288478,0
50,27,188.44284575234596,69.45946625853816,5.047124057362119,30.40454046374448,2.4086397211055237,1.550877581307783,2.6937252201401183,0
51,26,188.84504962651033,62.1194752026824,9.29442321138003,8.184513652693123,3.147509000236308,13.76926747265794,7.8515475570397495,1
52,18,177.52033979934876,53.73349766603049,10.784718187305305,11.302136047481783,2.325465429156058,8.997081571977604,7.181748503341024,1
53,29,161.58740272763262,62.228166923463455,10.485507316367762,21.25155507403279,3.035142355255094,7.392009809683428,7.5399710313552095,1
54,18,180.38503156639044,66.03991757650137,11.312708522135551,13.904027672682783,3.0478955138811474,12.436331881399328,11.830793328818837,1
55,27,190.54282441611025,41.57170826102498,3.4689065633989054,23.14937869810178,2.055292719223431,5.6531546032615,8.331042904413113,0
56,19,188.6978110196238,67.63173813598402,14.819751563877823,13.800647214900478,2.837191698611764,7.293420224399788,8.942633460438877,1
57,28,182.34425852809667,81.09228841631207,2.1406844816983455,34.18826878755999,1.428597591960361,7.110476444675074,6.0495482245634555,0
58,23,189.22422955285822,76.80661486520647,5.271399264441308,29.89883818020448,2.4333236585165263,4.7665356915905805,6.337160728546763,0
59,18,175.53384272479022,64.04552949110192,4.916925023388848,23.159771207448774,1.6316960106631828,4.172145644911586,2.002358261331901,0
60,22,181.28102969833705,70.56323558098273,4.479707856818651,26.448461473075483,1.8226165971890884,3.91482849171984,1.5552707700255217,0
61,22,168.1922443367482,63.326025166936006,4.678656221402673,24.92838427951853,2.107503353322801,4.811318399300426,1.7862594169318866,0
62,21,177.92265456155712,71.78512880002836,0.29537738625590215,24.451055038832326,1.6410326214149942,3.656367065204125,6.669012266675676,0
63,28,188.29534243970525,88.48129388492838,10.070472924531956,20.9077377044731,3.0742358985193663,19.484297929232454,8.789329138276123,1
64,22,169.1057658851311,81.62198563149852,5.232112252852787,21.141284353682472,1.3628157251898005,3.814149355951458,1.4972876355214262,0
65,29,166.38556570535712,76.24953166831304,5.399640979993501,36.04390427867187,2.216299085871691,9.778892288082144,3.138007599560374,0
66,18,175.97488939023697,64.08538105139539,2.4308121476851046,32.14114845092311,1.8364441265821034,9.395631510444144,3.522788936570745,0
67,28,172.73337796276002,78.99926071533807,8.164269602161752,33.45430835301849,2.878181027741999,2.325369530436486,4.536826547389124,0
68,28,181.4914772107042,49.75747658352336,22.59355048968813,11.650950275801199,2.5882132145971966,13.904961413550664,9.364383192598638,1
69,23,170.4674047405296,66.97175821610931,7.423643001316842,27.250296404604452,1.7235646929713235,3.0480301359914153,2.343638872252984,0
70,24,192.18439615602713,77.0045370378874,12.141510657493638,12.843509187404086,2.9917443813717686,8.025627984274209,11.007255630802572,1
71,25,162.10323902038945,78.88505456857301,11.819008157513325,12.806924820299692,1.750073177450355,7.518328324254443,14.607199511034782,1
72,19,187.53734786219735,78.03861388258889,9.43827723152378,30.468274238215756,1.8589389983644067,4.077285748652603,3.687447326589914,0
73,24,167.35150771691897,73.53796827051633,2.0159079206087998,34.48031530890698,2.183699664200754,6.080678111232286,5.37354814100671,0
74,23,157.04017265415976,67.6513002509934,18.16155785887643,15.882165708055467,2.8595507215670763,5.096915500749707,2.9947794975712156,1
75,26,177.37875156348866,76.45571163791787,7.501455795107446,26.17247031507367,1.5855224844609257,1.998111882550278,2.861297152837725,0
76,25,172.45392013986117,58.565667512964396,3.3234494773083876,27.24350389883739,1.4605355781772678,2.4347135767723853,5.183336099386262,0
77,28,163.9039063209697,59.863872840481,11.0867554941352,12.128324437009592,3.148298657835361,12.60562956249911,9.623581503201242,1
78,21,158.18623108284737,70.74081611752356,4.374883713502618,30.956746208792,1.844579294157483,2.342087798306669,3.2304159527918586,0
79,26,174.91639212728543,72.07837171250497,5.7217340731996424,24.380048341286955,1.9097059062820334,-3.5500903279515477,5.111484356085785,0
80,18,184.75836891623817,48.09261785722424,5.650804596928052,27.02304824411488,1.810568891755045,6.633747202380884,8.10818488287195,0
81,28,180.84953493086445,75.46175657139422,14.71023057297955,12.875142821569606,2.6096818223980396,8.69666890704781,9.887799721038286,1
82,23,175.56706648839267,79.27274053503272,7.0270206828994555,24.053307471401627,2.3684090628824404,5.443462217109581,4.945279525980023,0
83,25,179.78847573217735,69.07257715040446,6.983721801380533,27.964775072597227,1.8995591037666495,0.7511934219781775,5.061603167345459,0
84,28,174.72785867622142,98.49359539940791,0.6286700669045482,26.92195210715989,1.461823666042411,3.071670851300156,1.8536194518659013,0
85,28,160.7027575696963,61.80477872421777,8.260850607195382,26.140710588606673,1.829988467583484,3.623369464925009,4.231193477359816,0
86,21,160.79106014776556,65.66695403935756,0.8437700299108144,24.357691891598286,1.8200535818248815,1.947245668359873,3.9404670233271966,0
87,19,172.9683147101532,65.25919712647348,7.581365510854143,29.597623353914777,1.8028595113165826,7.58054791518547,4.643169080745512,0
88,28,173.39346713633927,69.08574866450779,7.816762842068958,36.26808634246142,1.7906843288305265,7.430780133126001,4.233016104951742,0
89,19,183.50982678506765,66.0553022444045,16.304904954354907,17.139269345383642,2.858774119354675,9.893779467453193,9.133656496713455,1
90,27,182.57304223774747,53.118273464741534,3.972964280113538,32.98059107455565,1.884037515230672,7.175243133342524,3.377065610201597,0
91,18,181.0513301575895,63.441420445162294,2.2357383287851604,21.048890374232688,1.809337670355333,9.580437990731795,4.1172178347435855,0
92,22,172.19717286922818,68.82855165071109,4.462697424278161,28.78880719646885,2.062496752587678,10.70767461568868,1.5443428678860158,0
93,23,161.1934782988986,84.74286498474397,9.172382701949154,6.651891925591725,2.3021829999661105,6.600297448554908,3.695529264740305,1
94,21,179.12071137066025,96.42691928047496,6.94915133067335,20.615375362340494,1.726806473845253,2.2940220516704075,6.781667096353287,0
95,21,180.25169313262168,86.02568677420786,13.88405559494171,14.875764268516392,2.55679754282507,6.610984329674603,10.389904530702692,1
96,22,151.11468537522313,60.69545164392872,8.48920952697489,33.959496672067864,1.7059813094478158,3.937380834473635,3.9581579252338464,0
97,22,166.65661813417339,61.65028467248601,3.594579933554245,32.75007914334823,1.5146598158553988,3.222603633858457,7.7922465525086935,0
98,26,168.08945622606103,68.08805706988778,4.47694531563868,29.215023610272,2.1142334214095153,5.981217124633536,1.2783300433978417,0
99,25,176.18350201123437,91.41470666624303,0.7914045194476245,20.336497200550347,1.754777559675698,3.2538159977209626,1.7810888891075605,0
100,26,166.96639567234305,68.01491137381728,2.985324833759528,27.018596743060314,2.0963874412272165,6.197132421939578,7.425422822552545,0
101,20,174.6186543117536,54.06991011355083,7.412129082743644,29.50850004450868,1.2788994196698409,1.039768436788095,4.091921872097868,0
102,20,172.8946505964701,63.98587435656358,9.03895705887058,28.87768114789299,2.41773678244492,4.283742193809697,3.5148339274204123,0
103,18,173.40850528462272,79.084672021833,1.914127820300195,18.78103208259627,2.2016880224121205,8.856746703085038,1.6015913498087135,0
104,27,167.83605706299255,78.27928332275305,3.518839352117764,23.54841075990064,1.5498570352510996,4.828816125706532,4.895392532790024,0
105,23,168.61014945933323,67.59740000210013,16.38662021369209,4.009980629099061,3.05298168665692,12.721179522013777,14.21395495537056,1
106,21,164.19732940219308,78.20097608272036,5.700402897049017,30.68145454758595,2.5016797712292584,6.425775814151935,1.8110112783302075,0
107,28,178.80067440573833,42.721933569438015,2.975991200195885,17.019360894500267,1.7787860289506123,8.51198488795298,3.7194488288991434,0
108,25,180.71102628591368,71.24595082039237,12.742477682245292,20.55335111283379,3.443808266310389,19.22229773074726,8.614805202247174,1
109,19,167.2938204987466,80.32822505642356,3.81540163232271,28.71524384939476,1.3201843717552153,6.753572155512304,4.511954292837542,0
110,28,190.20640096017044,60.00564069814558,4.963869322804302,32.248059942581065,1.8947665383195338,4.19558258227471,1.7614995155587123,0
111,19,171.8539855255795,59.96393756204454,6.365710620009249,31.464287921187182,1.931684115549274,5.499913685935516,6.5038949090263145,0
112,24,190.3018562379656,47.602622166838295,5.016055674527345,30.912856594044026,2.2146479290308454,8.179850509287128,5.831647563195208,0
113,22,168.57872826168398,89.07874713772833,17.73336141356204,18.072828866526947,2.572220090203156,7.022054200444537,6.192506310628303,1
114,18,154.73422223400564,61.3581522757412,18.092534566559856,15.861586021825152,2.750391445044001,13.79930885490604,5.772318513827221,1
115,24,179.02197824912352,72.89251933434534,4.779092601986662,26.034736214692995,2.135288790432943,-0.8062898791414188,3.727155699444768,0
116,24,177.48545105118987,77.24700449780049,16.27048460656375,30.704950825745307,2.7960620765398465,9.844838781693156,15.136963643031462,1
117,27,175.34393795307582,88.14481538969744,13.41508671889101,6.663548242005646,2.1245979247726,9.11915191597284,10.59102870501174,1
118,23,168.5776752155601,68.15322671217238,8.996617926261791,31.552745511488926,2.324454225889922,4.638238434579591,3.459459264650782,0
119,21,174.6542777451418,63.52684247465898,18.22278138277925,13.850209922398578,3.06836449931075,11.834834552861354,5.827455989119706,1
120,29,169.88740542130472,72.07681178284665,4.2612992049270995,29.898198241929826,2.3275416017223938,3.542963766274859,5.893236616660873,0
121,25,171.9765043366825,85.40896331850745,15.290356581055153,14.817951018795032,2.6432492938452534,15.787230266047482,8.650285960640014,1
122,29,183.41632255765074,67.9579296231906,12.623314156854239,13.303054666407826,2.3928942763692187,12.2200117441335,9.64250682339525,1
123,28,176.84217229530094,58.541571020991086,7.932811593966603,36.34534762913165,1.9544097853051883,6.16645673079114,1.7653459821375308,0
124,19,181.09951387331978,51.51090630021565,5.924105480495235,23.287209971040618,2.318043145601381,1.4783800210819136,3.9170177908452417,0
125,19,172.6813149337421,55.3444313847373,4.731744639989428,36.07389395354926,1.7318761942748857,8.337902915609906,5.94097691922676,0
126,19,171.57982654195226,80.37269796887998,6.119292314525694,26.38985922753971,1.8836105093277644,4.786639127508992,1.4834707412654242,0
127,20,163.46517469111356,66.15250628431826,9.240503506570283,13.335222380458983,2.6013873058072123,7.343797470376698,11.202319007421746,1
128,23,171.29963387431803,62.709749080951475,16.611887481095273,10.479722643838569,2.3386030296060865,10.568038262346656,4.3868765744099925,1
129,18,141.7888544441086,61.408393321792694,2.0151874840023614,30.929521005823247,2.501404272631243,7.31854351563117,6.123633291979464,0
130,28,169.09778033694366,71.02055032240219,5.357357736909266,24.31614932026189,1.7295872960308476,7.349479663331032,6.828058271123975,0
131,19,174.18125822809162,67.126538874813,9.33128749871273,20.923664040379062,2.1517206297418396,6.0051630557365145,4.436677500884321,0
132,27,180.63673654270156,66.72241427536898,10.57825036548158,29.092670212054728,1.9739896591555375,6.694367317722945,5.93586389752998,0
133,19,172.31322122475044,86.19188713372887,6.595127753601893,33.04735894297984,2.377285716907808,4.363730990238723,2.564293571291929,0
134,29,178.47673542245,88.4561953823396,6.252111187361143,23.775292807032518,2.1218168367284242,6.6266090207271455,5.591727624682453,0
135,18,153.20211338609755,50.67973992509204,13.666465636645668,17.742030955160818,2.291232399554911,16.27516928557717,8.541435024557323,1
136,20,174.4316314779305,73.9311127737155,3.6433155006649454,27.540776178325224,1.731945472244216,5.006694866487206,4.579822348075326,0
137,27,158.20497207086598,60.677654816543296,3.0305406202294027,27.562823356114095,2.2393552104146415,4.1760687519011075,6.632014839436996,0
138,24,162.91696484340667,67.02098663366688,3.44788100437221,30.741598137772492,1.437967608813615,3.628344382042412,2.922430324305223,0
139,18,173.12834452136138,73.71134062152034,4.579640453538026,32.74797285682244,2.1937671260827676,2.9326646068346296,3.625884967052675,0
140,24,187.76263987873554,67.44736099682896,14.679314975144077,20.183487127452057,3.3170981158072825,11.873925946687583,11.47777074909196,1
141,22,178.7120676347006,72.7655185675316,17.757711124509203,12.124670449565079,3.4654931328573895,13.029492425669398,14.049943727782589,1
142,26,175.18230997137118,78.07564247238301,6.869775640293835,29.12117372267646,2.0483898627988086,8.51330591500868,4.4538638876004955,0
143,19,174.804696105329,73.53492160648383,2.3181424356504836,26.267867469965502,2.1932371303550324,1.2303039921636936,0.5621391740923061,0
144,18,167.86371106795534,62.237964349988516,5.598117160277874,19.94216320448586,2.0245966441474157,8.86760915422062,6.093909068856418,0
145,26,169.56016586627317,62.44960471635611,10.185206674374934,26.68670239841916,1.4742868714577009,4.045524495146213,4.093274733131931,0
146,25,179.27376045470797,52.72353644058357,2.7015385210339415,26.31806527294432,1.7417812509813984,6.802199045436775,2.9582141921924734,0
147,27,161.14639481555506,59.75295642975138,-1.325718806865824,32.80152398140735,2.2017168012834145,2.281354003858367,2.331252775409757,0
148,23,180.9305405028302,93.54482034278234,4.284989445299723,30.31241812033427,2.0499967452079533,5.425939741622016,3.5308419407616247,0
149,22,171.11492932881148,60.49595711085706,7.7523990874964275,22.103154391836913,2.3542969715917015,5.941169548690722,5.3765194215448275,0
150,25,183.25557074869565,55.67945425067416,9.895868635551484,28.86127193205519,2.1209823689111515,0.5461856242410414,5.095477957475121,0
151,25,184.61093457232084,73.83913434213729,12.056801656573805,18.476618369987587,3.238618847292101,8.870584309992026,7.900974968586727,1
152,22,158.2691598749426,68.67562288849768,6.2417480580913045,35.640156796939166,1.7611807586838097,9.037805023514945,2.307920654744731,0
153,29,169.18419236772783,67.65288115780929,3.836723858049867,32.4375198370703,2.030875217156971,4.476056162955116,5.313797412639294,0
154,24,166.44472312059375,86.90855159694507,4.735129114239661,31.80423327155739,1.3057867801999685,9.080504392484038,2.555305190769941,0
155,18,156.87272034926858,76.58952010670038,15.540050575186664,18.504187170119177,2.6160941536678095,15.515855892282605,10.880631190587065,1
156,21,164.6746672379059,63.6400848195583,1.242574179012117,29.941560027117248,2.132524020913267,7.5487535931398515,4.2475092850485545,0
157,19,199.4125584526534,64.90628898889864,5.634349153736434,34.24752450353079,2.3681103791146616,-1.6557098978532991,4.624124263453477,0
158,27,181.0950989621244,63.96896183313178,16.479247565547738,14.081805378558611,3.291996147375473,10.16056295073944,15.722779668617378,1
159,20,194.17287968605754,80.49687545896309,7.714465812348368,26.25280336391522,2.373369548106577,9.486374735728871,1.4740741262653545,0
160,29,183.29098440018336,66.30222844656235,5.244957883677238,24.137156256218795,2.6694496733083244,4.146123487238963,0.1776813494790246,0
161,18,167.58156838991525,48.48215797055019,5.770126348760256,29.89576559363062,1.6037364933868048,-0.9162670799314538,2.8651054375432965,0
162,28,171.18228803325957,69.42016385518787,4.020878581445523,34.15111087825394,2.23142053847113,5.864085104916468,7.603056815664372,0
163,28,180.88436180240308,51.55568798646485,5.672817353112769,25.01512856639463,2.000332983406188,0.6682233587787296,8.044348200174756,0
164,19,179.37506203473038,96.21076722105883,4.142019311256474,16.04847816265281,1.5366698455255268,6.334560612672464,7.662354271131775,0
165,18,169.22657984291666,58.41198503383323,6.553929724640128,25.93889627487765,2.147865191555561,6.234697157492846,3.614037264478621,0
166,25,159.90006829420793,68.05762281570723,10.254703317858466,10.40923444073733,3.21602472796103,16.332580850642938,8.558421747695965,1
167,21,207.8776118738874,73.09843281641365,5.942750984755466,30.688149514749398,1.819662034199346,8.362901070843133,-0.6860782033036816,0
168,20,173.58850327657194,66.53610207184924,4.9268429657875545,30.140931239052883,2.349774956076567,7.416724108418521,2.771923676901178,0
169,18,171.7426110681738,66.5196351824057,7.815125626930421,26.600033490627602,1.4999709779632409,7.92747001186569,3.6038527397012796,0
170,19,176.133344639053,75.06192743393052,4.871515691028784,21.604846318901068,1.5515731560651067,5.0265731110066865,6.601250802111918,0
171,20,172.57271410688972,88.31459150555534,0.5674188294827962,30.576471608122336,2.040979218676626,0.7534277992588798,5.735610919084891,0
172,20,176.22728907705485,79.21010898180756,8.154803751784979,23.828590949826875,2.0076155833916816,7.933616816633412,4.454810157983241,0
173,23,187.86947286116418,87.74216654288252,2.7356692478434526,38.920483666902285,1.7850279534727684,4.188885802592626,2.2203104581177167,0
174,27,173.75451520313575,57.44057070287798,3.3655841533779505,30.85253604177258,2.242878330791566,0.830659570421993,2.0784408835102193,0
175,25,163.37289560672238,73.80835159906434,3.51084676489127,25.096758487230247,2.159268294264785,9.056118097922978,4.508255374142871,0
176,23,173.3835620552139,71.86295262469935,8.436095232927043,24.94307376305686,2.257441721280205,11.298222561507528,5.394101957679453,0
177,19,170.3559821859009,74.21309550012082,-0.339185534946739,27.535278966932058,1.9630590693943197,4.876255613062391,4.783762524491169,0
178,19,189.23898937246852,86.51478364762687,12.844371334149985,26.80249038989125,2.180774080393502,11.477363463809876,1.9308040807866904,0
179,24,186.7111906473757,67.35053020249535,15.994185480812714,19.542480588731777,2.779390828590141,22.667620889280037,11.85902849464215,1
180,18,176.07525000430797,65.13395960135095,5.5580972853229,28.932080848720233,2.6161456070259788,3.8586322875009467,4.851821934202823,0
181,18,162.21264145180743,76.40776956902397,4.8627649984592844,24.341841305457358,1.7562362689634043,3.1086246374435675,1.8586671876196434,0
182,24,162.74107736560055,48.66156726920983,5.713885187144142,37.45220342577891,2.631589228837494,9.911247223978227,2.4313580593994883,0
183,26,175.15123261584554,67.15777541053386,14.687824093955145,12.884089167743939,2.7506623743815557,13.995532779072851,9.770349771974168,1
184,22,178.36322969321282,68.38962772857457,16.481513151559792,10.773769428958989,2.9236189772130614,10.631405395491045,8.314582368571378,1
185,28,171.25377180673945,58.9556966043169,6.389011165008621,24.958867462776205,2.4104238051465803,3.322508494822375,7.1782946032729145,0
186,18,170.19830415792765,82.68470813627893,5.223951703138122,29.815578138722618,2.037770416518488,3.6190797122769105,5.0022585521291525,0
187,22,169.07200766821353,57.25311619188059,11.632626942792555,16.41001987342752,2.4242147032056067,9.686161084494675,7.910063974834365,1
188,28,174.76606039756055,68.36952341963445,4.62181679086622,18.551753539519236,2.367156775562778,3.859889461131939,3.9795887992181345,0
189,18,151.17237647926936,73.51788670387562,4.5127292991182975,38.076375552303205,2.1013866662435077,3.7856138617391206,4.126766785275437,0
190,27,163.9867337123029,86.24141873771342,7.8344252421676615,34.45322230461274,1.8223277465561556,8.398414091524423,2.54321937351658,0
191,29,168.72949154552649,69.87332278142976,6.483891805702155,26.01402341927006,2.292714013300775,9.79219187966487,2.1748236036447466,0
192,26,187.0750319495192,81.23384312953853,11.616319198837918,14.725463815658125,2.767581614111302,11.793831165569394,13.438445285582619,1
193,21,166.86186358071072,78.40714476732553,16.942252421460534,9.526739844668757,2.3966205069810598,19.64802187621079,7.022928520020988,1
194,26,176.80468141831207,71.48149067402971,5.486840486796937,28.433488497071984,1.3538808278625616,3.468174502107262,5.207562939105918,0
195,19,177.26542750930997,56.925839100718534,4.9532281088852566,29.778344742816145,2.1340945151029556,5.239745791220113,7.030636188647604,0
196,24,187.97916505660763,52.78502966914782,4.028703867277786,28.957886980970446,1.8084242524564909,5.9627901857769725,2.9164535279767962,0
197,29,187.6257740696415,71.27806481703024,7.810281799965034,30.53120494652963,2.495992891153559,2.0364022695806843,7.34854153214226,0
198,19,174.42497031205085,63.487637513168636,5.5164223567986514,11.614736090137058,2.846329834890778,16.0089446668117,8.846292493403425,1
199,29,170.24515258810558,81.03113310017551,8.456340117799968,17.173917514680372,2.955841809636795,18.241022118123723,10.876753781025002,1
200,21,168.3616689717431,78.95027821718293,16.661451296505042,15.799241734874855,1.9118315964259494,4.193588348468453,8.330185234700071,1
201,23,172.5893677753422,67.7846680667554,2.570858163646785,34.81281426356226,1.7004677441369846,2.213220552617809,3.108409372346366,0
202,19,170.659666456764,56.107444912704764,1.5509545880276736,36.20307281744144,2.486977007158416,3.487613979045009,2.9925553263410927,0
203,19,180.5362740935823,76.12882659528728,3.433206938525087,43.760283672560426,2.5974111255250714,4.781426933476835,5.051874560509301,0
204,19,179.20309817485204,57.784606646378194,13.83301025350307,16.154894651300093,2.741117888525761,9.313116842967691,11.4792669725753,1
205,20,180.91801191145015,60.89843292482962,7.382812613440217,29.214410065751373,2.4771210705720916,5.714513918418885,1.6140532579617264,0
206,22,187.59283711436169,58.24701114141814,6.2827135502432325,17.589506484055065,1.8292555403982398,2.477684330304125,3.214547523148365,0
207,26,193.62869121400178,68.33798773672056,6.812739467119993,30.765745781896044,1.7608659301325058,5.66189241292149,3.257075957824629,0
208,23,176.24663393407556,84.04230800884673,6.290445717787396,25.258998509166137,2.0122774246186768,3.9437367576383573,0.4480355060762147,0
209,29,185.99463771395654,69.93950955731765,3.3962960119426193,37.617228974124764,2.1304823115103697,5.9742747186006255,2.0381065459732612,0
210,26,171.48339816165785,64.68137569086765,6.0798063616848514,24.12692514990709,1.8818039956270638,6.741703061106844,2.4583727387718213,0
211,27,186.85006983583017,51.69262083945707,7.001023813069206,19.554084810163694,2.161330457110545,8.627691941671813,6.867250039641893,0
212,22,185.61509157175846,76.62549501675812,6.885728324533936,25.6436812964874,2.091916844622024,4.927140512989922,4.382901431914705,0
213,28,185.0841596994299,60.635144728856474,7.972283428686607,18.12256114391431,1.7005079674126835,9.9168815827995,5.324337507894999,0
214,23,175.94069841191524,71.41021142989716,6.77075961800266,31.75549727253655,2.1556379052355163,7.724067987608574,1.002729005701576,0
215,27,168.31641836009112,65.74937660900031,5.878620518853957,17.674584768718397,2.259058472756456,2.8776813655634363,6.388428966027984,0
216,29,161.05471562134522,80.05812663519325,7.675375595791069,28.142287905915794,2.0514407952771174,11.629566997245393,6.602204126048186,0
217,25,174.59962792478902,68.11316329565737,4.933696851877349,17.610940900719015,2.3457944309785077,5.980983539810293,0.003310065710747878,0
218,20,190.33012542249182,69.29288374572339,2.7953133719307055,26.39851097731679,1.6347788619509145,2.4946264880832945,2.5893665521683036,0
219,19,171.90155098635927,75.82896576946551,4.5923325901405905,36.21689077902267,2.1403851266395555,9.958739153691265,4.99153114603102,0
220,20,182.85126585460054,95.28328218715822,16.004039734746556,14.378963804701005,2.4607737607877964,13.595055057699257,11.403545291964548,1
221,26,183.43951400518932,80.66136316430266,3.312054312564046,23.68253197517533,1.6657755925300737,4.900924208841318,2.6430105390255565,0
222,23,172.16313779072829,68.93672672381669,4.638703323211206,27.84398255530458,1.810720749878663,3.4890492188732107,3.389001073892694,0
223,27,188.1634483751952,70.03837588738347,3.0189501975000965,28.09008436022223,1.7173819449277266,4.482875127639014,2.8052378779097142,0
224,29,145.91339255519497,63.70168647610679,4.230096175902399,30.36315172921703,1.8356012543776588,7.1441951825531,4.220836093892239,0
225,21,162.77249721261825,58.600051557763656,0.2659633326155362,21.165708183595868,1.9357549067866433,8.833569965091542,6.3943570629238256,0
226,27,165.84367703641541,63.36699055520414,5.533234268432347,30.962836369236655,2.251146345899415,6.711461992590721,2.457915685717591,0
227,20,166.8028497713261,60.73421243545669,17.133176270097064,16.944145157670548,3.219393060420237,18.43166024447663,8.392182681245778,1
228,19,178.36262951185896,77.84042060555062,2.9572784223295234,24.850577238180946,1.5243122879691222,9.494035310913283,2.436655855306225,0
229,21,177.90037803053903,57.14566170557217,17.673434503617674,19.330764215548292,2.5063066712115845,17.386286650441185,9.915452507624918,1
230,26,178.93990572175008,85.99852673656054,7.343925344066395,31.166634130356194,1.7488729599154882,8.09275801510072,5.637189236686426,0
231,21,180.96081494132488,79.02455660342596,18.61087922972014,14.625455245043316,3.439328723056413,13.165515939263784,10.025261762140618,1
232,29,165.49895430854352,70.24602075241202,3.0931880535844645,20.972184730718567,2.1339609520822136,6.293068874032679,5.702819873525309,0
233,22,162.8182393319268,70.00382333758083,3.0771441255317544,23.075034370914924,2.0598831255208347,4.659312305628646,1.3684051835637177,0
234,25,178.96319682007862,63.31262428462536,2.650242247227838,28.993400047737033,2.3282538642564425,4.832443452041567,3.0680980438558985,0
235,19,168.6976792635356,73.24101293617316,7.0736871048293715,27.60466329067722,2.1437009430178278,3.8678404476133705,5.645977184006643,0
236,29,159.2952495463203,83.05710955850307,4.515434653067992,25.104379451821266,1.7416071260908677,9.034562093542084,4.083083681127789,0
237,28,184.71344284541482,61.56212245293024,4.338712896723473,25.595831052440104,2.6535686521974986,2.8012218856743947,1.8526143076050716,0
238,20,188.951019065023,51.59929493297523,-0.009655911016883678,31.480839985796443,2.05830003900147,2.779303242353875,4.916635878250883,0
239,23,190.5716088969866,78.43861905828092,6.588545075523066,25.411537135653926,1.9557979320135481,11.362980697535328,2.570385482017059,0
240,29,176.8700772147472,73.8923916909256,1.9018540128663188,27.559543779854632,2.289177626916671,7.933542693962995,7.589049696784424,0
241,24,181.25932095972902,56.55761438270585,15.829924208124249,19.801046998955318,2.7768369000492363,20.1948330307954,9.56589324470394,1
242,21,188.6986822336191,61.19930354903059,11.992049986214973,13.147354551658404,2.5059532797101647,5.498030919200669,13.824201741518188,1
243,18,168.58584209976567,59.690748711398314,13.91475892708656,13.35429357153599,2.7256302076204917,9.772884908626535,5.893187831863817,1
244,24,186.10677684054093,61.30561277158901,1.72794900220222,31.917948323993034,1.917463571523486,2.1479279197542347,4.129582700246762,0
245,29,177.7539623414321,66.11580695150575,-2.5487803895520633,24.606784693529484,1.9046717317947812,-4.41554399870212,5.530874988750032,0
246,26,184.1371165234259,66.80143234863104,15.527132843859112,13.445916899267964,2.3061952006310413,13.59787749040874,11.084007372355753,1
247,18,176.86093020875936,62.19047613917848,9.501277953777134,24.09421810934443,2.3214547806743115,1.5741745425160651,4.490997363588625,0
248,18,187.96256709748002,60.90203416600086,14.420109643513914,16.796874885140138,2.6238963182454396,7.490944829783412,12.215041121671769,1
249,18,177.23523762541538,67.25458787296742,16.147312904556458,12.96077322723647,3.315230289940951,7.372234411082115,9.88567427503573,1
250,27,160.16020940532582,72.01229841831474,10.42022602180558,15.137764046823365,2.8058035997050617,13.29001864115962,6.961665045246752,1
251,24,189.5192663231472,66.20444156362187,7.017806491593276,32.311117559434884,1.5098231122822139,3.7552511656390184,5.6468463691246225,0
252,28,165.52469259027887,83.90400428009562,2.5661345007388285,20.918864721036773,1.8725505957423085,9.505858895565787,5.891266855135259,0
253,26,187.53058210243915,76.09705257304944,15.397280929118477,16.81403485021787,3.0924002507141926,14.00366931634343,10.46753505191338,1
254,20,174.0975711855968,50.90984971769565,6.263675397916567,13.804606702572865,1.732775340934321,7.356036809030849,2.9174018100755204,0
255,25,186.76010985197706,76.28473318496624,7.6505247687472,23.95309589458623,1.5719520269655973,4.020158658016362,0.04635686210481893,0
256,26,186.34768614866766,77.26652779102699,11.899150097277694,32.78351593192829,2.0208011485146042,10.95614118578088,3.0095698039905296,0
257,20,179.3014297431537,64.7831803825097,9.709820179491807,13.62980319656894,3.674037958014445,5.7143200066467985,9.0990699215791,1
258,29,180.0853531762713,52.05762895236214,3.727590935731253,26.892433685239382,1.491507968445016,0.7893241113090124,3.3741420656199717,0
259,29,179.22628617192566,70.09680111293363,4.936064219520014,27.888498581409735,2.2460697194917953,4.7486507003328065,5.237112713955849,0
260,20,154.8617524371892,69.90749618221307,0.5773102377772048,24.55557228712297,2.245191861121498,11.762114326763358,7.971352822029679,0
261,18,176.18330218898203,56.54024516160166,3.2632171722773546,29.02379441200892,2.2862255306469885,4.392983279389737,4.247058403682186,0
262,19,163.83935823928104,52.58536940488077,12.39390507995871,15.627891843873737,2.1230916673426683,10.344420230900573,9.886996654446,1
263,24,176.71187143745664,68.94935744255872,3.6897790051635186,19.920566062947636,2.660604177397885,0.6742689316645727,3.4815563739918147,0
264,20,163.57057453616784,67.20307369539013,5.380887180084305,29.49823843918674,1.8931723854142835,7.837788755811135,4.2487695338154285,0
265,24,163.15048058773925,64.99281561613128,13.395804450207132,17.85843916254647,3.1312235259573233,15.191901018327622,8.095421112691959,1
266,22,191.04934501753903,68.99907118304127,7.802576668311179,25.924498555183153,1.8750684700255924,7.36722560419973,4.24039711749211,0
267,27,185.6944738812419,56.76668351415617,5.0005176622954925,31.503503060602917,2.0005930534267433,3.112337981457913,4.9016246726635995,0
268,25,174.95857415055846,64.78215264560663,4.976749197153464,42.07327222236276,2.4598620066908934,2.879879694880983,4.419372127148976,0
269,22,176.84768650249023,76.39990036737217,4.180263208717705,27.47828603506554,1.5964956548207994,1.1206332487850887,4.915083868009562,0
270,20,172.5208397425699,65.80035903578454,5.387976709647448,29.966535250026617,1.7416850983503274,5.251617505282801,4.867495218697071,0
271,26,180.69876375979524,49.93633033848938,11.810530544716647,9.513305211078137,3.0916254580009457,15.871177876013704,10.266974392349624,1
272,24,168.23945633451194,64.32769266731714,15.38531236703093,12.162235990289814,2.9404661870508333,13.595968630006782,5.614096456862379,1
273,22,184.93740262867956,57.15809843791767,15.729105651989586,13.845805216497181,2.9366640927810503,16.200196166213708,8.787283912417893,1
274,24,172.4691315898589,73.20563555754077,14.912358180383675,11.864985915502286,2.6914740087726807,13.298632942010073,7.994499080320845,1
275,28,170.8015300416877,73.82604884056511,1.6353226913169627,22.901523401455716,2.10236475274761,3.3860644135341347,1.7910963442900076,0
276,27,175.21713018484843,50.09470449896763,2.9518553506962557,29.031808856627254,2.4500823827002964,6.399333790520783,4.867083220945059,0
277,26,169.08853170074389,79.10815564698626,13.91056075152994,12.777812882052533,3.0837410057821266,10.918533212955321,8.449379033950603,1
278,22,178.28682349496484,56.6537643846573,7.185972951781819,30.243178822572638,2.3076896341617745,4.135531908466647,0.6360624320291786,0
279,24,169.626374106866,88.71018748578823,5.656403322504812,32.80993594535921,2.792603573147786,5.549038784934446,4.956075630384567,0
280,28,179.68523602818837,69.4146848259926,12.70284983769863,13.417277152974945,2.630443983071059,14.74782652839471,12.454996749142428,1
281,26,187.16006538911478,55.043278017530056,16.700945487269205,16.2698130450007,2.677924461807699,18.144244726838114,8.693690823325683,1
282,18,167.80678313191825,56.296167151687825,4.656570529001509,29.396339191082628,2.2167340955662937,5.451807478533901,4.476997851346108,0
283,21,173.6942454270483,74.17714350144814,5.976162124822224,23.24544635156384,1.8904157425388346,0.49085942192755816,5.77115416339009,0
284,18,179.61330713035423,65.30440132121947,4.741945617668759,29.592605023994373,2.7163903116574195,7.987081263111087,7.563369572933703,0
285,25,170.64142645018592,68.84015308458231,5.663405873499071,23.04151668279845,2.0540213113087944,2.3556988843190134,1.2706473481989167,0
286,20,179.64320560826664,89.35336279236446,3.543103355971045,24.83559862557604,1.918120003932346,5.270929397619305,3.8950522878739013,0
287,19,180.5539886065174,61.6090712292511,-1.0970428956910725,28.946641536461872,1.7492932984939893,8.493235221605811,3.4473294099115654,0
288,21,185.83261776294304,70.71955429234848,4.664302094534239,29.48622136690062,2.3291660574819315,7.777030273141608,4.867499371921925,0
289,28,168.94009953915088,87.03813384847663,8.556870340249851,22.053837674614353,2.2601562238483215,5.103000165706506,4.431337541867237,0
290,20,165.57224759769525,73.2461617055968,7.315538505603981,33.26992885591438,1.850793688575772,3.9125029913537945,3.29490751452676,0
291,28,171.92422610436256,50.72076717570393,7.413493711477926,30.860031391502364,2.172935403536727,7.842535725726702,3.118195622778289,0
292,22,165.32247660452902,76.06466814078564,8.090326804515545,24.47635782194558,1.5474332095361432,7.0240849334258595,1.767098289631905,0
293,25,180.64498204047496,56.04396570659867,14.268876618710895,15.809315185691208,3.0438104180834404,6.511683250921544,4.207140812494631,1
294,27,163.3824869982359,86.88169034479557,5.493289268513989,27.275477104592845,2.1358269056230084,2.615319058994929,4.918408363199059,0
295,25,198.3301641825269,60.12558874002427,3.4558702614141246,25.770281430694197,2.5121989428677667,-1.2170655450879941,5.835536395590275,0
296,28,187.9592786157375,105.63411409294798,4.209817859932375,28.565702285265115,1.7687543591813932,5.462095525050763,3.3792077270489727,0
297,24,175.12575769600315,87.60851185993214,8.551963354690871,18.10062197613913,2.8165149822349758,15.202807790182307,7.992642183060751,1
298,25,183.67394492997977,60.440649164464254,8.009711092922041,17.96271569627495,1.7313716117224875,8.408574123927627,1.8433698667415443,0
299,22,158.63198135689208,70.24016566001933,4.651384310797501,26.058265308494207,1.599029449905524,6.0771652804411005,4.717835167481319,0
300,27,200.23373331399557,79.04373137960157,3.8745268378714712,26.471904444658435,2.400997207327695,9.002687582518071,1.9204135509435307,0
301,27,169.0978538779951,79.40392569072048,5.001319897141493,31.168305123870294,2.464591788507211,2.9079073162514875,7.6973261379331,0
302,28,173.7950258610064,75.30803511971436,6.503016872322787,24.50900162694475,2.0960649733846486,8.414450992902855,1.384714837813119,0
303,29,156.44066712811565,85.02590844359332,1.3903629596661453,36.39337336686283,2.366388483705544,3.4132508626860343,4.547320238425003,0
304,28,179.86287304740895,68.52437264038757,-0.7404523828430953,18.441797246741217,2.0401875141740704,7.332788185376817,7.133709414427573,0
305,23,163.9365584292289,65.5993879770876,3.623657876271041,34.55583748901312,1.9714665056897702,0.6237248224079197,5.198179518527618,0
306,25,176.0165576156603,65.83763214490467,15.505145765168743,16.23999593266222,3.729869322341127,3.581668804938671,7.787714064502801,1
307,18,169.5572556707546,80.30047878366553,3.7296495058817225,32.29792436171778,1.9068827025867303,-0.9540638243377302,2.063032706076209,0
308,23,164.22256065069655,74.38217248363175,4.630549202956321,28.399007420293664,1.5356595331072906,4.198587542174736,1.2364616228645922,0
309,23,166.95638498237383,73.49540398828307,13.09335248962754,7.195592543845501,2.8338073903261307,12.212237251730476,8.606665983958552,1
310,28,177.25788034085522,79.54281099108618,8.631168836176863,26.063190177235946,1.9878998269357868,3.4370943463067127,7.012294481549893,0
311,22,162.18509027131176,45.38737110575374,5.8168619115058,22.50689787411094,2.223608217223363,1.848687113732098,3.122300019043657,0
312,21,167.51188328976423,73.7208258865018,5.751185899027071,35.10252143635532,2.028057048931583,7.538355407887801,1.721876984767298,0
313,18,181.63273381264477,72.62282666648458,6.555517860108505,27.432596770589296,1.9511888895292724,4.68961163045923,-0.916338861098037,0
314,28,201.02479874874314,90.02569697560847,14.181810600325548,16.678439888096474,3.481640831223647,16.76504272652733,12.843715960568941,1
315,27,179.77588819553006,51.656944212835995,16.564240270254526,11.544468157640935,2.7539561224307043,14.700548225627683,12.649342161831239,1
316,28,165.8273835782271,88.68623958852109,4.810589283661351,22.840223789527826,2.2214711692448486,12.910007425836765,7.198246481673468,0
317,25,171.3288582992769,70.90490954709598,6.676201543103032,30.977454488196287,1.6569983026748418,8.460508549344631,5.346267384465937,0
318,23,175.31589006152578,75.86787436792054,2.3203569173996113,25.050526217685544,2.0262421261042216,8.487721004563522,4.610170809413506,0
319,20,171.50575049364292,90.11102545131251,1.1156030849598393,27.33915322177814,2.0699128854588453,6.306638956977092,3.1997606773977383,0
320,29,184.03058166736932,76.72913521606688,7.044724145062572,28.361394826921444,1.7845805649145208,5.499455817731441,2.8336685654880873,0
321,20,177.17473483014226,74.80441947355074,5.941023815243792,20.498890692765322,1.8236431085276,-2.1882468649912488,6.811295195015927,0
322,29,184.0785238490987,72.90749422962782,2.744871114106224,24.105814785897827,2.0691832546298645,2.9630589606106037,4.401477081516779,0
323,23,171.8555620970237,64.19826238006748,2.825842296813264,34.7553644620657,1.659973694512213,3.5582767603925767,-0.20520138384204412,0
324,29,188.25500219721258,69.65813050587529,7.813586961036924,32.43095594292398,2.104977114574818,-0.6246761921425996,2.6529207042055143,0
325,24,173.33514415718454,61.41384680652702,17.87863985858131,12.081590120770361,2.9600943422107098,14.532901240460374,6.028130329868227,1
326,25,165.28810130862007,69.46519720689422,9.106682383139908,29.215617292564467,2.3188561079099648,-0.9425094127679019,2.9074719816450703,0
327,22,196.77320381042222,41.968831635338844,2.748448163380328,26.52878747181771,2.70134832361649,4.885028492907883,5.125821320570171,0
328,27,156.75022253038884,75.14847481081058,6.595979814020957,34.78291692913991,1.7417729594894542,7.456297912546448,3.785110236411501,0
329,23,167.61261274695073,68.53915295459649,4.178453810627539,26.99823711102918,2.1602623587124024,8.320323555872985,3.846269185992676,0
330,29,168.72972148169606,65.96555515999883,6.507968577705858,29.15921046067424,1.7819774285353942,6.244353386237723,6.626946322650474,0
331,18,200.08306273056564,72.63709700728172,3.6397149947145184,33.73015072071033,2.312286252139337,2.109810976404293,2.607077820426623,0
332,23,193.0685888414651,52.797232924414715,14.76101505612903,13.86744441302493,3.8157526491131444,12.653441419663203,10.620053405169422,1
333,26,189.93928143642196,93.15123995945538,5.102297938489303,35.79394592248447,2.1441760275283137,-0.27060609820450576,2.657384817257828,0
334,27,171.6934133762367,68.7667904621488,2.4945313605463184,20.347692951283115,1.7381033099331942,1.1930522682365048,4.1783963932251424,0
335,21,199.26178003841775,68.24986680433372,6.852060863550315,36.14821065556399,1.9379046232704893,2.333420905892976,3.437592809194466,0
336,27,178.6835200384097,58.415245478404934,3.716966083821037,26.136622080240127,1.690692417455808,4.52075450602524,4.246838267001922,0
337,18,184.77263370303123,70.28735658939114,22.411954548333963,14.222923472085922,3.4693455784610094,19.01277920826234,13.838934511779163,1
338,28,176.79695381106208,86.64351868327937,2.5141265634787193,18.549949144085286,1.7489058936681239,6.016927681004784,4.867670480177753,0
339,26,174.5053342867675,82.4309945131844,-1.4058341469882762,25.726026413111537,2.1655892777995485,4.303179491601582,2.4937653387588403,0
340,21,172.48221326073622,80.25325301368667,4.522430593499577,22.80096734486558,1.8967705915213,5.031637135223077,1.7541706451048587,0
341,19,172.90360006580838,76.55678742000725,11.03153855403229,24.961768273132638,1.965658288460341,8.420751658013614,9.006343581811421,0
342,18,181.0849164867808,65.69748966924868,6.96151071974506,27.3134451710556,2.0443267722200384,1.4593047973988895,3.032031320798894,0
343,20,178.67199798775388,52.598041995559576,4.951849050664014,32.78895807236453,1.7714525985023455,6.256113734877105,5.398424877343973,0
344,24,174.68528629796316,67.58753473760038,4.342772926979331,29.038016757003128,2.063110134062266,4.95808031457178,0.7847173789536064,0
345,28,190.09523992698854,67.16954242559588,5.0561647320301155,29.53838326700557,2.459100369306323,3.9995411570909143,3.4407745601906465,0
346,27,145.3324693125927,82.58553327605489,6.367797787938025,22.522403055772187,1.7665715642501858,7.655768962597881,3.745601232035114,0
347,19,180.09887247921196,73.71268530951784,2.047967961727888,23.596229551986347,2.3515430429821533,7.637042463671023,4.945630139855665,0
348,26,182.1773870665898,89.34773833484257,7.78580423667218,36.993625091756556,2.4494292900463353,2.1605276120347154,-1.4449082819838779,0
349,29,186.4696286825517,84.3698624804581,6.78845328860311,24.323994826183768,1.7551535032915868,4.453518248426228,4.3322812261566614,0
350,28,174.35128558946639,64.52205268595085,6.795464314269836,36.28104126028648,1.5634836184728345,5.843635047752196,1.7005170892642143,0
351,19,177.07920067383958,48.45844964056158,6.0961893470243185,26.784694005595668,2.0905882700515295,4.180979755932246,4.648691422389848,0
352,22,184.8594838331472,86.62690280729777,15.476722639823496,14.849717420082074,3.1375358038566947,11.26179423125622,15.0406628839461,1
353,25,189.9116640428018,86.31262267876893,6.682153089917049,33.35182580114965,2.5605809657489007,5.843576053730827,2.289034608148837,0
354,29,171.9946401482123,53.60546090917329,6.479535334353445,34.35946210969328,2.0104422621499496,10.497683721068038,3.4527447792134636,0
355,27,177.6697578312756,88.11088023793,4.11489822264744,27.44593719860456,1.7593401775894462,0.4091625922106372,1.8953410607936094,0
356,25,191.78573964348757,74.58540604711021,3.5659955677577475,26.058784732392304,1.6558521466964866,4.6326920307578074,3.0489311065292903,0
357,20,153.7597292412115,71.92822597750784,5.254640738154967,27.720397757388934,2.326971487727249,2.274492465463427,1.6132484629133694,0
358,19,168.09987400185415,89.37739905096792,8.87255037873797,29.689787641160592,1.8286448077747441,6.812322366317132,0.333659096602545,0
359,26,189.65835978602962,86.13622207876737,16.090900244474504,16.893887596140914,2.523059690306482,9.888023912937545,7.166996627731113,1
360,20,185.92537833608304,77.81597142394244,1.3311868356189,28.02114929497076,2.2867408235337443,6.0389381306746595,1.4079026143521434,0
361,25,180.22445210926693,75.6786047897438,5.4119021030912915,31.094431490115767,1.854722494420751,3.1098547059549766,3.642638224784033,0
362,19,170.5140312689088,77.3967314863643,5.127219254640045,36.1917986613547,1.9862213513779519,2.797514401636958,5.50578216298757,0
363,20,166.1818150101458,65.1993107934097,5.4333541609260205,29.906548061323925,1.995029477053244,0.6605053893779385,2.7701117949679137,0
364,18,169.08784380757626,69.33878260321215,5.609882994771251,29.55826428002389,2.2049973534548277,3.6047721613969816,2.3496682005089244,0
365,28,190.48008220818693,59.172194144865486,13.394248615006456,16.72905180253662,3.1631849254508193,13.23890711654401,7.712888255722003,1
366,23,168.71557310844653,66.00352269113297,8.724658596505206,14.846349315854683,1.9339658806235513,4.924433949411561,6.235867645454304,0
367,24,176.01422964239657,65.6003934559728,10.163037195866794,12.169496420711896,2.7502856891350254,14.3585569254296,8.256137378016332,1
368,21,167.46292355138254,62.37633556454003,8.95982191091997,12.151304543295826,2.715446308072812,1.3926877478202044,7.560095561553821,1
369,18,183.42774030099028,71.64095803178155,4.741863099627381,25.42608662542629,1.5567162779241666,5.791266754467728,0.5350108100653452,0
370,20,169.6127371965356,66.11222979159308,0.8920279721145814,29.217651020931722,2.0772802572194387,3.323601283812978,3.21359799263562,0
371,26,174.02406109845586,76.02681664422369,4.560363988919822,27.697981354015457,2.5676575282499203,6.401756645548369,4.068409369076151,0
372,22,158.16617866957174,50.53215264047482,9.153675414320045,33.63890125316949,1.734884257792681,3.3671115610571243,2.2907507164898684,0
373,23,158.8663176379506,68.6397424707124,5.052216220739904,28.43055434129489,1.768091087119189,3.4867319501084917,3.086016332349537,0
374,21,175.07673193321506,71.57861968212995,5.576752264296709,24.265383574649164,1.7387816685068775,0.4403216011430455,1.1835464633850998,0
375,18,161.74842844802237,66.27244912195744,1.8495880870685495,32.95083119479644,2.217377533616937,7.778772473253177,4.154157222762987,0
376,22,196.05086639334502,67.93128760228923,3.4590964799013064,26.91434462526899,2.134545636258932,3.841992273051682,6.111388497766299,0
377,22,154.3847688788775,50.97704787124171,11.591473791877966,10.05029344710971,2.854940991762814,16.670967702111117,9.938466710300538,1
378,22,166.99824701335896,74.2777252560339,4.205712258109415,25.612946469035997,1.7245942815083106,1.8921142141800815,2.7546564668952342,0
379,23,175.1670086726755,77.77127179080485,17.43617920447058,20.314563312992924,2.726341673726719,8.582026149047783,13.193532921094494,1
380,28,171.34867062204216,75.9224475304452,6.394227651812812,28.42084115092848,1.5306133617992588,2.714176285594749,6.424181438645473,0
381,19,163.9585454333608,82.4647247133062,2.22135510765742,28.064143217718424,2.043027970057248,4.574873834894527,1.0136203755821374,0
382,18,165.42072160504733,72.41835526939002,5.616261946080012,30.399135176834164,2.26145731582638,7.633478093717377,3.6624305251681015,0
383,19,165.09345922500762,75.74417416781125,6.245554371241963,26.656771233451288,1.6246402590098967,7.3722779366975875,4.5662616446390505,0
384,27,172.13278305179938,71.87308886148223,8.241104385650878,12.22159852334742,2.806410112918064,6.642042533885364,12.203993334176916,1
385,23,194.51929089517424,78.25060863510993,8.951351716420934,25.836130582058058,2.473831367508458,-0.3043930981201548,-0.9535841337541742,0
386,22,175.7793729655821,51.073244366414535,22.539133422187454,7.992684772993123,3.1894488997711385,11.536011710713865,8.80836650150596,1
387,22,186.82900489387524,59.27702838426387,2.9728562219741543,26.513119603784467,2.3407843537831465,10.237576910819408,7.038672702181288,0
388,29,180.06976345828141,89.0427958843971,1.8560553527134593,26.76808298742726,1.9538007004406506,7.168024474664895,4.233323502339007,0
389,29,186.1386239798222,40.474770134845535,16.081640195828502,14.61350531994044,2.4935516677557317,16.340889054646524,9.817900542958244,1
390,23,147.00035697406415,68.31786484209587,16.986954455731077,13.336132288210566,2.3487749780769223,12.154220675137271,10.026676738273036,1
391,27,171.9554197885177,84.06729951529681,16.656250064253676,11.217015757212875,2.923957911752254,10.065365450249725,5.703961879696845,1
392,24,188.07135423150714,68.88087201349883,4.810122440893693,27.196844402372527,2.039749143048694,8.791567817289165,5.819925081721117,0
393,26,169.28264177250665,65.13986714259163,4.20038119186289,25.579130243756314,1.8855531755527721,5.787508672555502,5.280053236768659,0
394,24,192.62473164869613,71.5530601217836,13.780924052351672,18.104111655373902,2.401930416040305,14.414582955842954,5.546320027478568,1
395,19,189.83890153767763,65.76255783997064,2.9121427459249425,27.123107720506546,2.1012446224179198,3.587734702625654,2.6777257756180552,0
396,23,170.30869283872536,70.37019391308327,13.01763723096629,11.99025905058786,3.520572039706595,13.438723390745285,7.8674065543205245,1
397,26,169.96836480953644,61.79942756175845,8.07465115031615,9.132859237537293,2.279364806878667,16.748310714967023,12.772839337729952,1
398,24,164.86394157645532,83.30409303946868,5.461851447239312,29.53490536343119,1.6369517169757526,9.584994690458736,5.0991486321288875,0
399,19,168.70405768136203,87.07917905278794,10.539931124971789,18.901249833911915,2.750045245859973,10.341477964743877,5.920123551347463,1
400,20,162.67410935831086,68.39931613466052,10.137437389744802,17.062512353775826,2.8062791183831033,9.102789863169333,7.625589030474841,1
401,25,179.28811180433004,53.36212695170508,4.524902412496264,29.391743173223347,2.2892467652515935,-4.724541475987362,1.1612312884079188,0
402,28,160.43953506653565,63.713881956239256,18.872008002206098,17.088570183735744,2.6214717939062617,10.564166459282346,7.834560279685557,1
403,26,181.03733016190222,67.79213607876443,4.5490207955939805,23.768201400565136,1.481245133148974,4.994513723467699,5.4735266903357935,0
404,21,181.2807869690025,76.0664665228385,8.503247887318881,13.676843102689771,2.947004164216241,8.275993153470234,10.00189544902857,1
405,26,158.38795594816077,57.903841321951866,-0.5296547783237671,25.606207142391558,1.9816707475982396,5.161692041099619,2.741532473225161,0
406,19,190.49818606328338,60.77005217629419,17.292699157958754,20.32229961615616,2.0179804918726867,14.747431644049025,8.80166281814398,1
407,28,180.1360929441522,76.1281136543057,1.4401071188746375,39.74537893350379,2.125040472344934,6.672225670553557,1.4458308753377622,0
408,22,182.49698021444868,81.26690598447469,4.333369176913963,24.4197828186208,2.3501362364009895,6.896648942095551,1.8336231066679,0
409,28,167.41334798457228,62.54087145795179,15.925182346585931,18.571815480435077,2.4328095581557054,10.867392460480497,8.732390106924996,1
410,19,181.2237911847312,54.00139535258805,6.4713831744268,27.68438493444376,2.383572550381812,7.839731010720159,8.233606109927706,0
411,28,186.26393449722065,109.40941841545461,1.0046891202906312,29.978994243548737,2.3248999815550606,6.8121549347648696,2.327610298591658,0
412,18,174.01391600995322,79.39965084506457,9.330910767786285,17.849288638320647,2.7834829251970867,12.133773871892604,3.575114014501457,1
413,22,195.01922459248362,66.79595485879562,11.895213246170751,24.12660734615537,3.022408838736916,11.672422481710027,10.854205481790126,1
414,19,175.44064634912937,80.42837530637007,1.5920649885179738,15.86803964732396,2.28726114898393,5.27337460176013,3.964275690224533,0
415,24,186.40785800452474,68.50652044342694,5.474265419025989,16.06535064902164,1.1862162308568687,5.323098347319855,3.3307922909394088,0
416,25,177.93008807258656,80.40588266920224,3.345044555508477,25.520609139949254,1.9551632920505033,7.994652967915189,5.13126580377344,0
417,19,180.85521532856868,71.91271837331466,6.0647180154825895,33.486500937718546,1.5707506395125985,6.931006259067472,4.545035980459186,0
418,24,158.28667732365227,71.09526277801088,5.04786944353938,20.17175984197202,1.8570338595699427,11.23203031870986,6.060877571273583,0
419,21,178.71053738215363,68.63701758123054,3.396282727389226,12.961838301531214,1.9103539732912387,11.619406939654016,6.582937778130727,0
420,18,167.65024898742735,52.631423998442926,18.774491504908454,16.749252748155843,3.1702688838010884,6.083215926568934,7.625330912230497,1
421,28,166.5360169422231,93.25713879271768,14.438285759267675,15.740702147319656,2.6676900415907787,12.558606696863587,13.992576164351698,1
422,20,192.4410318446598,58.70159295678708,12.497080606061616,16.701779456736688,2.5959356745399127,12.26009852475512,7.571812326666399,1
423,28,172.8622975193765,53.679717084272866,6.799394855370455,23.07230199639535,2.6875733800456056,3.378870983038837,4.978261113298576,0
424,29,164.96698169024503,67.4456814069236,1.7668176053220908,23.15128140182663,2.5602386012484053,2.5955482345069796,4.110341275742928,0
425,18,171.40868371891125,58.46233823787392,2.6089090579549783,28.5526765873697,1.651380253923115,3.8046641750318995,3.9987830353554212,0
426,22,161.99549771078085,69.37944651327675,6.181015694700943,24.868423619084965,2.4746350253910703,3.6600708595561806,6.393254241654485,0
427,25,189.3388446819627,78.25316618274123,8.710290071339912,30.470319594877598,1.880160352858144,6.836809430316178,7.032232360710086,0
428,18,168.04319255833485,81.94363480635067,11.67984678857168,18.32076724745044,2.597613520404858,17.958397637790597,3.471189281256973,1
429,26,180.2929993394367,79.77676865946017,4.217354923692114,23.715740674361005,1.9810178120309252,1.7668377626251952,4.020042303481138,0
430,20,188.56106714210324,66.33241534257184,4.998228513558385,22.36973019544475,1.8020754076238104,6.029475662592249,2.6226111331095305,0
431,22,169.9984731878527,70.59510193193903,1.873980665075706,26.71829660813754,2.295155703081844,6.868832091239924,3.3780570670278554,0
432,26,180.32022432272785,74.89454861076989,11.574831807714325,10.287836530494477,2.368594903454161,10.488940449910091,6.227194792214785,1
433,22,164.6991394509557,48.90655091269513,7.205832655808523,31.989218899478832,1.8570345730342277,2.6388911632001033,5.338876743084937,0
434,26,199.45769569113685,76.84701640143831,3.8697741679172992,18.703316141699712,1.6086231668598583,2.06520305220128,3.77574711277731,0
435,27,184.3638013461662,52.51240854899402,3.8248946306012463,28.22745738165376,1.731921495884264,3.480095498636242,0.1733193305543943,0
436,25,173.07393561239195,94.48415918687787,5.664695574130121,30.791682116058528,1.5075859653193708,5.719618256854175,2.069908838847641,0
437,24,167.27166269111035,65.14581898429965,3.9082006598985113,37.28323718280977,2.0036670645245507,9.456432107817648,5.792999340400332,0
438,28,173.86003447160374,67.7814978736649,14.976479567783308,12.902207454949393,2.5971965362919773,18.22079413658937,9.807158079047122,1
439,18,171.6001627764848,60.76351480914573,10.24930447291629,29.622293021762584,1.9203318462444376,4.337813729124901,6.374854303364,0
440,21,194.52944553999507,62.44035961773172,4.382435748135008,18.980686037188175,2.4110305560831113,1.0019646769243886,5.042459981289083,0
441,26,162.74465277785097,97.28912282971888,4.104149619946945,16.04021897843488,2.3597898718764756,0.04327196793953103,6.632352163060045,0
442,27,176.34801423290205,81.28443626347958,15.084372485794596,18.02998059734994,2.805380145847717,2.9015158751752015,8.434215512557536,1
443,25,174.8166193336629,51.40957065822594,6.860479928749842,27.97219853175965,1.973874582157055,6.6338737234980165,-0.12281084804580988,0
444,21,173.8258969965513,88.05055480822276,4.546939566954743,33.892563448992114,2.5639623648263026,6.348300547841786,4.860725283012996,0
445,29,173.91383345061658,84.31890730169718,13.351493193928022,16.135004094646003,3.974263160931111,11.951825788160274,4.517209412801284,1
446,18,173.83929189879515,66.62545045254053,13.545627550933009,11.048506636397004,2.3706687871108416,7.5169293972150015,9.542613334447298,1
447,27,183.730660663321,73.68036330435805,14.153340151926884,11.612596135498542,2.6284608297575707,11.770410144852825,7.5253667585792865,1
448,21,181.08984446492434,69.82067104694711,13.485492994300289,19.998475621186667,2.966334734514424,11.796796845521866,7.118854155906778,1
449,20,179.18911611372786,93.67095885336319,0.33365012159845975,29.382907527955243,2.2487971317748587,4.260286837221277,2.934327462440152,0
450,23,144.6601063785473,60.444517732094916,7.518784224592306,28.04278040412175,1.8105045426459068,7.205396339162274,2.361467071621256,0
451,28,177.99794874163163,71.75212731730872,12.048778752472582,13.328361816936438,3.523043403107705,7.843555326529043,8.841734675997703,1
452,22,158.44360639829918,64.86225602808635,6.976563997906922,34.77786467855174,1.8909280115254912,-0.5447755902352451,1.6049353774696757,0
453,22,181.46320163135826,52.803515144585745,0.07474045572041099,24.94571180097467,1.9447902802402992,-1.1338870114038047,2.2123671388367745,0
454,19,189.74497367570515,96.29965906065985,23.028982681790115,22.645676348558894,2.6972219499512873,14.907176185607215,8.60218776527851,1
455,29,165.7376088741145,55.82120105077105,1.9720701767980469,20.18482846714373,1.9334655788851594,8.168303755009967,1.0195049534019067,0
456,20,172.38219277657294,72.64155024985331,6.826910297666311,22.1027016774611,2.2908107907224164,7.364874969908011,4.292828583685207,0
457,28,169.00644294947003,49.111592723435976,5.035682669591085,35.17543699611117,1.8105792333300326,7.742231492672101,6.323006096963952,0
458,23,187.354317757568,65.21115352908288,2.615151451508388,26.263488555210785,2.015757910464595,2.038861463191054,3.630246487509469,0
459,19,175.95027885272074,75.06362585720149,3.982409217683049,35.266377380212724,1.7732147879924238,9.847617470366941,0.9885043988716671,0
460,21,192.28329380566333,60.10319224597165,6.715796142391752,27.60884670470741,2.1081325028878317,2.105320099440847,5.679889079484055,0
461,19,179.13754202947388,77.04162220882786,5.2647361327880855,18.790511135210714,1.935043040739148,5.638473196009906,7.3714035080699425,0
462,26,177.4245018063582,66.77150689734302,6.461032451181211,32.4603379986586,1.718227537795398,4.96894313027679,2.707515351706811,0
463,20,175.68206782602837,83.92099014878336,9.941101461288714,25.05053841122196,2.3997654402995385,4.478378539056241,3.0428914665645634,0
464,27,183.17992099257336,86.34113096008268,1.0893959707223715,31.493444067585216,2.2786796040596644,9.01577641488682,5.031321260166789,0
465,27,157.62313801754658,62.95906287123986,11.727528592268975,14.308793050414142,3.1888227862958884,14.795812286869685,8.100919512201333,1
466,23,175.85343955520509,70.92079431271549,5.260889843808032,20.284408860285648,2.1493364928253333,0.9511842328642164,2.960331708549548,0
467,18,174.29953556272037,72.20145071766679,2.7530398791921797,28.821473826852845,2.1612236008461143,5.0599864586192576,1.33510043800359,0
468,28,182.25418827157768,77.43219154521638,11.305093691294754,12.067375211560014,2.176485201990463,12.060111001148387,6.026726594005159,1
469,27,173.12298394125963,70.17258395493118,4.527199023057416,30.464932292572296,1.4917232312014765,15.132148757247938,5.598136146284599,0
470,20,164.61265565837328,72.2825315121141,8.554365238287303,7.568394194406851,2.9695557929775944,6.115494378505928,3.9732586511277166,1
471,25,175.07350674919698,67.07912230245857,4.6811271990561645,33.376717009784485,1.8290903111222805,3.771978274344127,2.8837334806850987,0
472,22,164.17159471131657,71.38287840366422,16.917351365631237,16.1926338639621,2.5845705306813502,9.051882555389211,14.031601529898289,1
473,25,155.74737787412514,85.57528232242159,1.3720607748711027,29.04767115131397,2.79136452567806,-0.6408652317063543,5.056072009095929,0
474,19,182.27122481485492,77.75299889454226,15.309197994466503,19.2324733003486,2.2068062272070326,15.867228417002178,5.055364006786764,1
475,24,180.7906157269467,78.41506767332042,1.8690163889672022,29.16924012894799,1.8841032573658474,5.3448253152773955,4.098189462611343,0
476,26,179.67090943993574,78.67684388962694,9.76625643458078,15.592357679193105,2.346467857277458,19.27908714925039,7.573823273356373,1
477,24,188.0292842194581,68.15429466542757,7.217218475243251,23.819689239499876,2.4169292401839066,8.365067427163757,5.37178091287584,0
478,20,168.34968109696075,73.82592452295437,3.948095515797367,35.122479106234735,1.5964370987574192,5.687284494939139,3.475532861234288,0
479,24,160.68885857228744,56.97791585997106,11.532458504845568,19.746938480709325,2.1491980316533,9.662396093615875,17.30512081687783,1
480,25,174.29970223191955,85.22569187580348,5.497370366991237,23.561152442307296,1.9005943102736453,5.806437069236463,3.934251029695132,0
481,18,171.5249970029409,36.60447481188135,6.091846379333774,32.98816038460122,2.4249235375100877,3.444086007546272,4.080615398660496,0
482,20,166.5770428322993,68.9542192919749,6.010736887404244,26.566028821308652,2.2319719959997277,10.155091987291627,5.789860123131121,0
483,22,174.20150846512203,83.6907517258033,8.089455479555385,31.79757443743054,1.952648747047922,4.43242945617476,5.182181062650443,0
484,29,168.88394853795415,53.633584796447906,2.3223658008773778,26.541206838707314,2.092487619091646,4.74098642525982,3.6871814424143947,0
485,23,156.63994716643168,74.79735901140221,6.700540263626124,27.70086928235048,1.8198842921386682,-1.647467275062004,5.527336299437991,0
486,20,170.5882330920624,61.830802641051676,9.05199926083257,22.764869745854995,2.4725579893359684,9.373503716801181,11.020418388474692,1
487,21,163.63624833296143,65.57436081773358,0.5535310399837083,29.45448528795003,2.022001023433441,7.509452413894823,3.1468007274279257,0
488,22,177.31648071610923,81.35129152767325,5.799129564797443,18.022341097741307,2.2906309687044057,1.7968322688843643,3.7505636835270284,0
489,20,168.43965241759344,72.3766831106218,11.425645200935817,15.92578369010229,2.2656550383325547,12.731977798581042,14.361719893814005,1
490,21,186.11631474141052,45.58772958538765,18.326326113236533,17.585958150903082,3.089654623725799,8.662914627728139,7.698028613352129,1
491,22,191.03866067267865,58.28289352322082,5.869191208845841,27.339317055492263,1.8912957327361692,0.5700283294458401,3.2659547705567165,0
492,19,181.79381373011907,81.70402881866511,3.7819285897161192,25.381343486142892,2.222546688317038,8.173403022625756,3.2191816271567335,0
493,27,159.4897381801668,75.38731261831597,3.3107298020959703,21.20712992371263,1.972409460139086,3.4035683294806938,7.937514618867917,0
494,26,190.0519599887904,90.97762687029142,5.085381043720061,22.60131839362076,1.6754256893860602,3.834295338526391,5.879470963494208,0
495,27,190.75720450373765,90.19177112815956,2.2818851528429933,17.89100680019026,1.8790136624267184,1.6283647846232174,2.478798671149722,0
496,25,175.1879051130794,65.8930584382385,2.2854371777870366,27.493596406492337,2.025358095135297,6.134138781283649,5.141881987884396,0
497,29,188.22926160335533,100.03885366083387,6.6984332073912585,25.007812097094764,2.2730647350994237,12.37961595508814,4.2367001313103545,0
498,23,169.4832486195332,70.29375603822292,2.12801491210336,23.167060545073426,1.944941548352854,7.344491718381896,4.7831023505201875,0
499,27,156.3375406515041,58.44797758709169,14.67217190771511,15.318391449504146,2.4896500707334064,11.669629698594838,7.611790056010986,1
500,28,167.39715561378407,62.39632160907307,12.918092375291245,17.21623108446363,2.8315856182672334,15.07987492534089,8.078854977224696,1
501,20,192.29300866044755,42.919298736526976,0.6854831780235084,38.465989661049726,2.0340368120169656,4.0499613621972514,4.691240689302892,0
502,28,160.08920076388526,89.28422809899138,3.3060883691608622,20.440582902183934,2.055751288670826,9.123454944282678,3.875822603571425,0
503,19,174.99521281931496,89.13714386852637,7.985273507618431,33.79690521650261,2.275961454786329,7.420029206493089,6.084381153966035,0
504,24,175.34143893340212,57.81391073424015,17.348458108781045,18.505822582011742,3.039831016498142,11.843423892126632,11.10609097100198,1
505,25,169.87025756032187,67.26538853941713,3.8389893442265306,24.104536303116497,1.8217367382855,1.9877611011349177,4.242957158658116,0
506,27,170.56478400162885,71.14729052935093,6.1551522331297415,29.016179772930155,1.815156962585317,7.833155668506169,4.628045204972229,0
507,18,175.72249134236202,58.47576337429464,7.573281194138462,13.6795196241342,2.313241315863933,16.300886164727665,10.285058741314346,1
508,23,169.37837658065274,48.93877562474606,15.777969644193902,14.153332072275292,3.345350605415336,16.18910563423785,10.175486123148305,1
509,24,160.7794150283207,67.47570875467706,10.138216878391443,12.489064375661977,2.557937505757601,15.453749120759515,9.06036338874258,1
510,26,177.15031942943455,66.14704684648903,8.555924654246269,31.028031163156566,1.9054754216273229,-0.7187098602681417,2.4976655607522424,0
511,29,185.73366582444973,65.3390651081347,9.347249159493948,30.54304186616721,1.9275708305825021,4.734880137420812,2.002859227035121,0
512,20,183.69572518653422,72.67259275121158,7.447145126954489,25.848453400226788,2.440034767069693,11.632069178047292,1.2160334264058479,0
513,19,166.9026453261019,87.15423590231191,13.978751809610374,20.10786154435275,2.20153647473414,9.496335929261592,4.299121886497941,1
514,22,162.48772084622325,66.36288736369929,16.934717710580745,16.352093924406834,2.432715133396083,8.08698024775809,10.221271150196495,1
515,27,172.1581211784522,72.04531598465636,2.923888983608587,34.03304077431957,1.642725048207882,7.647191269369941,4.206235164891274,0
516,18,190.67791509795663,78.72244628493922,6.306285263164394,20.36416071705176,2.2036184207838256,8.082438030058075,3.457406873704719,0
517,23,181.45598078959546,76.64971511815298,6.04599555222171,22.724553159116525,1.7212590978470725,10.922236063235072,-0.7114069802547158,0
518,26,182.03964676794234,62.626917706625896,12.984039095339721,11.217972480229076,3.1035297664654435,7.764799407008721,6.869953671325343,1
519,27,183.89856951785495,71.15652547736843,14.93587309925166,10.386597957616162,3.078529144832129,9.137948058059084,9.389994677404786,1
520,26,179.20766562518585,76.57047784202864,1.2422992456004551,24.03738276442394,1.8242621829653929,8.097972549866036,4.891519702434257,0
521,24,176.2060854761358,56.45978394987067,7.629869044307297,25.882007091359114,1.9335200916844881,9.361520711365655,7.814981345106537,0
522,28,181.62306896647968,85.16246812955809,2.5048484317139676,21.171912979049253,1.5677055096425243,3.5601060718633732,2.0452717650325787,0
523,24,169.5383389578198,87.17906686256933,13.38764085156607,15.866499901618475,3.143159530116537,10.173209539907015,10.603041640361353,1
524,25,160.8553698863368,61.32663693466608,11.354891941775044,10.89698926543889,3.021427812427117,13.355974055237679,3.6947537230857828,1
525,27,182.22996934624322,72.32404022017802,15.877784452496412,19.40328559369042,2.697079999752884,13.824997954114131,11.98550299547582,1
526,19,187.37738105749224,77.70733908005238,12.774796390013403,20.010639327525812,2.293537341699965,7.394273145984685,1.4523253497315913,0
527,23,163.8176806064397,63.45263012405497,6.516807647840457,24.84987510233053,1.7568414110535122,0.7274971994372024,4.029388191088733,0
528,22,183.219214824159,75.77936614825714,4.54200845319903,31.65977751254923,2.257092661094836,10.734818201189965,4.772332995996777,0
529,22,191.8076571338819,71.95906751550598,6.336264121201376,27.01539096001555,1.9794660522000753,3.0765052118094487,3.6906193377308907,0
530,20,174.9775379824288,52.38498186833439,15.661443815079835,14.998745309552902,2.4085036654760934,8.110807021060662,12.09716819437919,1
531,20,166.81997815258254,75.50993579174269,13.912405644391995,10.272503498316794,2.691035993358525,10.198986448886915,14.770540462810363,1
532,23,176.23018673526755,56.79829100474757,16.862182047201003,16.797895651329227,3.293489711334477,8.975983922173581,6.14087860990545,1
533,29,169.49466031799298,81.27043421994456,18.865726421560595,23.344188198148455,2.4779619275877964,12.895707495786425,12.234376187384315,1
534,27,168.832698900436,61.94546709839334,6.244357722728486,29.91717515701822,2.1823521016205025,2.4470747579553054,5.621827545231393,0
535,27,179.33184067271543,68.06457479606625,14.036234169451832,13.554148933224058,2.5373242617490344,7.528289567853041,8.610980843914199,1
536,24,158.96270524970106,86.4673469613589,9.408573186774442,16.66578415240581,2.695876383491425,18.15678880069963,4.390407928853885,1
537,18,160.56071077507772,75.95657975834614,10.272102179236196,14.784380603977043,2.195983515205899,8.287120130607928,8.145631771453814,1
538,20,175.19290880373944,57.04631296510546,3.456867033632692,33.63954496626785,1.8413159711825904,7.521820138350149,0.6625722753077401,0
539,29,174.77691461087568,57.82100115041099,3.6042456151349236,28.772468327976256,2.2871914467780594,2.524124117507407,6.265852774602069,0
540,18,178.43554577039936,62.808366536515294,2.2496144175707626,26.317237050609133,1.9681728093975739,3.5212451751522433,8.120845396889397,0
541,27,193.7522538848339,74.73572900027999,14.198274737139876,15.784525836095629,2.889312365302148,14.541316780864825,7.653274838060981,1
542,20,176.0451403607582,74.29959777919322,6.947341258780285,27.46367617094529,1.9976933012835891,1.028146747341312,5.198168370589645,0
543,22,180.98172150334796,59.88277234404557,6.1444321653797145,34.101414482088586,1.8836372654412592,10.422892417012058,6.074010648738318,0
544,26,165.24467064385368,55.99348617262769,9.186231083368844,22.61660436264493,2.391821661161489,9.924285883166943,3.4490353696419556,0
545,20,182.67937663516537,73.37900086103001,4.986009952927383,24.18740380426701,1.8525314182943209,5.1973659459468875,4.364560447075739,0
546,27,169.7360913488932,67.81767921051805,6.671854138981281,33.1815144603624,1.576182272329833,9.988794341569513,1.3716009407537815,0
547,27,175.71420832581094,95.88659064937285,2.270747809651714,25.022325324080704,1.8449459350478514,4.519776540175085,4.277270057060902,0
548,26,173.91151374930837,70.43924387875694,4.032250743813997,32.50266538665796,2.1857098839765596,4.2697690922962765,4.996223991289083,0
549,18,185.3297423491403,91.7710339324033,6.738844393914444,36.497179915043546,2.4176116254761273,5.1695319453966695,5.032326045852939,0
550,23,161.90023445625002,55.95539682274792,16.099750554986716,18.33900530529953,2.101241723461778,10.105418169395236,10.820286450619221,1
551,26,152.1676136538496,51.121444725259515,4.265082630839545,31.406811632876526,2.395459120170208,4.354411029319459,2.4503956437289416,0
552,29,172.86567302912076,56.55897840969359,18.26566648094061,8.817080853237067,2.6980212118385642,14.89796424152691,8.070867564580283,1
553,22,179.68531256905123,84.2695573774416,1.2053156332979764,31.773666490339046,1.867020960554629,5.450406961868609,7.79101469198271,0
554,28,176.522693758075,91.0732190763224,4.1074269979834765,28.997119929933834,1.9134274648537697,7.137445293301413,3.69934325247258,0
555,27,187.3220423741391,60.61384655256839,14.520336100207391,20.598378580583173,2.491303674161287,12.967208286222995,10.528540691789058,1
556,19,179.37372674179667,64.47320764288531,6.438012540266415,24.772139639823024,2.025228316475059,6.1645573869642005,3.865979916549558,0
557,22,169.3615166814014,55.97222907745,6.251664303453024,19.694582922164138,2.207273287217658,2.0891860222752836,2.3566383473899553,0
558,18,151.7457984586032,48.26032183457936,5.1244342179524,30.516260323747524,1.866557948548853,0.9414023331078836,7.2470584217836125,0
559,26,172.62687765804782,78.62094037331956,12.6413811351057,17.011137707580776,2.6611254019550947,12.072189009872897,9.098320912667344,1
560,27,185.279590022578,72.67624363554596,3.3491971513163823,26.413247538787324,1.9864631329027844,4.486231085525197,1.7454289525861402,0
561,27,171.07952217332885,70.12585579208651,6.747071050506337,32.70590933209985,1.722233028832655,5.262174286760365,3.098519445394497,0
562,26,175.28320263677765,53.19932155403944,6.052432360973475,28.95948867936518,1.9658999932755694,4.9518378822542415,-0.0034120034510669583,0
563,23,179.21360254306708,89.67948018194393,6.2300471199819984,37.74171322394906,1.9569021410308645,12.7507209804997,2.6974250700336366,0
564,28,164.84707625750184,63.959719143406325,3.684912893331049,33.12554576290887,1.9504758304990861,1.009321233075986,2.0637428042953467,0
565,26,181.23235896638818,76.4035170977977,-0.38335729967811094,24.730508058372116,2.0095278369744354,-0.9698388094633739,5.234857261854649,0
566,20,191.37121790001706,52.54526313706331,7.7428817793842395,28.136566899257193,2.022702062184016,5.997130500558829,2.653171520880255,0
567,21,173.27186648106593,67.71369772455955,3.80290635997899,27.76314648727782,1.870311446267801,3.870732336235414,5.775607871157697,0
568,23,163.70935578167698,73.496493474863,2.8430605898921986,20.089116183269365,2.3818144201913793,5.948203609189854,6.796967986138643,0
569,21,174.33398972978026,73.92490261663968,9.215924555546026,17.715725160237113,2.0004444372554997,8.398206154487893,10.827716492669259,1
570,18,152.75615891391132,71.8557825188395,4.019968400202176,25.1961954651007,1.7837089674590312,8.852314085536692,3.5692234222798467,0
571,24,178.36903263976615,75.93426990458528,7.6498409601165545,17.818897485720317,2.8339890872670668,0.4783225388481851,4.282228993411186,0
572,22,179.52274377648578,56.433754527604464,7.6930684684699315,13.63636849061568,2.950182343050901,12.50583687624276,10.439819223444836,1
573,25,191.75636293845562,72.36847126527591,6.708923308001194,26.754640776734796,1.5938735975870724,6.286283776642291,3.7324412549575205,0
574,26,173.06005207433375,71.36509220176333,1.5851107219986642,19.63553049344213,2.2203430235003654,7.311390787061679,2.279123063866334,0
575,22,179.0848533814647,72.78007221034073,11.982213597456482,12.62475436772518,2.5841635117051474,17.244649186414467,2.516088341092914,1
576,25,166.38711897614098,70.86814260783018,4.931351977492815,14.337474358729471,3.15796422241073,15.456279928555787,10.447601129463555,1
577,18,171.43572879474922,54.72144671303923,4.076807151884492,29.135172394324446,2.6437474775229464,4.829634212341169,4.999643271947619,0
578,18,159.74814563337802,54.186402974692314,15.371314018908913,6.485063622340752,2.438020866824773,11.075761852636406,11.242638377359379,1
579,24,173.05210378716765,43.42878176938538,0.5594119177542005,30.957210758759274,1.405410654278386,3.3071304418429426,3.2775396141712543,0
580,23,171.94690846481436,79.81041411814357,6.021632028701677,31.401101802383454,1.5502456394126907,3.2218915311286804,4.24498185074891,0
581,22,177.99199766088896,79.93189011682239,2.426571229544821,29.537017848598442,2.269507870504096,6.965700885541282,4.174714850520528,0
582,22,168.7640311966736,80.12260349466544,16.02752024860381,8.250622611557159,2.845640596890608,14.654585388131366,13.241308944873776,1
583,26,175.8334535097509,73.68147954953741,1.1941020344552724,29.383003827555903,1.8462233609064473,1.0290512874734632,4.490583485273871,0
584,18,171.66619944392335,44.40256938738267,7.781720937474813,33.977403254127395,2.2049637212003206,3.6922955927287013,1.5149983261612254,0
585,25,171.68500611700486,57.679474098576804,3.4268415157680283,25.01685470694135,2.4170765982535967,7.6326426603542625,2.110182554629866,0
586,19,175.8036232596303,72.04498501111735,8.834319274791248,38.489696695662154,2.5362039243289476,6.054987064922177,5.291595283207423,0
587,24,175.4052294231701,71.62621603350155,3.6604963423692554,25.37184533007308,1.9260994156460456,6.7059338480383115,1.9686735382403482,0
588,23,182.6117403905164,67.32702144217575,0.731605106017633,28.162035066700682,1.309558484699004,6.148765130171789,5.076423210984514,0
589,27,173.79356965870164,74.42700643489896,2.2086889001283523,24.637572019968317,1.753736323277094,9.879292203826578,1.2610724506878839,0
590,19,171.50114650876998,70.13982049222295,8.089529050017347,29.116354179601306,1.8719587415194228,5.70812919147311,7.529651767583472,0
591,29,173.19192554912775,71.44924558661634,4.610254555158331,19.288891536823623,1.922318361026483,3.841931606387906,2.4514601551918904,0
592,20,167.85335883159007,62.33121600601581,3.6292817587734976,25.269791005916396,1.9436421796973842,2.2527348765993183,3.552666856393112,0
593,21,171.40088906433328,81.78413183345909,5.400045564631969,22.539393998257164,2.3356683793792006,5.748828374629135,4.661226522180812,0
594,24,195.3115871307323,64.83074069583539,6.254456840418863,28.676691739461454,2.3823285280062745,-2.3221120443252516,2.8693000949978114,0
595,25,165.87321239304134,54.03221100375248,19.14909614622763,8.269365223509258,2.972652651855039,13.881931984516426,6.571959945615359,1
596,28,172.2134366612069,60.74801184617526,8.621248074732316,31.230030935572756,2.3295454628155454,4.382480420235968,5.150713449040252,0
597,19,171.1251133673031,65.81840570365624,4.100578385527285,16.14170319570554,2.1072984099893266,0.906587439148157,5.921226465006971,0
598,25,172.528283877556,81.92803346042616,1.6848807847949043,38.2103482646394,2.0193517918587713,2.2152024840320124,5.582994871945914,0
599,28,171.68760691121605,69.49278401878249,3.96633709719181,29.47639970310434,2.271963247132989,7.428972590444724,3.656379072394652,0
600,26,177.79240101221,67.76622137241222,5.650701266457215,24.117504297535,2.021675614471375,5.692135247224888,3.7067364519127954,0
601,24,157.89824898608205,55.01603890284847,2.5906026844734726,28.785639594954706,2.6173433531293284,5.305365001121983,8.698217116050065,0
602,18,185.37171472532003,79.42579107795491,2.6071227127623926,28.880949112513463,1.5684766499616323,5.919042601796068,5.899778136498584,0
603,23,181.32582799642196,62.17657415171937,5.859469703874714,24.665756415242182,1.8454487302723948,5.277882763846771,2.156352687359573,0
604,25,162.57128413936866,68.79966569270397,4.878369121073872,28.98958333671038,1.962044330913815,8.728587688574944,4.199976327531104,0
605,22,152.309227270476,87.76219692258238,5.081992488528966,24.962638561898466,2.131835807137397,5.370287545110946,3.329713722443615,0
606,29,165.229278538586,76.10515997259165,3.103761663249826,25.978190036549886,2.380388146130927,0.625360658543749,3.7293315321537808,0
607,19,172.57333538572877,50.46095142741791,4.423998214485581,24.568604321224576,1.992680429829153,9.890389894623231,1.5410096845838241,0
608,22,200.80291898690774,48.765877163770334,2.689417139329239,20.836643551301737,1.5733311051481378,6.1110208019865375,3.1761535312280937,0
609,25,180.43256964974273,69.22827459856904,7.2254960278119675,28.72918235107692,2.252754168936501,3.232238807614797,7.623111546387826,0
610,19,156.92410350818542,55.44711262150234,7.588123336809382,30.92649718258169,2.2264876298425893,1.239794845114944,5.158152601751006,0
611,18,168.10344495099056,77.78256097159597,0.38453034440476586,30.57441798038186,1.4174424021861782,6.187742662874136,-0.9823228163029203,0
612,21,174.46787563727017,70.50715677957974,11.627996205867628,11.78870222419663,2.864679410681901,12.31202967391543,13.542842207161451,1
613,21,177.53683554298098,71.98461722828635,1.2586768622748021,29.621701050074343,1.5229574507959107,9.722440358097227,6.1792590458183225,0
614,26,161.85251139689578,61.51908182029176,3.3749401639827545,25.33637250891548,1.8006046707493812,3.9622781579995165,3.281429391387167,0
615,20,173.65009772022938,90.89660386344048,12.721374570407619,22.890168707159233,2.235577267573567,12.176250269626397,9.509923619247807,1
616,21,167.8236086238946,104.1111247361255,14.646381070527179,9.456048230404008,3.1212618970456085,4.6569249752916395,11.105469121630032,1
617,20,163.96241437397683,66.65698331491943,2.6953504671867172,23.496643087437597,2.0350490522516553,7.775845678150494,3.059488567467285,0
618,19,177.59595646698955,74.23647098098002,2.4901065697962537,23.178999642883777,1.6143226997731916,5.505954102830587,6.997092721339707,0
619,21,182.7387717344282,71.16900811677175,18.201448677805487,24.085798981691184,2.042895128963979,13.52541133832114,7.401018841722139,1
620,25,183.4104127696162,66.88375763870718,5.173360842590626,32.713942570700375,1.5698582528214757,4.886938637773286,0.26053667609001785,0
621,18,180.74386351133876,60.01515438720644,3.195656116656867,30.436526185224974,2.0990341371412833,5.701595303027741,3.8733935544373264,0
622,25,170.02630466859736,56.98038415023427,5.442052180348495,33.359649326058985,1.7557967992125332,8.49497264769177,3.8428232141712866,0
623,25,182.14549761463505,56.372832813693705,3.6332997885318363,23.60358608794006,1.890296875240844,6.87595500206451,6.39673713874692,0
624,20,178.0905443810429,74.86288030658974,4.320862224184867,29.742975599304902,2.151281224411515,4.492176685002126,4.02867284435152,0
625,27,176.33941882952013,63.76390626155638,9.183630225746342,27.37412785808418,2.156434819717859,9.057087637778451,3.1568353771194144,0
626,27,168.883068782982,39.060485798313636,8.35115262947587,32.23441051942457,2.401090722066788,-2.094566118374537,6.090112290462412,0
627,29,170.03123872658472,75.33829864717987,1.751046907681006,27.423878837239013,1.9753238900985641,11.156219934265804,4.241580465002221,0
628,29,175.73886936124555,69.54086461043013,7.074331044697937,26.075285557949595,2.091935258889002,-0.11787728467220582,2.4999546368685657,0
629,23,199.398744669855,86.16007601681375,7.02849138622898,30.70454259280495,1.8686788032787027,3.118721525683112,6.309995121083235,0
630,21,178.0124248009139,74.47746876509211,2.1293417781184543,32.380845835956166,2.0545969647868394,4.877247394414793,4.387323529033599,0
631,18,168.88811497749714,52.255916844276435,7.046944109387152,24.65827402576599,2.1318458144025536,4.560557987815516,4.005851933358875,0
632,18,166.67610555030558,43.243880311240225,15.94680503290231,13.387696043739878,2.5905696046373667,12.389736441189212,6.278020321883203,1
633,22,170.08233387343796,61.366331387944754,2.1936379843889653,22.707796831791736,1.458874854772251,1.8264901441692967,1.858663257166806,0
634,29,196.77293447549064,62.498710951676166,2.706242947464341,15.509694912535302,2.0994412688992687,5.782300452449189,2.9446924476433254,0
635,25,171.00743354054038,81.31791041200199,7.544153667108756,29.002298157068644,2.109368443206637,3.265363705340738,4.007165203665567,0
636,18,184.06870534610286,69.89354881252513,5.67873827706412,31.04452678127316,1.7959479570956147,5.885422938012249,3.6106726099506403,0
637,19,171.24071754528643,83.6042619771821,6.378690688098808,29.310334045433628,1.6146838891782458,4.805683220606371,6.544856765633191,0
638,24,177.6118454127963,54.10200333156838,5.851473041001242,18.252191411228164,2.4427637451511894,5.278806958048934,4.434811705454007,0
639,25,182.9174527400872,81.58317261256538,5.976739802320361,26.245752849617627,2.1474336532683207,3.350225502606963,5.709807845272805,0
640,29,169.28097150190075,78.65186984117103,1.6838196792222924,16.908261199744594,1.9312756907234871,3.4698081497117528,4.018790709151699,0
641,20,168.5888834584723,45.781190662825644,7.618294266553621,34.84850553827093,1.6588901350557537,5.861817542082281,6.112576967492246,0
642,28,191.5886969445533,85.87141409512927,7.923974981069434,22.569727089409568,1.7534555514735963,7.831146517268133,4.795055513146308,0
643,29,184.84592894895798,71.12150190119624,4.42652313982993,34.27701804729948,2.3907771190358695,3.205161997406457,4.02684097077692,0
644,25,182.90672318690727,74.70453404642207,4.891307625465344,32.729348218420725,2.041298582260414,2.3936973662812706,3.973433822081961,0
645,18,182.87276293122915,59.62124665085893,1.1722312436106948,23.497048237319692,1.834823879899788,6.840380497015511,2.0911227474180736,0
646,26,179.59575488311066,85.30296415506368,7.117751937183994,19.255763950243423,3.062356855115033,14.159058051313368,9.069313038002193,1
647,29,195.17775813175064,55.769772049133564,6.430143604285361,29.75185108193169,1.755680543766103,7.491494401957856,3.919590530927242,0
648,19,175.43908301877156,79.98510422048736,4.844522457501722,23.778379814084644,2.4502529090841136,2.282608359886557,2.9960160796375908,0
649,19,180.7726236720092,79.84728971090405,13.225612317449798,16.776793309162688,2.4915198801802836,12.80953348239478,3.0629439195308628,1
650,21,160.49087071405987,58.309990861933336,4.164806922550149,25.58586204596541,1.860027778639167,3.400987754520997,1.4995679482103976,0
651,29,166.7503931340876,93.80048319307089,6.411514814734001,19.09420792767183,1.811398925890742,2.700942172204952,3.155008209135132,0
652,27,162.99181000164958,72.77834176261022,2.450839153269711,16.847659904377707,1.2145600403923162,4.7636347997591,6.055437497559067,0
653,20,187.7406358351615,77.8467113232523,4.941119622814405,29.133421242472984,1.5555257685345896,3.0894643571888314,4.631045881840507,0
654,21,149.4745984797925,51.67455045597093,4.564114355242911,25.192211268346874,1.5981590675126731,7.223050854009347,3.9042821446944855,0
655,23,170.97689977247276,95.41276003610278,5.563269805102354,25.234550915429338,2.0405571022962157,4.135549212732451,4.502007086300293,0
656,24,145.06293397339377,55.30531671729892,4.076182677916604,31.479319195468925,1.9021298886675921,5.451423496321703,4.3588283420976826,0
657,22,166.6871210451811,82.29863719319117,4.67131851082083,33.86721138316222,1.5963993537754275,5.472903675322832,0.9666749074281573,0
658,19,170.09051050268133,58.06273938481966,7.065117928603765,26.637276393190955,1.9156507872606328,5.584865277236562,3.301476229304077,0
659,20,188.84871093794044,62.57213436582781,3.9080894069044563,26.297006465450693,2.1516011442942045,4.92761266863508,7.233043309027497,0
660,27,178.96627939221457,79.46504852662537,0.9835572481533017,30.500715165569417,2.158351804974676,6.53180207123094,2.681351730445665,0
661,28,166.66858476671032,82.33063256410189,9.373959760513552,21.21532215150212,1.4300989157423356,2.613034598522577,3.363397971791332,0
662,20,185.65963719731826,54.744589010630776,18.107158501198636,12.543509739966735,2.546707441314009,23.168835471639845,8.246646496072678,1
663,22,175.17832254529756,83.08566602868393,1.7693432622359535,30.75942985911077,1.584997766908517,4.290387849894394,3.8259695533637252,0
664,29,175.3756685870725,82.53976594159833,6.724269513112986,31.401151042088145,2.270518609142082,1.065352586303955,2.8337543373514036,0
665,28,162.97328492228007,58.74455909386129,3.742563073621642,18.316236487487675,2.2352439249060496,5.564220070975319,4.97348300431612,0
666,29,165.0998628609686,89.18377112309332,5.658718038327649,24.193223650955296,1.7305918321026625,2.446458552657545,4.394626824580533,0
667,22,166.74902700054474,52.517708461023545,5.735560322533734,23.608683735882668,1.77018643927988,6.996003603526625,5.547095230214036,0
668,21,175.4646127315419,62.502729006668616,4.413980499209195,28.499434772046065,1.8616198848505079,11.628816728127132,1.898117667622079,0
669,25,175.77885726980674,75.74803148910387,3.040585836034009,30.40372289883992,1.3241619815805983,2.6402837253264497,3.3193190342341934,0
670,23,190.44092663524046,59.75720458356872,3.2736473692093515,35.483552037229906,2.100790452032173,5.997116999671954,3.54855473677573,0
671,23,178.85055167937836,73.16582902815209,2.7095202112968937,25.525172598159635,1.9181466360979609,-0.26651676611388275,4.91129382017719,0
672,18,147.9243430632789,72.89291294563954,19.957752306223334,9.97945851210642,2.844354553131367,13.901339701709965,10.247408177161336,1
673,23,177.62641987871692,67.75510876092736,4.8320542748766115,33.74836009439373,1.6704772346112342,2.3428586006009304,5.831307608516688,0
674,20,160.49983643832468,79.98880646308672,3.2106000272231205,29.482884692651524,1.8142631155250206,3.1254961446965526,6.372831181035218,0
675,23,165.34029075388463,67.25967048810833,6.70513016428155,34.33825755593987,1.5480424225882654,1.6961405304805162,2.0222553047288323,0
676,27,166.8783052827367,72.77849282576567,7.837330342954638,23.211888098006654,3.359794570788937,7.799780840707255,6.803101350788735,1
677,28,168.366616764877,83.75766252985483,3.5498668965748923,22.214416906433645,1.6454054011795343,8.021913072419787,2.9361369834158153,0
678,23,161.24850607959698,79.48823452031009,5.598511251338443,21.334358226110968,2.2987921036539336,5.070155643975523,9.264772409354997,0
679,19,177.03482003452288,79.4322074897705,18.51413463928961,15.075276198962394,2.385476301050492,9.53289855392117,12.136380721446757,1
680,18,160.8919771490904,56.209844773398636,16.356134729444854,10.313382610729754,2.718615543567878,6.608016862531325,8.395740299769079,1
681,28,178.56667607249847,76.29751090601586,13.515404056056791,21.782891511243463,2.7853640102628274,9.577280000256808,10.143733965486296,1
682,20,197.36971077061628,59.45801450836594,6.856706045899306,37.2468107069319,1.619160420196156,-1.486096899782316,2.0206980676712734,0
683,22,161.70640941065938,54.623020242663685,6.205622381701643,32.2155266616162,1.9495098730485072,6.375167029871205,2.6267909363035984,0
684,21,172.1548969566078,69.13952384458038,1.9058439441817554,33.81419288767493,2.1797309995590783,1.6856759790754499,2.308621377106955,0
685,24,149.7654263748753,59.14845776018092,11.96816792568347,15.701147115735695,2.013069974309602,20.44518533639834,10.610422407674712,1
686,21,171.99064707029868,79.48741262607973,7.218227093166855,22.21792091628072,2.2427338372194137,3.856586909979743,2.5824435945570037,0
687,25,181.42717152631485,79.77442551634388,3.091784739553546,32.250396662087766,1.7450837235566912,6.811139721632589,2.361316814530853,0
688,24,182.20639231357268,47.1684851628227,5.094844588619005,30.088403761197004,1.8551048221781479,9.204501039656474,6.316943992946655,0
689,27,175.77363730284097,60.06036952507732,9.814409282876856,13.181809125026223,2.6693307009963823,10.314572768918232,6.945563670783312,1
690,26,183.89263424758977,52.48255993698402,4.4767154510515965,29.93685740316495,1.8009691528341536,3.3021886073227833,5.898592996750631,0
691,18,200.46054535942793,64.4484486808853,7.682445119415029,29.61592741229103,2.0112724578007595,4.77298678202881,5.047997911168656,0
692,22,192.123046874376,75.4621080384259,10.909681236548401,34.41908429926781,1.9055927513635722,9.612653957103031,4.185486131559105,0
693,21,169.77479070590363,67.09254282185934,3.0350349184125442,34.47492792408478,2.0388104020111455,3.0248518461786635,3.0059386186681825,0
694,23,160.4889601353326,62.92288911199438,1.5473884921155627,30.721101761701735,1.2857782683429508,3.2164889121529785,2.093684990489816,0
695,18,170.93848583426197,85.60211832175767,5.759546489012189,32.22901436281464,1.4510954554375752,6.434421726667425,4.725991406865375,0
696,23,165.5301723438265,42.34171392884454,6.803906262815358,30.57031276212388,2.1847901018140514,3.2683138228682873,1.6527392149064042,0
697,18,179.5134754786463,84.8424627222187,4.422834065388077,25.694151339826906,2.311154421694715,5.457577648692849,2.0121581416492136,0
698,18,163.18806460570502,63.46854048213417,8.633151658302586,31.7828233745657,1.7268539889405436,0.34538773709561976,6.305826512409619,0
699,25,174.27177567409657,69.06269187864653,1.653485500691878,21.027524655703694,1.9267914943486597,11.64298982766979,7.801298083444173,0
700,19,183.3801405453631,63.6716399473587,6.732296557579028,33.269457761479416,2.0884157758706903,0.9568723090717901,4.786590276332961,0
701,27,173.99304127182822,88.51465726646941,3.4853479481027665,22.027385301169826,2.207965280497611,4.034741888029375,6.2129143045892885,0
702,23,165.53686177252203,55.22825803833689,9.29844476551824,29.429016433973665,1.3916968184987453,4.902556892473716,3.5083033651120332,0
703,23,186.74814057585692,70.14083643666324,9.981288382920296,23.774230207869206,1.734187925906487,10.738064403070387,1.3246516278246316,0
704,23,156.21019055246174,76.32926382231996,3.0833585305416302,30.766944915372132,1.9002261860450376,1.0254626572017798,5.224343237237168,0
705,25,171.72204944122538,50.66796678537799,3.6261071602285497,27.830373870360457,2.2109420591708147,10.951112406436254,5.138578646540128,0
706,21,174.58339976618666,58.961221954646156,17.264067911555813,12.939126424767029,3.0980603457139266,9.490317062294507,12.885621218008932,1
707,20,175.1590865839963,68.22185759802124,4.032173375526213,30.103498155092396,1.9315982819570847,6.251285973269738,3.515249083789777,0
708,23,176.8049605607808,59.360019583787505,7.837169158067285,17.659708649206962,2.97133682026429,13.84431212918574,12.585532234534249,1
709,21,181.10439819809494,60.2128987453702,5.063471051356025,32.405733604066846,2.1206804231603895,6.713423726114221,2.0285339331450514,0
710,19,174.64592560954648,65.80164804308275,0.2008171095058593,28.006628443672035,2.396298736862213,2.8295401327406,2.4524388422186845,0
711,23,171.31941717856319,77.79497597975407,12.068496489376436,13.691930729560916,2.6355900253987308,10.942576667186133,9.628046572004067,1
712,27,170.92410655340305,65.88738667746227,3.2756805648395653,23.21215522492394,1.7280054364537123,2.0868139126768006,4.169945925271654,0
713,22,168.88484197961645,82.94111433367536,3.76719294400057,25.05333884286319,2.2873981824440057,4.660524516631748,1.8242139757814835,0
714,28,182.87543324326865,58.02690660808774,8.609080008672034,25.706806819494577,2.1990636855495307,3.3341807359604854,2.631515638969513,0
715,26,168.53471520523485,54.97693287431857,1.858732764301859,32.283512401212775,1.6921757467413128,2.037431112719016,2.588488875545604,0
716,28,183.46771109008245,93.1161448686536,21.02132510855693,22.74061616024092,2.289726936001707,9.998955933653297,5.3716940131228235,1
717,23,175.1899908225987,62.10450246801386,21.21526251822739,18.26200408977705,2.748581482699217,9.935533432514262,12.728480679980482,1
718,20,169.7874519314387,54.26905591513408,18.229281807076,14.80764597067691,2.5393299511374336,20.498224919316055,11.181503966676303,1
719,28,181.18407215744134,49.09535269873804,6.975929740129279,17.15161291137149,1.9800653074071632,-0.33962532462450223,6.4946073013293555,0
720,22,167.7254607527688,82.90124144570727,5.8501282364222265,22.029052994538553,1.8925761661462044,8.19251210702313,4.270982744633524,0
721,27,181.38184040728214,65.90434582407929,16.72426376658323,19.722563649808578,3.0812570168880016,18.902775171259083,8.196703443825466,1
722,25,177.12726121191784,66.95548317920321,7.420461651332152,21.237456552796388,1.6369518491057344,3.6450767324691595,6.66799637175385,0
723,26,169.0367531090808,68.08957946096032,4.171729042041693,20.0820580510621,2.1315737872763014,10.68544583632691,5.555470094495709,0
724,25,180.28634815334559,82.15531461603737,3.469408163730624,30.064994560688987,1.5889920117906713,4.21051618382052,4.149371685273771,0
725,20,180.4658972568864,67.84564199228896,2.287123683605505,26.929661511360692,2.3196128816778807,0.8827707873160797,4.0450007764908795,0
726,26,186.57519605809958,98.12864534599152,12.413701827354537,9.510137808463597,3.136712309913605,3.032336261964348,11.972132539872256,1
727,20,184.66147012409297,71.60512688865074,12.372736063271812,31.452363430607566,2.3805749706942407,8.144611903025828,3.216658780991935,0
728,25,179.91274020726283,82.74141720349985,17.343568229996787,14.755984112578465,1.7872922734996743,8.897573581590436,11.181513778601847,1
729,27,163.72409048791238,79.66287829485287,1.6223140844799468,31.28881588075187,1.633033930981421,3.1989840229805386,4.98400810820592,0
730,26,199.48586988174057,69.56263215690355,1.6938551081410749,27.652338568788654,2.427388319623173,6.780618296879572,1.7378627401300575,0
731,24,160.9638378892819,62.95634816775444,6.204665154296229,22.06503305847128,2.4653735799283187,5.009180350215718,2.0757175436192306,0
732,21,184.49263174282308,73.98356714279865,13.322191892520987,11.492904875152622,3.0914074574058144,21.619350169015892,5.940595998916219,1
733,27,179.31283816886298,76.12118477448728,6.372209588293411,25.054439336094365,1.7715236404891341,5.713488622275007,3.8097502448930602,0
734,26,163.25857627518886,63.12896742248167,4.362610516115756,23.32201850618787,1.9081958136927772,6.438875958654719,1.1758487873687393,0
735,20,173.756990611215,71.99606639140787,4.68636434999275,27.11041062097801,2.043628165221728,3.703096442571377,4.330983128266281,0
736,20,174.2124711375536,84.83445973911515,13.573883720658507,16.901722730106492,2.1924120876746738,13.874160646184276,4.959643013653697,1
737,19,188.05582715810525,94.83937286883614,5.214732515733326,25.91284809005284,2.5077039717389615,2.2178809829121993,1.7433168594684343,0
738,27,167.86689099719788,80.25243184419305,16.20784089594172,16.69757575144405,3.050615345334777,11.010638451899373,12.57158893115303,1
739,20,172.38054993575645,92.35311623656338,4.425500923562016,29.741708696230635,1.1889955858677927,3.0971758495480586,0.879658349740112,0
740,18,151.63930394978738,62.44750946552253,2.871483914349216,23.510849667871852,2.101806743826866,8.386542462648169,8.234648288741907,0
741,21,192.34762793123576,78.42258702471153,5.43802854727128,25.56147313525628,1.895552780954806,4.299179117051404,3.1774791390330335,0
742,25,164.2953175697993,86.06223410297527,12.463147506508525,33.37166502385122,1.9775220331644656,5.605997032271963,4.291233993653782,0
743,22,178.26910864239176,59.24400000433605,5.918704163685761,30.482000588669706,1.88941419026429,3.515106347327898,0.2159328550286599,0
744,19,173.98592170278135,64.1729186554599,4.216175784569005,38.37532519674271,2.2421139249820063,1.9520137064959129,3.875727867061383,0
745,20,174.0199903321666,90.85485714202301,7.304503754943131,33.90064086870764,2.3359063335660144,-0.23428116281590405,4.456964355436384,0
746,18,183.09861984870875,58.298813730556724,17.81062016896465,10.30448014236411,2.555346505322176,8.836916323658585,6.541839508503628,1
747,19,191.71262460303635,53.90643960813147,6.050236226129603,21.06065724772099,1.8982066438585523,4.028273440352234,2.8738378458952525,0
748,18,177.5149366994199,88.33577888367414,6.517126483039178,31.819301758167114,1.987598838557249,5.635637536486652,2.1068709629443703,0
749,19,181.55078017630527,84.36115869976527,12.28902702374804,7.6732710111758955,2.7282995898572353,6.059255349200272,9.526810649413111,1
750,20,178.28891536727042,75.18544292780523,2.172778911685211,25.245090982308753,1.759270988040549,3.6627276206094534,4.0616142699959,0
751,18,185.17531423930626,69.45147094425008,6.184080192028636,28.840076702662643,2.1736785945713706,2.354117707198478,7.081504753033545,0
752,28,170.37083620513673,64.73770593274021,7.810462220530019,22.43080937415093,2.500331309358703,14.466655905884473,12.696985815643991,1
753,26,185.75390554416413,73.38338648570861,6.3887816158556205,30.504157955021057,2.462132371933002,6.440190853712312,3.1304106132555662,0
754,27,186.10499865647384,88.9576834888186,2.7032837212847642,23.6076309932897,2.3766049340865427,9.14958354598803,5.631188489192326,0
755,22,185.8253700868291,72.86279351370491,3.9565829659872893,31.712294567963102,1.794297524722961,8.798990803868866,0.7540500759928719,0
756,25,168.39852132663523,96.0035112069636,8.418539264566217,21.377769566996786,3.8003601991737126,7.697053406233555,7.596783948424254,1
757,22,173.3166236576281,59.22469617231724,7.439541798361772,29.08341559482143,1.7147139850716586,6.9156299518027975,6.194969942706328,0
758,25,177.39466988780435,69.76383094806077,7.296136109856034,26.48324966261433,2.208779630282255,10.092871339128024,1.6561321415536105,0
759,24,161.29157955170993,65.52329598803301,9.905291075013992,14.803882636647852,2.3070275043343997,9.055745386125944,5.13149979082806,1
760,29,190.94920208086015,56.978301482052004,3.9470822535142283,14.358559675820677,3.1809847882144675,10.756249934595624,8.095260576626686,1
761,21,174.87723466497823,68.16299520388414,3.2260503631270687,22.799031400920512,2.0840136028092213,4.037648414444003,1.212364704251589,0
762,24,177.83927887604722,75.00795161992528,1.8537377233116636,37.72597537138466,1.1976298615537577,0.9138698874357276,4.368238796656339,0
763,23,169.22995560272798,76.29076215942436,4.457457373939074,18.89456965352752,1.4747073276784315,2.9484532985012715,4.138170385448542,0
764,20,161.73122440632977,96.04542614733467,4.2287930288604505,25.011661583725715,1.946752434867715,4.972522884396034,-1.6212566332361673,0
765,26,168.9597011452523,75.57360963668272,11.066791215863805,29.851059449708703,2.0247325299904526,5.182356117503908,3.4653659536643824,0
766,29,177.19204187633588,83.8016416441554,6.08239956340174,30.92157083217655,1.8892043689525433,10.778857564566179,4.8968264989582195,0
767,27,181.73428812753693,70.79313095558771,10.50565096284098,17.748263183435665,3.614349414072717,12.047450716723137,11.013810410116061,1
768,26,176.6179154060272,90.13666720543114,15.056271649368131,20.866163437114412,2.987591231259387,8.076847966345763,11.238071858948448,1
769,22,178.4672401624195,98.78139142705683,7.553458238573496,30.052750426638084,2.117362798171218,3.694768275271052,3.225017370189132,0
770,25,171.62973625318622,76.3730215717114,18.29426628359508,14.856697685174149,3.331222755594787,18.718989528886116,2.8395403540323336,1
771,24,179.96248566245427,58.08809181458102,1.035041719405104,34.96590628967453,1.9951330647212175,1.012977088329655,2.6213418638398562,0
772,26,189.82832866385908,63.41433972667398,13.28714187438062,8.728562298538176,2.9626488136890696,19.66903659370449,9.216865041374609,1
773,24,182.04789442438988,73.38321163846194,9.677412938429455,32.36412175502817,2.1192191070377704,6.580944174091259,1.4045432486375349,0
774,21,183.0954188825294,75.47797642300775,5.97403544342726,23.169216383147916,1.7757633038125364,5.0226805411824,1.0757790896091706,0
775,21,177.9401639930663,78.38110161261247,13.207323878344656,7.639689021976989,2.7745705843255513,15.42080603099305,7.708716903597852,1
776,28,159.96844930400397,75.52237217476049,6.3365727153060885,26.497670256396482,1.5791401528376436,5.543761845035151,0.9708529818828868,0
777,25,164.55333469368756,70.08381899507127,-1.5893693475421946,22.97199312155267,1.967558302882575,3.9426388050867747,4.548077681298606,0
778,23,179.54875800663842,62.365618705574455,5.008438766492903,29.800820919728835,2.3336301857664017,11.444890591360878,3.468151611855134,0
779,26,174.89060948039915,74.81365913517075,5.8195529321077135,25.31177121110092,2.2055870254132905,4.718289293860859,3.794702853098737,0
780,27,179.3984288647283,92.25984828976789,7.310675348844574,31.277019149251185,2.4206027977757367,8.489002909115912,6.7272145903994,0
781,24,191.76423417844074,82.23914326513305,2.4652601192686556,22.64904218552834,1.909134426860302,3.796372380365967,3.123145265569453,0
782,24,182.26035999229333,76.41644739563438,5.2142179035083975,36.5952030642091,2.4038299383542774,7.1287984381506995,5.223203123099367,0
783,21,187.58886205742823,82.35480308587302,2.6864384348510315,23.51833670703969,1.942008732065609,7.784046977455061,4.0751267027622236,0
784,20,175.9468138947073,65.54723165318977,5.638459389185793,29.09651168600218,2.441475524770968,5.625475911726742,3.695962188734604,0
785,25,166.9278432251556,63.90081824700015,2.76163419409244,31.959296551940337,1.9934429757673628,-2.063448768089806,8.599938248772947,0
786,24,174.42133840785658,61.02657874760822,13.015353550086253,15.206643907404318,3.0760294705346447,5.115689916158122,9.310145988636286,1
787,21,166.9524818628086,68.49656052676674,2.510461513024427,32.262343217164755,2.442533709292957,8.691380143279925,6.57826367087489,0
788,21,190.58294956772448,64.93592923949103,6.627840604559143,21.85408201099792,1.9419717114256383,6.582442499083191,5.3128131309799445,0
789,18,182.9039107653547,84.49929688782566,7.146127791641663,35.2605884959128,2.065516696263252,6.33751662568774,3.040950010736432,0
790,28,180.2051249662828,64.29611898781373,12.148315629287968,18.61607021904526,2.400715096595438,9.665111465749595,7.857916128614723,1
791,24,187.35943202228103,60.367339405301,5.095594987400071,25.0179429601556,1.960099050820981,2.8386347879748235,0.30377977522292676,0
792,18,154.79943585476775,93.31092614596758,1.3785214634161398,26.50409113786283,1.6037323152481517,6.234072893454317,2.956466685401857,0
793,27,180.8813795134266,64.58349722702388,4.250808379983033,32.044596346963594,2.642902116375473,6.2311498303606765,1.5830355914618477,0
794,27,161.89354215695627,71.8423414870042,4.874488457395638,25.077723540747808,1.859070660698859,8.644000340398708,4.82416692974292,0
795,21,174.92744301534339,75.41587389692094,11.551982727574938,24.253211552886114,2.0476268152812627,4.5653997345617165,1.7738717976256448,0
796,28,171.88292407532785,56.35968257295022,13.875254811958808,16.147823417206833,2.017064564346404,6.403086963101475,6.463343470936159,1
797,20,181.61736612096948,84.82580523403684,8.347038644330716,11.672180330022195,2.532742780668893,3.3883459369699374,4.1692106436245995,1
798,28,177.28187288960956,77.64542848493473,7.49214693366452,37.10271953970908,1.6976396260333608,2.0391717904953293,3.041292114687831,0
799,20,188.45117173611789,88.70060814256938,5.701591011225341,25.168027043926383,2.07612118903245,-1.7673739932842425,4.777294492066621,0
800,29,168.98102839067386,61.8493367533828,11.164116470449667,10.7350602724031,2.8062728945886497,6.284381573953093,7.983992838348727,1
801,18,182.09114389633285,71.18950950971391,5.930263681517157,29.047350418238864,1.913628176939624,5.521841625238434,1.8227303138819226,0
802,21,176.62223216898832,70.47226905993034,5.972897989169822,23.07732974759016,2.073511599294622,3.1454748736994933,9.602745979269958,0
803,18,158.64709729928447,73.16666193220026,4.867198367456137,27.970226453936352,1.9190144309524508,0.14248083045240545,3.0256656339417107,0
804,25,165.81383541476967,52.544623017074066,8.058922206046569,31.92001389655374,1.536964717044276,6.889218543226214,-0.4352181603040295,0
805,18,173.50121966477832,71.33003654430667,7.741173084527209,27.058693324568466,2.4782533868612036,4.202239777413344,2.315802620557223,0
806,29,186.12292449891729,52.882433062915055,3.435806781259469,33.96556472925514,2.0310614461847525,6.670624167104437,1.4654466232545396,0
807,23,179.63723057557115,74.30000885436306,14.617545443470288,12.217220491211744,2.542263893191206,7.843119344036936,10.22306921051153,1
808,24,163.32499176119285,44.45621050577776,12.715402563208372,11.3274920663337,1.7043439175450106,15.271926177815445,10.742998619885077,1
809,27,173.5968377195284,47.78095798851296,2.999903589005884,25.701716138635014,1.7359964054927708,2.9011975738929086,4.797425603580688,0
810,29,195.1780644879303,79.82258459727998,4.841188563461612,22.600787761092565,2.080754276076548,4.37187316006426,3.259955068325511,0
811,19,176.11223334840858,63.43793853766261,10.247513458050376,19.273517334776066,2.578729101861092,8.614008788524371,11.62981763952654,1
812,21,171.72674424927604,58.14570311641311,3.775273307768874,17.416483558354074,2.6984193174411057,14.431790268023015,8.064643280231925,1
813,28,179.9173964075622,85.25014745290657,4.892941546721063,30.728933567661777,2.4409352776362487,10.807583077041814,3.8376136317290603,0
814,20,182.6339307958197,73.93151460794098,17.163771943801684,9.082223107441104,2.9530614205909966,11.592053381625288,12.409366722974536,1
815,26,170.4383165251994,80.46508234640541,5.729736475603566,20.036932959147194,3.2499730181212962,17.78777658554792,9.309353777151614,1
816,24,180.02574774371436,68.00509513215003,-0.6172233349615128,28.790446126615922,2.3984498161872,4.4058207103432805,5.000225659241734,0
817,19,171.71110503329191,102.15554432680003,3.4832492630867584,26.612278718422242,1.848710595256213,3.6912109034599134,4.999117816498406,0
818,28,182.1932760182944,62.74583367328246,5.528209230698682,34.4563691950794,1.8176528322153127,8.144350277807465,5.768884874763476,0
819,29,176.69693157971284,90.93394659231866,8.000197391067154,30.108900371254354,1.4703837238910078,1.7944377377526832,4.576300083080509,0
820,23,179.81967827052893,69.26360751880105,3.770243881234487,34.550959540404484,2.5222824459790973,6.036242544931561,4.717696145357838,0
821,26,167.40816453832497,50.14587526104705,13.35986245613306,11.704258052112001,2.7247190244908714,11.484490485244987,2.4074969842139105,1
822,29,166.7871361592714,75.7941849489773,6.549278614915341,32.68738746253462,2.017534844211695,2.713599654457706,2.669908163993776,0
823,20,184.45497304659395,73.77715073746197,3.4115940279359265,36.17533197263759,2.273786096762132,12.757925527051688,2.288514840096986,0
824,28,174.20603618614507,57.38413822912924,2.0258333522740966,34.55846724636331,2.126515079900929,6.257152204260381,1.6281568016262882,0
825,23,177.85034742099361,58.93336867438342,3.4391365257169397,22.539292032856334,1.9821037064023426,6.839796633983431,4.365829127240512,0
826,20,171.9360457291348,69.70362828298009,10.663349871094507,11.836402473329787,2.8882334150949442,9.074981724748172,13.573915789448268,1
827,20,183.98726774013645,74.19697378297577,3.488138338654468,26.27417647275102,1.7570825492698148,0.7359501640443584,4.924308192119355,0
828,21,168.92190019970343,40.352040605447186,-0.5139151427476731,30.44627267538164,2.0563401014127565,10.256875727366095,3.781613810998895,0
829,26,173.64398760099118,82.63745743028564,7.242665492217831,31.431767775072665,1.763847779003901,-2.5268715354852276,6.269279399642114,0
830,28,182.8599281270313,64.06602431422027,8.187187603196806,23.80553662987132,2.06100783799963,2.6937007698844386,2.6561653790700186,0
831,25,186.72967699164266,54.01903018722189,6.628804978348764,28.33919256958469,2.2045230226445427,3.622904980463299,3.5933634291649863,0
832,18,169.76240708973316,81.29279861742317,2.1557858239379586,17.900363339219318,2.2887508657400306,6.745170094911518,6.2444066665867375,0
833,29,194.59683981955882,69.71658424697853,4.496271165131205,35.20972502900945,1.632146192656195,5.656154798424463,6.766271293556304,0
834,28,178.13241693693615,84.59398932138706,4.983696711926354,25.43812879661653,2.658993816493686,4.4995557779048205,2.63969526849636,0
835,18,164.57071738191263,75.25542715575706,6.496985973904776,28.279319699222484,2.230243803366239,4.964007966116829,4.36356246517432,0
836,24,178.69052048589967,69.98182596462345,6.670851221795202,26.451751430059694,1.9994857538992807,2.0659309294322954,4.5888379553680965,0
837,20,171.1700078551654,68.16724066023812,15.045635179279902,11.056784765328693,2.7326460310108587,12.651186472399651,12.04617698602567,1
838,28,179.34068487183177,75.79255312667365,5.204988891033901,13.812467793013106,2.709622331599992,7.179534867008181,3.474848681368756,0
839,24,174.5714375233966,65.03762489428804,6.143201011538103,27.916948288370456,1.5683839696829391,7.081118337608556,6.56276679624727,0
840,26,175.74273690190145,59.769128935042005,8.639555805366916,27.47090621251151,1.932421207252594,9.753483125471176,0.22059303275690922,0
841,20,165.88406623413854,77.31890947185573,6.761266349561808,25.731818062041587,1.2864705020380014,2.629948709554376,3.1577395303978317,0
842,20,184.9006123071636,68.26614590266685,6.972641718438798,36.63113272817816,2.0577954597944075,7.078445630902768,4.895861465545893,0
843,19,163.43872632848968,70.40281177682807,5.209566569823402,23.563352705721144,2.109618272577542,4.148879814905805,4.914449623898687,0
844,27,163.91235104595006,83.07255803385529,11.661495700613521,15.187739608241479,2.990660416320223,9.072570766336456,11.675632903710824,1
845,18,178.67360349147486,68.6334807071711,6.024406989898743,29.78126394353042,1.8036399287005072,8.065888330034426,6.396450786402574,0
846,26,191.0284424717797,70.18040710650149,2.8472802245660738,34.30759626267758,1.3851456451435025,5.63362819767337,3.4289167493855524,0
847,23,171.47406902935592,62.804205862588816,8.508424925312976,24.664054576112473,2.112060105023531,3.9814095300020402,6.599742487061209,0
848,23,182.00972322703967,75.16887920778221,18.483557266072896,18.05611912629144,3.180991262781122,13.967973947345985,16.204750983091056,1
849,25,185.73340176863545,74.19793495216106,3.892389947178794,33.48034953738699,1.8226944632799704,6.940713569769697,5.861774765583675,0
850,28,183.14684437294068,80.8093015814867,3.8012675815018917,30.126606541650553,2.1320179787069433,2.946678793741452,7.6210449568419865,0
851,22,171.8879171082632,63.05045395591749,5.741438862851904,20.27531326661621,1.529556705973985,1.0166039795617072,6.429888213709939,0
852,26,164.08953282805925,64.50619636491777,6.157961988168962,25.30347492768365,2.137163919107754,4.134401297954612,4.2115407670482465,0
853,28,152.92452434328646,79.50564878974563,5.493230664078016,29.931913269240304,1.881985310676603,9.546241446044627,3.3364424564557558,0
854,22,172.37159500537607,73.02655604035436,17.604862861534066,17.976742841260137,2.9193807255925757,14.817344839416315,6.923804404005924,1
855,19,186.78087368562174,59.125382485687666,9.249893436440951,24.603846734035223,1.7718909076351608,1.6630175909882579,4.621079275828408,0
856,23,163.75834015238067,85.678648812814,7.6788578805872145,13.428720050915295,1.8819165253900971,1.4967277523002367,1.7695655440581617,0
857,26,182.00209847518767,49.61859317919699,5.476588978162561,30.616115928685165,2.1147299947077607,8.824051549038458,2.413730672772126,0
858,20,165.49847469948128,79.41141703916502,7.353276451918708,21.898396550280122,1.6063510396413447,1.593092285726513,1.6185083985266568,0
859,27,176.0607257638684,54.81745556802164,2.4186902411811513,17.913306009387945,1.8808654005296441,6.5278859709260235,3.0792153346866895,0
860,21,182.0779161415502,92.62946219782633,5.994817624867022,13.838370375079297,1.9875584666002557,3.151786353991029,3.9440611710260356,0
861,27,168.40504563161574,51.46480327713252,14.084768098354653,13.012271899528088,3.114562484798326,3.726497138275871,3.896578577198275,1
862,28,176.70484680696913,83.82700782247298,4.454885261519065,28.643087252024834,2.5389995605025053,2.6887256025863633,2.798986729172073,0
863,25,170.84908663274672,69.02038767986507,2.880915178452288,26.87171809643874,1.7439513559815976,8.430084590617485,6.138567412790366,0
864,23,182.05148658938177,65.60076916193508,3.3697777785173484,34.94512181481381,1.7991689259099528,5.554575962181094,3.583589484020068,0
865,24,177.35317168484636,72.22475987761314,2.2759174066440293,31.186623415115363,1.7065076150532508,5.7565845627028605,2.424555133468962,0
866,24,175.56507674429267,77.58280406989375,3.0380952296807413,36.08150021360959,2.539544026141435,-0.9109257440542029,4.452584534486872,0
867,21,190.5834996014198,59.14719397202957,4.073729753524928,21.036322639165018,2.1658715685798446,-1.6087400596171557,7.927105667087632,0
868,29,181.62306142368303,60.21054729797713,1.4860824520533948,27.82724688023018,1.7190223981269073,4.338302179198058,4.670321133070235,0
869,23,168.0964813387371,77.79525838135463,18.15585118047663,18.13149493979429,3.3791185673831463,8.011086850244896,9.944915614665996,1
870,29,174.14136099202238,49.511884556204805,23.06347274706515,13.275497721699605,3.1754560090715778,7.76385151195161,9.644948452363645,1
871,26,174.24101214920339,62.98925088169497,2.730609549632699,26.756920731166613,2.0771760263334507,1.7339197685709733,3.561175358055859,0
872,20,175.8031957262521,106.48824344991328,8.798209809104423,31.133068186315356,1.8966568373742643,6.684417889478399,4.469856250176231,0
873,25,200.24509276607495,58.383844424928625,6.276980221318986,28.227819405709493,1.775175203912908,6.688563441371391,3.22483821748886,0
874,24,178.70851892710996,83.77363350111703,7.576451464060144,31.11703569139958,2.1013298297163803,4.586776818836219,0.6692307235180008,0
875,21,154.64097429895224,62.96859077543425,3.3554136153696574,31.51720066569447,1.8364738310013229,7.340605163558225,2.298869220993132,0
876,27,169.57201028283035,76.10854173756573,7.136313067666539,38.77464338691571,2.5450266888725315,1.47739311283956,6.909076921775515,0
877,20,155.6762791250419,77.85226828715462,2.2701652490117175,26.423516723569378,1.6192126684270687,3.932195248739088,6.868002007460921,0
878,24,171.7020174295416,83.54748082219537,7.225618752091272,23.294886496668106,2.4608470318564835,9.94363281735102,2.226721661590804,0
879,27,155.1268977027357,67.5969540782467,5.429598349483828,29.230418076582044,1.9666043453606599,5.204966389819453,5.345513574398844,0
880,26,166.28409528931573,93.86661566505823,6.383128049961959,23.988599864302284,2.089725720206332,5.378937543760998,1.6428544304596526,0
881,29,159.7927847036588,62.927961224977835,2.061013485937871,35.40980384218268,2.24994732998883,11.91783975790322,6.808632563989905,0
882,27,178.84160177967476,72.81064496319472,2.7623253943084882,26.583909805273837,1.8109252114986691,0.8019735024536878,4.4904716957884725,0
883,20,175.0053936262888,72.9433231866113,6.493070545633461,25.17211816063005,2.259274515409591,7.389291099926331,5.899282997233067,0
884,27,178.0296230749873,56.53638256060702,2.629129989439498,25.64342139424441,1.1877368433856468,9.9919588394243,0.5698133056349222,0
885,26,173.95448611431473,66.56953294025055,18.53948091296388,19.77094066166566,2.6049466316180148,15.572753388829007,7.224371800970722,1
886,25,161.0570224979558,71.93816199086089,1.5821554838493856,27.211265083842573,1.7227811577976804,7.578892360564538,3.984651872630993,0
887,29,180.13521369254735,64.81454748244697,7.12043553166667,24.79166589934809,1.6239481962884716,2.0539415083672856,5.703858141581685,0
888,20,194.22224560269453,99.29108758547842,1.9186917130787275,36.32675958811765,1.9355135485763146,2.9398028132979452,5.829735596195699,0
889,25,179.09212578606548,59.93651591680563,6.380749844198808,23.71915079669125,2.1157249904545083,6.154899248142903,4.131569378949499,0
890,29,170.74075400682435,84.15309361768513,6.564077334115002,28.17783037016497,2.2107979995497917,7.395700019331771,2.7983407218081706,0
891,21,160.71932823894554,80.27751775778543,3.258070453926063,31.26153075805115,2.072263027160122,8.362809537218737,5.559392364358988,0
892,23,165.91933029240033,69.83365438594875,12.716114558648593,18.4892615201138,2.8184025546945364,3.940395069973567,10.16527384103252,1
893,29,179.5303965657206,59.61749135377303,12.628846478346624,10.427922751705086,2.543554295910142,13.337308218214014,5.918244337484613,1
894,27,185.73118026799375,60.78093615529876,3.6528953595181544,22.72446162259775,2.037285708455255,8.580835265517763,2.1596955370846285,0
895,19,177.60866174721977,63.78439240940188,2.4786132898094797,32.11391390417001,2.2808168503808046,3.973085469652553,1.0456711673752368,0
896,25,182.99887289705984,48.571104616644845,0.09343577081855248,23.18674494040512,2.233081010879455,7.706273934764804,2.9794176808738735,0
897,26,182.07678244027244,57.95841489040851,5.874125118249234,31.463845159244304,2.0091429241761887,5.622466393556545,6.205384092148757,0
898,24,180.06534391385918,52.21028181563629,19.32460618172858,14.39902804480696,3.3380590481809658,-2.404340417838071,13.768323850685096,1
899,25,168.41526404738744,86.1505000381326,5.238360498603271,32.30718262816403,1.8041149532503757,6.270523622066112,2.940464588153919,0
900,24,176.73923511975153,77.42154870865862,4.341379459794378,29.256583241190512,1.83506319210859,0.18588497060656373,5.609711876360159,0
901,28,166.51622196117862,79.43168918638553,6.697856938595489,26.8434952853515,1.9054200998251232,1.62763442341768,2.3350467565532225,0
902,27,175.17428952958102,77.06598341850338,4.244886251275339,25.11790211832578,2.080415128276926,5.307624319452567,4.190700548665557,0
903,21,178.30863531066913,72.00361148000997,4.176380534132272,35.35517345408552,2.2145523170384176,-0.061837238923505566,3.6407392545489694,0
904,18,191.78783807386856,87.52816398554964,6.829676760720739,24.502523899161783,1.9846643920953868,7.493633309599267,5.558261251176704,0
905,20,161.9026802563237,62.67084813121915,5.837645072710294,22.81466963215002,2.0048374363701416,7.614667898864425,0.8455432581609985,0
906,24,179.81507630991305,71.28003586440454,18.156877859615474,11.597858885011824,2.2023848826840995,15.60908559977381,11.975778929660864,1
907,28,189.81236591623593,78.96470593388948,12.373839459455624,24.940759666715564,3.3020583153499614,10.000510278356593,3.3510496599848203,1
908,28,182.58847765838797,54.14548921772645,1.1610696919822354,23.249682512669363,1.7223823227071131,9.140416816605544,3.48080655638146,0
909,24,183.32945442825041,107.15906675371059,6.8919716999674545,20.781978689151174,1.473368630806787,11.111631919155073,6.422855007264861,0
910,28,180.87694901867812,70.34278915333104,6.531171985034006,25.585450802697412,1.7914551925769382,5.441230482337922,2.9891055806929456,0
911,20,187.98334489775417,71.7038734069071,2.458292178558757,27.586424880517534,2.141943635980336,6.531606135353709,2.9786321236086986,0
912,18,164.1252183188763,85.08253638009906,4.389798815814497,29.215458638303495,1.7891265685881297,5.605215964388131,5.743448848368272,0
913,27,161.14073334029754,80.97946399612269,4.901731780930922,32.75653122149742,1.928657888772218,6.591107566996397,6.1370991169105995,0
914,26,174.93665859534744,70.45693623275751,4.6637580389956685,30.634489618328967,2.139929386223695,4.641323730120812,3.8228578654624203,0
915,29,153.3883789642829,71.5615532571765,5.834649916421337,27.045638902234103,2.1562068489268005,4.89630728046859,5.369429708099784,0
916,23,187.3064580417801,51.95021762862425,8.578416954577959,27.0090216181014,1.6761401443501884,7.717152801492096,1.8460909182441072,0
917,29,187.2071519549544,63.322410665800284,7.704416819182072,30.550787344575916,2.2991178069360925,12.036872485689322,6.755948667850827,0
918,24,170.66649444915473,76.20652259390752,11.62789260316302,16.33043004129679,2.5019328918730595,6.364323589237901,10.844883696140323,1
919,18,171.2922940333949,75.32671406851463,15.798677473806203,18.732512289364276,2.7580129169745504,13.779583580039537,12.61073416360038,1
920,18,174.2765252484933,84.65398900004904,8.322333298838524,25.654345728947956,1.7528489391076538,1.4586185443037536,-0.16866324268560096,0
921,21,175.52020650439619,68.5539873013201,15.227205347457456,19.260687862857544,2.78980234856592,15.567452088642995,8.262013984932898,1
922,24,176.27173919194286,53.3525618388296,7.727451062964917,20.773973677938873,1.9559439436234098,3.2367860920403047,5.225650643338643,0
923,28,180.58232106878302,82.68076516930813,16.221525139966197,11.33471632370632,2.823348116327158,9.371859051930704,10.761172603783606,1
924,28,173.2737364699152,87.23307215418419,17.88394944684678,11.65231718481488,2.558456427505218,15.978232942966486,9.019645973413617,1
925,25,184.43193303477793,80.77893487427475,5.623271489104322,30.886817625533308,1.9251891124482556,10.232933344229334,5.17631452887173,0
926,27,179.45947777125303,68.0363959497101,7.612721185211884,27.35670276823972,1.6510872049146195,6.990793605682288,2.587048998468407,0
927,26,168.93036554127366,82.53263262251895,5.362219582742228,35.03467372945875,1.8759728688090676,5.6143936318457515,4.064529621542506,0
928,18,188.35112667804097,111.14692573609857,5.059757608212388,25.57940752707591,2.0097188641050736,6.2274227683279815,2.21233355872182,0
929,21,161.41743013877513,71.3818277732857,4.121464410715669,32.77634618603603,2.438676381210419,9.244521988476665,3.6348302431751165,0
930,21,174.07834189178524,54.25915969305851,8.90853339708027,27.806285525052285,1.9128638251316632,2.37740218995755,2.8908135191348965,0
931,20,184.6691740107547,62.964579405374174,2.9539283351449965,24.95824617660331,2.321762539871828,4.664458687741061,6.3495236004660764,0
932,24,167.76926895087854,77.50571200364861,13.578665926162406,9.736736734289972,2.385542571209921,6.667407966091164,11.033909912689586,1
933,18,178.0955564676715,50.74234826922324,6.395656588950874,16.124037001127224,3.142694968588183,11.010656144414327,5.145816700747599,1
934,26,180.43339596999047,72.03283689894484,1.5017345629951464,29.78486379633463,2.0854263780156703,4.014874221749593,0.15356742758049569,0
935,25,166.3947613201876,74.56403980379059,5.919123232478554,28.406392110280994,1.4110132556483077,8.323163287947345,3.5096551562972285,0
936,19,174.27522280405964,88.42146087775183,-0.2500662691290598,27.810534591415845,2.1382474596211596,6.699806445178177,0.9631686023426349,0
937,19,173.4349616979079,85.7223382726516,6.563770042077589,39.94185996435219,2.3145199663440623,6.932931500324601,4.0924232073418345,0
938,25,169.48262148167709,80.37501750102125,14.666748879226732,24.231665002464442,2.695296683911562,16.71367727025488,5.802591865953725,1
939,28,198.01674852050775,44.04785187382565,3.519110110869866,31.61413447492756,2.5233751610225745,6.569971348185765,6.9882837945336505,0
940,18,167.36893646554523,81.0526375365751,5.308869239888955,28.55899579101694,2.257950068440237,2.598228972955684,4.4027891174305624,0
941,24,185.04930294067884,78.46616063272296,9.885393584375716,33.03578600298334,2.1704820131458353,4.071470342218312,3.613689550300842,0
942,26,171.07198983118857,73.07133252494016,3.7356332393451583,30.58997388195726,2.3259142133617514,5.5760127109060305,0.04323016685383152,0
943,29,164.13363811114718,49.23733448625417,2.352731032358499,28.13102376387018,2.1000109553782633,5.832547576645671,4.052370298371597,0
944,20,176.0281424315507,60.67871308975528,16.153786194045686,7.854498138581254,2.558464681002725,12.050087457319146,9.07194005704678,1
945,24,181.490933843875,55.99812676559121,9.906467976326987,27.59541331168656,1.8502583145588902,4.584994153950866,5.277913628425491,0
946,23,184.2050957506568,45.81989872591491,5.009239179619619,12.147871320609722,2.359150408174356,3.867729796609011,2.5830237969418177,0
947,24,190.6226511065507,69.96501818302247,7.528657588520891,29.05300419648821,1.7577225979705111,14.473313849132895,3.1298947995282806,0
948,24,204.452462899351,60.42613454268664,16.828202293984006,19.2790858199354,2.7077654405905545,5.536614116132672,4.874744300498746,1
949,27,177.50514203755597,101.50366696322695,15.285505596904692,10.201209886538766,2.8543437696326626,13.490592745920221,7.612401101059864,1
950,18,168.36907826174613,67.97473672674508,3.786735411580329,28.09672035405877,2.5351767785605306,4.300374505380818,1.7830058184064335,0
951,20,179.52874326794893,85.52503787039153,8.077186282886837,22.055182902325193,2.5044477372254046,3.6463435191683704,0.8593483714939669,0
952,27,172.33787049593508,51.17081170368131,9.212535696771273,27.750599229359413,1.7348393314577812,4.607598218819133,4.673424590841222,0
953,18,184.2596612985223,63.63892496794156,6.407202150435887,22.769394574687478,2.0441894001167253,5.87848653076005,2.9637318866662854,0
954,22,162.02835703634278,71.16277451241177,12.938870760080036,15.580254983837527,2.723821525628313,12.007179491512428,5.264548272119743,1
955,20,198.68334542400436,59.102152616707954,9.967652779248603,29.454736821697427,2.1844833917094135,0.2918312138759491,2.031173907649576,0
956,18,183.56048094775514,64.93359178234307,3.672572755470089,32.789198155541335,2.1529049231726987,3.0893528331831273,-2.465130865024867,0
957,19,158.15995982203836,67.38458912507754,4.162155547071371,24.045591041527175,2.24351167148398,5.621418310335706,7.016621497495101,0
958,27,167.90971097685028,67.19310417466127,5.855844586224054,28.170040481140735,2.099575534312366,4.282180558544446,1.9994589544464234,0
959,22,183.16081044113938,92.26142287642415,8.885401051786936,21.174891022866824,2.8806218619165405,9.434363678298453,3.175159860300186,0
960,28,186.76344056171456,74.53871542517813,7.134939941380559,31.507473909623574,1.6916228704967784,0.5528096390126933,1.090215669421379,0
961,20,162.27762372768038,75.75412675529564,6.037163750904776,30.59435590220061,1.4868189936690457,2.7459635911898888,5.943860686881267,0
962,23,182.13025850432948,76.47585729214084,6.158221325295266,30.479025105137854,1.8820729397895615,9.560275222973303,4.286857874074649,0
963,26,155.52660127338078,77.35151652804535,5.108786671608665,28.008095156784705,1.5296035203319198,5.393357974025441,2.3472694294682626,0
964,23,174.10664134528955,69.00535619350161,6.395348786296266,30.073864453943955,1.5522613189982022,7.654527748403476,3.2155407773119524,0
965,19,186.12046842103206,66.15104354225384,-1.3239001942357573,36.02169554154298,1.69960560374061,11.15374082980839,7.35635984424974,0
966,19,169.4848426989702,72.00179271421933,4.258481352325504,26.57452871478993,1.7233433283705117,2.9185867462945323,3.8540611362374433,0
967,25,159.93077700861986,83.88164738696167,5.603304837291953,28.69322591855042,1.713614569414982,4.702056986623904,3.636532924768188,0
968,28,176.4621479637756,83.51485826123661,2.1224647909512324,22.56936850409295,2.1554656851336236,4.1827192972073854,2.11723702772147,0
969,25,168.95281133364523,67.11521829173907,5.9658082945289,23.658695192008338,1.8481432816743992,-0.8637790134498271,0.21083769905539418,0
970,23,181.29558366065837,79.21412433601733,4.488821947534696,28.489066465466536,1.946145627538256,4.068809588732092,3.679922652841311,0
971,27,166.1467356778194,67.66498404352399,9.388689245788726,33.519667733509536,2.2682698323502803,7.643186562141996,4.650970224649235,0
972,24,167.273631103469,70.40644659322292,16.37256361835818,16.31642711484052,2.3067594779940577,13.26780802793646,9.430252892044429,1
973,18,154.78997679123756,64.31771942134964,3.835486077204593,26.82041735343938,1.9206362303885833,6.85724950816403,-0.49699306899931095,0
974,29,176.69944711051482,67.8202583331252,4.622905721083262,25.965573777478127,2.1097279958278747,3.8734730580815016,1.749807345953942,0
975,26,173.390950617234,86.09596083459616,4.815131085979019,25.326216645778384,1.4175296598139338,3.031708291983076,2.8385178188870994,0
976,22,163.11615329259928,71.10905376807084,3.870851309600943,29.474857278544107,1.2845283473148252,8.807767015695863,3.9930383028535963,0
977,26,176.93798713767092,71.62339010262781,5.487562460070317,20.513711774106778,2.1038351986393167,3.5080485609269916,3.709932616943155,0
978,19,185.27070300644138,52.6333866489045,3.1042948277810245,34.40469788333364,2.1476042841700695,5.882246116379642,3.7566226286254607,0
979,25,172.8443205658105,66.28907310840725,2.1734616626561842,24.672888509352696,2.6192660404557233,5.4900040420326155,4.816192117139889,0
980,24,177.68166949821975,67.10422115506326,6.5567780597506715,31.609517427190706,2.0474284627600428,9.385151048771355,2.1934137784417818,0
981,28,177.73311249585163,60.050278174679136,6.5738239605545274,21.65000701303062,2.2459219151774286,7.914237073017079,5.868282884467389,0
982,21,162.9567017282104,70.25998494044276,16.59744621875162,14.955631984205592,3.006657778374387,14.85306500318617,6.42767271135835,1
983,20,195.56585820707596,64.84981251726815,7.238388576906499,31.359723039072488,2.0891681664755257,1.43734049967488,3.3603354717438414,0
984,21,170.29150169877715,70.95995026292299,3.4210556770866716,29.921010360029484,2.50017705252486,6.736729454207403,7.201815983777831,0
985,21,181.56116201860272,71.45803611782722,5.632913095094953,23.02785739100104,1.3628021545623095,4.8069870578625,7.112832071143534,0
986,27,182.69215277229048,58.530947706128266,7.0508600315311405,29.247740947990387,2.124084877271504,3.6344846481387085,5.865790710387618,0
987,27,173.60404872884249,65.21557861020173,4.915968588240718,22.084719076328057,2.6406760190232097,8.046883651983412,-2.037113541135585,0
988,25,181.06795025059634,70.92849139313,6.136852280352836,26.736183724519073,2.084610265762803,5.562378146266733,7.157890185435951,0
989,21,177.4581922181639,84.2115931738807,3.708925890281071,33.14706550477663,2.495171888969854,5.157372160668332,5.589517044943868,0
990,22,160.82360242772594,73.08063007354889,15.930198816141637,12.788316650530792,2.150646988023502,16.666113344884014,3.6786746033924445,1
991,19,171.67727298749912,62.05677784099087,14.152608562303588,19.007299414727747,3.5553747758457024,15.565375606420986,-2.7672007548550273,1
992,21,168.87449097645938,74.78805711092623,3.133554133649403,23.12596712038579,2.010057410716576,9.705556956417663,7.156685354994571,0
993,24,170.38254958653872,90.49058667186112,4.5580645922105445,31.227938560870967,1.334722676192369,2.635857130300976,5.757309700360758,0
994,20,161.95996822163363,81.00047767106823,1.1284542528406334,28.096906188490127,1.64954665164494,6.970787199026264,6.697386397291025,0
995,18,186.2643371674603,76.57031836522744,3.772115632144738,16.398422008847884,1.6709374761848041,9.301498515979535,7.98824748146888,0
996,25,191.01992654613412,78.70708210578786,4.287811266575823,31.913149131582593,2.246619823409758,0.8681135321837008,4.433109476756412,0
997,25,184.78002975998407,87.27944849714356,11.8588081818315,7.675420486646599,2.9808271353038682,16.160231563173557,10.19998965883082,1
998,23,187.70529224147143,82.90752152821192,4.396256385323053,34.01225623991536,2.09721093281196,8.426622178656674,3.3850781999697155,0
999,24,171.55365162991845,76.8011245734119,12.49744221418959,6.697647963685867,2.811676201574227,11.088916083505461,11.51097346390102,1
1000,27,168.63743165013963,82.82370663508102,6.19860379521516,12.116480934019997,1.9507551761834678,4.4855131988352825,4.1497751687431155,0
