left_knee_flexion,right_knee_flexion,left_knee_valgus,right_knee_valgus,left_hip_flexion,right_hip_flexion,knee_asymmetry,hip_asymmetry,joint_velocity,injury_risk
47.77367982083936,31.79542633551133,5.352021970395413,-1.7125508266823148,51.89383809070899,25.79905950225862,23.04282628240576,26.09477858845037,2.7564455433285433,0
15.8655982298007,25.832062839281804,11.093890110468648,18.805961863507545,46.83972030069338,25.067238760768433,17.67853636252,21.772481539924947,6.044295822574397,1
18.867605540492367,21.61855876488327,10.278289204797137,7.469585447989658,18.636637768440092,28.223950469420615,5.559656981198383,9.587312700980522,6.620128489802257,1
44.741755111604235,46.11432168122601,4.017070635254262,1.881318625450347,26.7443469360314,43.739486770491155,3.5083185794256897,16.995139834459756,2.423776012703282,0
50.124343480598185,54.51025741257446,3.845257234385132,5.4328604073148,26.943980193967047,41.53505730980411,5.973517104905945,14.591077115837063,3.4653360930232053,0
45.98462561324945,43.87622687418608,-1.0276495125621556,6.311465424241785,60.03567113705798,51.895601756314626,9.44751367586731,8.140069380743356,3.641115459026706,0
44.094975579874074,37.056196619773345,3.2366604377964046,-2.615799904994777,12.64577437435507,48.61708259017407,12.89123930289191,35.971308215819,4.142979573701271,0
18.644381994787157,26.650690729534517,10.656885529038313,17.526966881102318,18.399796180567115,32.579746966156634,14.876390086811366,14.179950785589519,5.140807632044939,1
46.86229394352131,31.73852823261013,3.342374287491326,-1.7515468552565503,38.51520072131933,32.51920547515938,20.217686853659053,5.99599524615995,3.1042912479694613,0
16.263941604260882,21.842435240380887,8.786262903314972,15.852004970310054,49.24845495123521,47.062959148871556,12.644235703115086,2.185495802363654,4.572778451951162,1
27.480626360171573,51.77955198334408,0.6300961175478501,3.985657578037346,22.15352675095696,47.67225287206652,27.654487083662,25.518726121109562,2.786069755289162,0
24.42022698180525,26.481885040628256,17.562574383799827,13.137188597145425,54.231061306135544,28.4851636383883,6.487043845477409,25.745897667747244,5.2645580079051015,1
23.684219485462165,22.188949373571976,13.880054644986647,11.59324196782395,26.009720684500795,42.34226674004763,3.782082789052886,16.332546055546832,7.138069985814669,1
45.41328781480864,30.231379832316243,2.991714830111691,4.57203161526925,66.98608311063904,50.37067303165737,16.762224767649958,16.615410078981675,3.7147327653514672,0
46.83259750564562,41.13277139589689,3.369537300498048,2.3019531358359293,40.673514686167515,44.162464871757734,6.767410274410853,3.4889501855902196,3.1691671560413974,0
53.594544101724495,34.20000089071959,2.5041679485139823,6.930758854997037,48.56580464882119,48.813888642726916,23.821134117487958,0.24808399390572333,3.6216314130946445,0
46.79471725422466,53.41226603030212,4.139752751959046,0.40877355871536647,50.05660784832809,39.19707537844758,10.348527969321143,10.859532469880513,0.7473516044181645,0
52.23214043809052,39.33022293149919,1.6478912669023902,1.5416579329633655,53.66361579290858,74.85918713744925,13.00815084053035,21.195571344540674,2.9623186336851632,0
42.620142393009196,35.3140183137476,4.987480525735915,-0.5989110473397972,50.55521566244214,40.00389777775047,12.892515652337305,10.55131788469167,2.315294794897894,0
55.49586990859157,44.238369320971394,2.493826317971778,7.602090393078668,43.59334176901052,46.435289358019894,16.365764662727067,2.841947589009372,4.201090003856187,0
47.56628580746147,38.878764345323106,2.160306008337542,4.664692742944007,55.145727960410646,41.14316816329179,11.191908196744828,14.002559797118856,3.491373532387063,0
46.552415548846994,55.86995128162965,3.0434260369696853,5.31880357969699,56.992206957424315,40.891276896926456,11.592913275509964,16.10093006049786,3.1873883286484483,0
34.83951129030375,38.121512819726476,1.817706340148779,4.602002467836951,38.52297999335569,52.3696234995692,6.066297657110901,13.84664350621351,2.6544536245271804,0
47.29564683441367,32.80617392620295,3.657364698992966,5.14753552228917,56.39551728460336,50.46648685175482,15.979643731506918,5.929030432848535,3.317766648105317,0
38.34436066004439,26.776691873939875,1.9252748213732005,4.156155427791979,67.87580453602544,45.10809414437185,13.798549392523292,22.767710391653594,2.2574514964975165,0
25.823696772285857,23.160276711544956,15.012759798930196,17.486089902265967,32.9952041941616,35.862115546625034,5.1367501640766715,2.8669113524634326,7.794640504730721,1
38.47699497347103,39.50455908913659,5.432013077822953,4.2152068724459015,63.98562862470781,41.20279673510095,2.244370321042614,22.78283188960686,2.537309290410064,0
36.4701205448062,32.56876314790618,1.5613566263836527,2.782816388861443,52.578812733611684,58.025884565892405,5.122817159377808,5.44707183228072,4.813191723985353,0
61.99817122413569,53.51381169004628,2.738849085409657,3.9067504695706616,35.957743308876815,82.8278911388607,9.65226091825041,46.87014782998389,4.175958204952672,0
55.65071249590723,49.33796117943393,3.9226614260708432,4.547189146523356,37.85533310444532,38.877380841501726,6.937279036925808,1.022047737056404,3.8504379871862646,0
60.36294001715409,43.774256968502165,2.1282852900371863,4.221098239104261,54.798319517816175,57.90944835601907,18.681495997718997,3.1111288382028945,1.8077511822766736,0
35.21683984355549,54.914609953366934,3.9286411216533303,1.044455784493366,64.14145587728466,52.67423435531065,22.581955446971406,11.467221521974004,3.691325689827243,0
45.57002999928714,49.300288267188904,4.11079772130348,1.3100266627831814,91.78867870991084,62.02944637198885,6.5310293264220665,29.759232337921993,3.15013334011355,0
23.46552803631572,17.656211617193275,5.702633129072148,17.604884367458858,49.961523197549255,47.11141160012673,17.711567657509157,2.8501115974225257,5.203884953367894,1
20.882207776386124,18.133958397868096,13.630758947348708,11.963384772645425,21.878428694659327,35.57755083426876,4.415623553221312,13.699122139609436,7.444133926007725,1
18.164860804583387,5.5651587631751624,14.323998159846768,17.138383855049646,32.1092616196393,31.004716723522467,15.414087736611103,1.1045448961168312,6.526421448401304,1
54.916672051532494,47.17093565173881,2.3848452208725126,1.8157601805552073,84.17775973933998,45.483247005273306,8.31482144011099,38.69451273406667,3.187027437069247,0
41.83016257518592,45.35798214376529,1.0644953209058001,1.05370824670694,46.78416602034832,40.52559470337047,3.5386066427782277,6.25857131697785,1.5554933667019641,0
53.54703466955213,37.22801757704874,4.128996408094994,2.3128067749365737,50.71271952141933,50.54731508572323,18.135206725661813,0.16540443569610375,2.386077382265762,0
49.83296711670815,48.86358053604603,0.6764973996471775,3.5548698584571734,35.59374619386156,32.731167528734794,3.8477590394721135,2.862578665126769,3.2986684309626177,0
63.42911001683831,37.956008934928406,7.6660328365053765,2.669719401431175,73.47655108361366,43.092160148237966,30.469414516984102,30.38439093537569,3.911510686725266,0
33.164446214882204,43.184106763250576,5.591855723147502,6.587867046211428,57.50499810980938,68.60280436708854,11.015671871432296,11.09780625727916,2.559605506950305,0
55.07386591829439,55.57555317109584,3.0251515392006283,4.359046603074923,38.38097978172033,53.47768331619537,1.8355823166757474,15.09670353447504,2.967354496108853,0
14.951346476450311,11.543368156713754,10.194218438700265,12.552665023290047,14.110103975222245,46.30624396998394,5.766424904326339,32.196139994761694,5.938996668479052,1
37.21296929578372,31.416085943417112,-0.2736037286215831,4.808816308142834,54.60805918846808,74.04465829987636,10.879303389131028,19.436599111408277,4.167448650683008,0
53.05706669178528,35.579622465039115,8.046746662799116,-0.8251016358396219,50.663092623206786,49.344558161277746,26.349292525384904,1.3185344619290404,3.890993385786497,0
47.68915970420983,51.95439061350098,1.819570775599021,6.112083212917109,62.48165325831691,55.10988751290462,8.557743346609243,7.37176574541229,3.521682094853759,0
43.18018992037274,46.03784909904168,2.759005172201281,0.9808967550600904,58.204527096907995,47.47231158770867,4.63576759581013,10.732215509199328,3.3254449501047123,0
38.408516104224006,42.96898097048997,-0.7118665743768733,4.461067334422678,46.03279476847066,39.8109135928659,9.733398775065519,6.221881175604757,4.242039252117438,0
39.24712438840651,39.927249557507444,3.9725746094817893,2.45063188467231,41.8429760680795,37.70547611001393,2.202067893910412,4.137499958065568,2.355991206948226,0
16.770179104377323,20.716748994672166,12.760892887379574,24.083966183311865,17.438447254926132,30.281749553232814,15.269643186227134,12.843302298306682,6.152417078652032,1
16.00403996674873,27.821897210729688,10.481502013292666,21.738390427563118,29.554551357552114,27.409767495056848,23.07474565825141,2.1447838624952666,6.8186449454127835,1
17.58628238908984,24.51255976076498,15.428633553693153,19.543817390621793,3.733152440013882,36.35358127048148,11.041461208603781,32.620428830467596,4.9052467914271265,1
15.233356958706437,23.323501226424163,18.098554385931024,18.978435100611932,28.37043689194159,37.503036740090906,8.970024982398634,9.132599848149315,6.452115591642974,1
38.76117643022689,36.81872491779957,1.3912769964747658,4.489196139298435,36.53103659929914,41.03180515695448,5.040370655250987,4.500768557655341,2.574912094738507,0
28.123392292347802,19.728521540721076,13.737054599688285,20.793774172549348,32.41914984321499,35.48198828464449,15.451590324487789,3.0628384414294985,7.612099117046174,1
34.20339030758774,40.996740428128305,0.4370180542623512,4.058303824650025,44.443584282954944,47.42386691346617,10.41463589092824,2.980282630511226,3.329333862572723,0
41.67828985675783,43.609361312530375,1.502376657952846,1.9502102012382663,37.37173474571985,70.25289563693502,2.3789049990579665,32.881160891215174,3.629729214414538,0
45.27221928857786,45.88364636088892,4.326546762528956,2.5648827215998944,44.72588857577198,44.7049918413547,2.373091113240121,0.02089673441728479,2.0727627659765147,0
45.89098081472042,14.493077668572447,8.204959749748626,3.9910364072464173,53.6338723493043,36.21361059635991,35.61182648865018,17.420261752944384,3.5253156196297426,0
43.56725371987075,37.53879553802588,3.95517763910601,6.468913957529383,51.24557299719955,40.063673844078856,8.542194500268241,11.181899153120696,1.8643667633832959,0
48.16655824876739,40.867440181151686,1.165476715645425,4.855675721072088,56.33177172356693,40.83002646377629,10.989317073042365,15.501745259790638,1.4161429075194518,0
19.09760043204687,18.93406497882564,10.198527234973328,27.42656962266843,30.5135875880268,28.74340319406399,17.391577840916337,1.7701843939628112,6.8740017742263815,1
50.87710036367464,35.35997913294294,3.0631780123051566,5.29674555541958,69.57410306012049,43.4108758659234,17.75068877384613,26.16322719419709,4.147556135707592,0
37.11356953065739,45.3023729447993,2.301150098728585,3.2260303222436804,54.2822924403208,64.85037805487856,9.113683637657012,10.56808561455776,2.7969711394006658,0
42.726759216569626,55.9602424778867,4.806116333473866,5.780816010373682,33.958964191467544,78.94066312399276,14.208182938216893,44.98169893252522,2.562759454516433,0
54.5581028950155,33.49625176042181,3.4349469660284493,9.05402083665721,45.963337962045486,32.04715726669744,26.68092500522245,13.916180695348046,4.368678924997097,0
25.742228545983775,21.076568638151876,9.408510841413914,10.904736784405971,57.43112872463746,26.57884213317118,6.161885850823955,30.85228659146628,4.632316185980883,1
34.01712438815149,37.581825328523834,2.3711124194047413,5.603210319452742,75.45281110568422,44.83444426038357,6.796798840420348,30.61836684530065,2.9473850211541923,0
12.808610108413166,11.323606416956675,9.96042418853747,16.671377330382604,32.52231479919298,43.98573670866252,8.195956833301626,11.463421909469538,4.8412539504626695,1
24.59614467287602,16.3601930250996,12.728682510848406,17.99297545722196,45.48917953418203,41.333423042072525,13.50024459414997,4.155756492109504,6.9189718797396225,1
45.37547921648296,38.14514153267291,1.0576202617240167,4.059124573744203,62.87688263958546,59.860525260172835,10.231841995830235,3.016357379412625,2.476777912524107,0
60.182136133967816,65.77529718325195,7.3546407620844425,3.612632679911239,53.764147898549886,21.92031404775906,9.335169131457338,31.843833850790826,3.65240657930967,0
25.400240328573243,21.41484769752626,9.280376413012675,21.939827919866836,29.96642379960019,29.20160924157061,16.644844137901146,0.7648145580295811,6.136454430205346,1
17.763390521706246,23.96686644144474,12.739850349368346,11.835962003889088,44.845207658487,42.81406544392483,7.107364265217752,2.0311422145621663,6.1269757877129525,1
26.405081808675565,27.71486894171683,21.60633464412141,22.031161796312766,58.90642990399137,22.09395662924172,1.7346142852326203,36.81247327474965,6.007514330213542,1
20.339277552637018,17.1346363827985,8.547241151332688,17.211510780676704,37.037958837508185,21.31796168545683,11.868910799182533,15.719997152051356,5.329747928340387,1
39.93795976091969,47.159663762586455,6.613717768293023,4.863993126739221,54.220348063075555,60.24290011644466,8.971428643220568,6.022552053369104,3.054477989762474,0
49.77152910065402,52.58343691605877,5.987856287284395,6.284109184704493,49.10585231917199,57.86622264125076,3.1081607128248496,8.76037032207877,3.774416219778515,0
39.92571321848477,37.17280420768711,2.3386826752473366,2.944805314841898,79.20232943519171,48.8507082453832,3.359031650392227,30.35162118980851,3.6858052293293846,0
16.78225083841269,22.908418287710397,10.807389895200398,20.81641066397104,37.28741586465759,21.08796421584775,16.13518821806835,16.199451648809838,4.439912607597559,1
50.953485682520274,49.63468967883263,3.7367040076819427,3.9226964623453497,54.26767973782467,50.56593780151742,1.5047884583510518,3.7017419363072506,3.31540455422481,0
48.37236866829249,58.81632035850936,4.954526740606244,4.034367700771056,45.99590469290561,59.93165738363143,11.364110730052058,13.93575269072582,2.941396708998127,0
47.13454717036321,40.65773589989105,3.359390762212414,5.448150101488608,75.14032188139895,50.11181008908865,8.565570609748356,25.028511792310297,3.4876447751966424,0
42.28702176583969,35.219112141794184,2.901066857353497,8.021806070826868,49.55068030810205,55.250529866643106,12.188648837518876,5.699849558541054,2.11013426106481,0
47.96048892215164,41.10697512501964,2.4964426521472416,3.2398926987993866,54.975109424529165,60.62084411612893,7.596963843784147,5.645734691599763,1.1208271425165526,0
30.312624596215727,19.961445954114858,9.55565975009313,23.389829184843485,23.858095818745074,39.32841806997633,24.185348076851227,15.470322251231256,4.40530929761851,1
48.66244487940628,29.372752953264296,4.216983297356157,1.6661643972571136,43.93769141439016,33.49245120618707,21.84051082624103,10.445240208203089,3.539328369798331,0
20.12109728336379,26.7184372719749,5.195438102931033,13.532842988433437,40.39762289604782,43.31678537001218,14.934744874113512,2.919162473964356,5.363406622645121,1
43.53944820496367,44.71516223145291,2.937057259592632,4.958708517637004,20.57049723982526,69.84087067919396,3.1973652845336105,49.2703734393687,3.859646886756789,0
37.08033765958389,40.45928565780675,6.019047985397709,2.9086892112748313,26.784403981382187,56.48726459436169,6.48930677234574,29.702860612979503,2.4148020664427783,0
22.26185898124867,30.155136964984152,12.254809439063084,8.477255502079453,44.22258508576327,46.25910332321361,11.670831920719115,2.0365182374503377,3.426926754836397,1
14.688032359265602,26.563036717504858,11.132691799111427,21.424583924375415,32.19870142373946,45.32801730476099,22.166896483503244,13.129315881021533,5.6785244190993,1
36.087628398704055,39.57944523104918,4.435477413317958,4.086463379289781,55.22331656216253,63.08677979159801,3.8408308663732997,7.863463229435482,3.454097580092708,0
19.064278674977256,18.354587249322663,14.007600934802689,15.110338504684318,31.939214768839342,55.48018508653876,1.812428995536223,23.54097031769942,6.137184195234402,1
46.70191820686128,60.35585245759955,2.870257117893278,3.036271369030554,28.35719368898997,45.191518283097075,13.819948501875551,16.834324594107105,2.386430714574367,0
51.26298987958858,36.02217370048979,3.4158401347679153,-0.8595105953650899,61.76790890713458,68.57947379312299,19.5161669092318,6.811564885988403,3.2317720185889085,0
41.55099544339921,35.52770302390322,4.971896766629443,4.4715741283960675,41.49207273477349,44.041925225609766,6.523615057729363,2.5498524908362796,2.0366791392619112,0
48.26442277469405,52.82976010978077,5.9823328085603595,4.0526825774948705,59.6485312782884,65.34206419677624,6.494987566152213,5.693532918487833,2.471751675471052,0
49.40638057818931,40.92408703166786,2.3989280296424638,4.376957982178973,55.84797737098576,68.58903192936563,10.460323499057957,12.741054558379872,1.230745938308349,0
48.55819046265276,43.492881183721515,3.53395156625512,5.00863803112912,57.17450588382034,60.50225398093092,6.539995743805245,3.327748097110579,3.48464531952123,0
38.394770537582865,47.862320992482545,6.357147928697515,4.771642972864446,50.50402561030334,33.261467206410515,11.05305541073275,17.242558403892822,2.449731845326177,0
46.194907858169515,52.66866482487997,-1.2480541517577022,3.7792336387079293,55.75466577454462,52.407323638337466,11.501044757176086,3.3473421362071534,2.1205749998870767,0
47.91312236843729,41.33231445454582,1.6199748003708296,4.097336086325505,48.208183981154974,48.97000004412074,9.058169199846144,0.7618160629657638,1.9639818192331397,0
20.84230488134807,28.061647521016095,14.427770433546552,25.27404909319324,32.83269950146598,28.815964259459072,18.065621299314714,4.016735242006909,5.284085016481523,1
28.308178733031323,26.913601210121556,5.185075667216607,2.832558708621148,35.54751409225923,54.14127381019641,3.7470944815052256,18.593759717937182,1.7358755304868483,0
46.28391699178784,50.078297895624615,4.044890421853388,4.100942107366922,14.224868030435317,63.53809521246322,3.8504325893503086,49.3132271820279,4.553903741718934,0
25.699392805645225,17.970926758116725,12.540704965370676,16.00197392438176,39.54164514190924,31.27935789499486,11.189735006539582,8.262287246914383,5.703176468624629,1
42.11968584994414,54.97817053286393,1.2363630020291612,5.720301591745093,72.79067274427929,49.429259885894886,17.34242327263572,23.361412858384405,2.639504680170808,0
39.17538321715743,45.13635583064436,1.8175687615152525,2.682735838089939,60.951201388063964,48.38411599252019,6.826139690061617,12.567085395543778,3.085525543433004,0
47.986788477691185,38.61675734392479,6.096016441637385,4.432610822496633,53.415636777139376,69.45806568316468,11.033436752907148,16.0424289060253,2.3796967966907565,0
47.499025683732576,49.30272874417306,1.7431146216893074,4.233131313630672,38.98992508566273,48.1434907328412,4.293719752381848,9.153565647178468,3.1697053898344922,0
26.484972732805545,19.074199474270223,9.63249573462763,17.30614130749399,20.545316600053418,16.92686418518138,15.084418831401683,3.6184524148720385,3.1888384649113806,1
19.88565968850559,13.382476810431292,17.09708903493748,12.422825676593074,46.10076123189649,19.48477205695469,11.177446236418703,26.615989174941802,5.791969870346501,1
50.85104202059994,35.762430082935516,4.6855480601980535,5.388065221935879,73.62401470683588,57.440943498489546,15.79112909940225,16.183071208346334,2.1048983887121784,0
17.47612539385891,26.29953603855791,10.469664629110266,22.731993435949146,43.33439166032965,29.756845247773803,21.08573945153788,13.577546412555847,5.427111211735479,1
24.203100132522763,11.61842361709393,8.300296737122904,15.164179045506533,31.24778579677412,31.25419769896486,19.448558823812462,0.006411902190738061,4.0810504633055995,1
47.70949854337352,43.66992277879952,-0.36676426608565116,7.054616448389195,37.290950836705576,32.03170017239303,11.46095647904885,5.259250664312546,3.30919581985097,0
18.80533950415153,36.98449075851912,12.748428400500368,23.91557259996253,18.062881457557225,37.034122121999125,29.346295453829754,18.9712406644419,6.528091811012646,1
51.9785230402276,27.880790139947134,3.015346386643013,4.473293825345699,35.94432972212356,32.04146725719778,25.55568033898315,3.902862464925782,3.6017063263856937,0
18.04120925478089,18.15331443865213,7.890992449979485,27.35966886215929,33.79833455037085,30.133867782713953,19.580781596051043,3.6644667676569007,6.876375160937145,1
15.387949077507487,38.945983546018276,5.595275204753708,14.843294236651388,35.673056252922606,23.487766083368737,32.80605350040847,12.18529016955387,6.210780762552954,1
44.48249115973985,37.29199506892838,-1.123046224224499,2.5225694689152274,-7.845629938608951,57.079377364549,10.836111783951198,64.92500730315795,2.6087332049635625,0
45.58299278412412,38.060105777843205,1.3996494026717918,2.9197219210727794,66.11409946130183,35.710955193942354,9.042959524681905,30.40314426735948,2.6917369794774193,0
45.585575928013554,42.283698683856294,3.0334017345351008,3.290298537296369,24.73859405978892,40.81354383834001,3.558774046918529,16.07494977855109,4.507476866797322,0
43.79805608961392,15.191319164323858,2.269734124408431,2.082171819988024,58.83842427329955,55.514709829173306,28.79429922971047,3.323714444126246,3.5526578517498955,0
24.9915544907398,24.15843385076073,13.135644234945524,22.04717212025455,20.64564594541293,49.338831383786086,9.744648525288099,28.693185438373156,6.348282736752305,1
17.841898436409757,19.008196625269292,11.971748381796681,15.096094261086352,28.124011787231602,44.77374038513223,4.290644068149206,16.649728597900626,6.407848944624886,1
36.04363097293465,48.262265674580995,1.018691845001523,2.459546033779716,64.9543622228393,74.75358030003822,13.659488890424537,9.79921807719893,2.949133284062759,0
41.85176115224217,37.555786539915836,2.4265566103598744,5.087048665100056,42.43093106772538,49.30066676229438,6.956466667066515,6.869735694568995,2.184510810411468,0
46.42955773448381,42.279089598636084,6.903858179034847,5.363321302794879,39.46904656467032,29.671830414520727,5.691005012087692,9.797216150149595,3.161215736918995,0
54.8337182743764,56.338213021290414,3.1558745931164194,8.760775492328978,72.54091521198927,42.88886128485797,7.109395646126572,29.652053927131305,2.951304662227016,0
49.824757479590666,51.95481215852339,5.365800978775048,6.251359864246924,27.861933543478823,42.539615114836366,3.0156135644045987,14.677681571357542,2.925082171729429,0
38.19571777002365,51.21817119954762,4.013952691656283,4.486206116656829,52.86319903878062,84.10463169754843,13.494706854524516,31.241432658767806,2.8327207384806004,0
17.676913513508033,29.530874730249423,4.468066213313094,19.537661503963484,24.31171412443409,30.152740880205165,26.92355650739178,5.841026755771075,4.6437322108734955,1
47.11820248782384,48.344258234317216,-2.5999286051871717,4.587494703347998,44.85160896942986,62.96403151152367,8.41347905502855,18.11242254209381,4.008671853227725,0
55.20312590399212,42.12881759637125,2.391083957703541,4.653191919832712,55.30270976672638,46.853861038879025,15.336416269750039,8.448848727847356,2.959637208626146,0
18.705475131479613,20.990445193074752,13.173137716019408,19.019932479452514,22.04824987586166,9.55818457831878,8.131764825028245,12.49006529754288,5.480528549554846,1
49.2668739576436,47.2774827499724,1.8565283545013327,5.567462793505755,56.86101114187616,34.99810541424312,5.700325646675619,21.86290572763304,3.3854101672589163,0
17.62548171688738,11.521199646525798,10.792806026414988,11.556750456816165,29.439142737213256,41.75814653602531,6.868226500762757,12.319003798812052,7.616245002930825,1
24.35648648728622,23.989886002754577,22.12147867456676,23.99869145863549,41.629808803918415,57.036366422883326,2.2438132686003733,15.40655761896491,4.7859367524509215,1
53.4589464430258,42.7189588832165,2.061738567745075,5.111716918634814,51.40047789397392,49.729813980260786,13.789965910699038,1.6706639137131347,3.7053251684099684,0
51.977576000583824,48.94688453007732,1.9936729619072866,3.424831704815806,40.10859669175528,69.08779470026158,4.4618502134150235,28.9791980085063,3.8157091925354543,0
42.47930615044713,55.644803834058386,0.9727883152910626,3.5864911931414576,50.06001890354893,45.29168305804225,15.779200561461652,4.768335845506677,2.8712666186761435,0
40.42603166435151,52.2532301966014,1.7408115362724046,3.724428277615439,39.2842016044397,33.02371602852649,13.810815273592922,6.260485575913208,2.668977817585186,0
47.66086008259358,32.7286471784758,0.5348218716621695,2.328797518624509,38.29435092903724,66.66947519499882,16.726188551080114,28.37512426596158,2.499569311788264,0
52.46502457872855,47.55916716007907,3.857622360866011,6.347801863148416,44.95774995923372,50.721356062908114,7.396036920931888,5.763606103674391,2.4219551292316024,0
43.21823439378714,50.805755155685176,0.08790701330713313,1.96392465615437,48.208652588962366,61.02670904948002,9.463538404745272,12.818056460517653,2.986215948631266,0
53.52137572571509,51.13490417728599,4.207466032380443,4.63631865481977,50.52837959521716,79.31329887339109,2.8153241708684265,28.78491927817393,2.8325255500866082,0
56.620933963889435,35.09364132708295,4.256157393800497,4.827295796564747,63.74568241044996,41.166188914055546,22.098431039570734,22.579493496394413,2.3397569473422672,0
23.17360734280885,22.350221744907373,14.348230138378142,10.356318422336077,42.683586114960676,34.05960716209084,4.815297313943542,8.623978952869834,6.063402977427814,1
38.30463436962976,51.95646588593297,6.099637212656679,4.146208508761487,52.95277889712231,75.54451756866571,15.605260220198403,22.591738671543403,2.912995126193134,0
43.87699952875731,37.90591703453883,4.0272185888304435,2.1807356545105954,51.770415709157284,62.03097596282925,7.817565428538327,10.260560253671969,2.6526419056449355,0
47.46090134551357,41.60243154668549,4.499396042889738,6.782084950111891,40.870575688009026,41.50325883693105,8.141158706050234,0.6326831489220268,2.0869064213745077,0
23.362868506013655,27.842357385114205,18.231621729273428,7.633966850623667,33.32612758949975,42.58105617996036,15.077143757750312,9.254928590460615,3.945245992633633,1
55.81762143093715,43.61760599692168,4.244758236946238,2.692205811536071,65.0408212276597,44.07879039844981,13.752567859425636,20.962030829209894,4.4176742006601994,0
48.39253489214761,38.18580689732926,5.252786899444131,1.5515499832888389,52.797593253251,40.92377942795682,13.907964910973643,11.873813825294178,3.7700705711873796,0
15.127353476646793,33.39240988813143,7.699587807532978,18.14542704507,35.967937773308144,25.0377161962782,28.710895649021662,10.930221577029943,4.800440536885729,1
33.51272380905178,46.6617546366815,7.003844918496722,7.182430581764587,39.42007503585999,53.176517607963994,13.327616490897586,13.756442572104007,2.959816252328051,0
19.398094180232007,15.78313856814882,14.711879883586114,9.743354909883607,36.86288541731814,35.57854401104655,8.583480585785695,1.2843414062715865,4.472670591527294,1
47.24807400225445,42.02131228882865,5.2815716009049485,4.280586851401088,40.27465444516248,39.38780797660326,6.227746462929655,0.8868464685592201,2.0610402857780055,0
27.93923499076131,46.66584427992017,3.58601761451731,2.6868460733061568,24.983248091787836,50.93749138712117,19.625780830370015,25.954243295333335,3.6260761013481804,0
53.10109927715257,54.393198564381336,4.171043065713736,5.815223622093537,62.90276180327115,21.16450339065675,2.936279843608567,41.7382584126144,1.8415334334848081,0
43.73476924502144,49.34038464295997,-0.3426645352695443,2.3515551212650943,48.27774440527361,54.1750947604205,8.299835054473167,5.897350355146891,4.347230101945064,0
70.94474375675787,38.28747905614257,3.7421074764307263,5.587278588660206,45.45437268579387,69.63160967433798,34.50243581284478,24.17723698854411,2.655748380199208,0
20.952498398895333,20.429450258673434,7.736789154604967,19.104542605845538,28.547713541610804,17.067470689684015,11.89080159146247,11.48024285192679,4.131806632760924,1
43.548407446019866,41.60387969962018,1.3072033884446246,2.7109845962486565,78.07571936473757,59.251423459711916,3.348308954203718,18.82429590502565,4.382451038913464,0
44.14930397974948,34.11437582360473,6.488206368931957,5.516564772235842,55.31885417907024,42.834784723591554,11.006569752840866,12.48406945547869,2.9148555923348898,0
52.96465211201624,42.62366912587622,2.572459503875302,5.727654688311534,58.24626832467627,64.03751730540054,13.496178170576252,5.791248980724269,2.4244757015116716,0
58.625380879344306,55.50535360916562,0.9933963380490067,5.194945867793522,52.43923435373401,54.37971176818418,7.3215767999232035,1.9404774144501715,3.155820377512731,0
31.895767540511866,45.3219204005194,2.2817367437822504,1.9006517684864104,54.050744201677944,58.07056168990661,13.807237835303377,4.019817488228668,2.855872826682749,0
30.708996277162505,44.10017491463829,0.3990995421561725,3.1065462685543426,70.97936915839122,52.972358481331604,16.098625363873953,18.00701067705962,2.6787464291315257,0
40.02372155556495,57.09769315762283,5.86776893639254,4.313797482397026,46.237180081584576,71.92497709576529,18.627943056053397,25.68779701418071,1.6735093963373622,0
49.66190066539092,32.54916122356458,1.60863851166697,2.3014380761798168,28.145936817189053,57.211157165426535,17.80553900633918,29.06522034823748,2.5883571330763306,0
48.97498872406078,33.715207087577824,4.058599867887338,6.741925520258587,63.02081981341665,41.41864428996323,17.943107288854204,21.60217552345342,2.111616702595008,0
53.5581716398708,31.073228232265343,5.71221342842065,-0.8038938879010917,57.45052418363588,53.48072578481506,29.0010507239272,3.9697983988208208,3.4413181651401894,0
35.40241977307753,46.98118549184044,1.9996946375705413,2.442520969261694,51.61969719327564,46.46678435550926,12.021592050454062,5.1529128377663795,3.79285705327794,0
26.470849096248987,45.331945016921,4.064044864545572,2.9808669942603365,57.0612986232168,54.43599859779384,19.944273790957247,2.625300025422959,3.5925472031388774,0
18.88267008814074,21.130728628312678,6.8902535846186295,16.3597029547027,14.550906304068844,34.54819218346998,11.71750791025601,19.997285879401133,5.851763327468667,1
38.37442981627812,45.94780061709416,7.891539138227368,1.2075417395276182,50.3103887428139,41.847838966805284,14.257368199515787,8.462549776008615,2.3176743462872786,0
28.852097084890897,40.76674272416558,4.872760269233244,5.250579025084137,48.02449619210135,54.98908319122669,12.292464395125577,6.964586999125338,3.164320618081528,0
46.160509967675054,44.014358983024856,2.614787122478388,4.060567273105928,41.12767614393625,52.8368444292483,3.591931135277738,11.709168285312053,3.634212114915501,0
23.99970950971025,18.55550453747638,17.430478532200556,20.107290520076884,33.44133704828065,39.80395594585185,8.121016960110197,6.3626188975711955,5.599601262463418,1
11.91844695781706,20.31324709067148,11.425673645151463,19.11171149343776,36.235995270520135,21.745301556017395,16.080837981140718,14.49069371450274,6.84184583171127,1
41.33721291054009,65.68265315467914,2.3200325552969616,4.866092757207893,85.41323257719449,22.28719228757039,26.89150044604999,63.1260402896241,2.8836307285840617,0
43.725102142832746,48.15896814481529,6.9058891079990135,4.6264764980014235,63.16043313809713,46.54193802305031,6.713278611980134,16.618495115046827,4.3298933356883875,0
24.75153795986788,18.23113756498493,15.692179308907047,14.537003023658036,28.773448996923804,37.19502814193426,7.675576680131959,8.421579145010455,6.0054666873222855,1
34.21562310447867,48.92131187422864,3.269602846580407,-1.31016403575898,46.637505057636055,58.23507961144864,19.28545565208936,11.597574553812585,3.4873276893987133,0
39.28255458407654,49.67528784469284,2.96332386673258,1.2108809733478494,47.47181126144663,26.891531074768185,12.145176154001026,20.580280186678447,1.626645012827652,0
49.17023924011052,42.875572115980546,2.765179399310261,4.201351006197868,55.878299434131684,37.17443406378848,7.730838731017579,18.703865370343202,3.1382698614140665,0
47.573428331012,38.950070910074395,2.782766690123315,5.232051417495343,35.159325938904196,46.564983125877056,11.072642148309637,11.40565718697286,2.875989256860344,0
25.809391513040953,13.205956855947429,12.751767105731027,8.78790163083794,18.288323321987633,28.887347856956467,16.567300131986613,10.599024534968834,6.016371477407941,1
15.36323432904713,11.385698177563608,14.289885647118943,12.613275707780828,42.53063726928913,22.123416704015582,5.654146090821637,20.407220565273548,4.377453922727448,1
43.547974702914665,37.520879207284736,4.21796889298487,5.874812564938991,38.935724561398416,52.186074747198795,7.68393916758405,13.250350185800379,2.1297851021619443,0
27.583479628457162,55.35228489093811,3.837823222745573,6.964888057509273,36.84871652793152,60.69964865435888,30.895870097244647,23.85093212642736,2.945586009675374,0
46.42781331108312,46.34681629058387,-3.067978724290538,5.875979200582679,63.78206970053536,74.26090829831045,9.024954945372471,10.478838597775095,3.891484622552369,0
20.947908082993717,21.8926301379499,9.271700807904868,26.10160929002441,44.22595197789977,44.901600237659935,17.774630537075726,0.6756482597601661,6.535381066276399,1
25.005230462835705,16.141599708017218,16.609394555847704,18.03118596748144,34.868948111619645,45.276978629316666,10.285422166452225,10.408030517697021,4.813894897170803,1
6.483838535003814,21.72847418821398,10.061485741599675,13.985380217328862,31.18594423056874,30.042082988599446,19.168530128939352,1.1438612419692937,5.824385495012042,1
23.38937659765454,14.60139216991087,12.573670522725905,14.726268021618923,28.24541564958237,28.07240077915806,10.940581926636687,0.17301487042431063,5.341991461053618,1
55.02274107541987,50.48021790804893,1.1475217748228983,5.02311105704401,50.78559259587494,57.3953815647557,8.418112449592055,6.609788968880764,2.8969683809171354,0
41.414203069598805,38.201111329599584,2.4764385553145862,4.730863685649418,67.45242499546072,64.72991428258334,5.4675168703340535,2.72251071287738,2.907804174358607,0
39.46199736587283,44.432413302768005,1.801288589894006,3.757025789119178,39.427227339139144,37.652495654889705,6.9261531361203446,1.7747316842494385,1.9235958828763915,0
26.86829272581479,15.74637047171651,16.186850855103053,10.794757848008528,12.810900439711187,25.628052827404435,16.514015261192803,12.817152387693248,3.7323922495485435,1
45.82750503446485,36.35153158653284,3.190055770544146,3.8357266728919073,42.56774478351038,39.952115573094154,10.121644350279768,2.6156292104162233,2.477699105132529,0
61.33660832114995,62.54109430939103,6.456658761132667,5.973523234965645,67.47988398834923,63.589344789520496,1.6876215144080966,3.8905391988287334,2.9759435063682096,0
47.21886769571741,32.74165245206078,3.827508405894775,3.117048389374181,69.38440620327061,50.96078319506302,15.187675260177224,18.423623008207592,3.355498371534238,0
44.82176816653029,33.615168770502734,3.484900361271639,5.7866945252162925,29.061646483045713,47.18731158497354,13.508393559972209,18.12566510192783,4.5540460712283135,0
47.576658486135884,54.51381260562863,3.1364135652056726,5.4741413412353435,65.09361120967455,32.774951250205184,9.274881895522416,32.318659959469365,1.9457839643630053,0
44.911263968411184,49.70613000637234,4.635984198514674,3.4021252059603393,62.28362459520926,50.98908620209311,6.028725030515491,11.294538393116149,3.691985748052979,0
38.49588502191896,35.792281460153774,-0.47537239649068663,6.7776002072391535,73.30392215674742,43.48617467522877,9.956576165495026,29.81774748151865,3.694978604939174,0
51.586239325421644,48.858312120813544,3.17068791104102,3.288906657618588,55.77662048189569,55.65009347896243,2.8461459511856684,0.12652700293325836,2.4894281817765815,0
46.806092184894034,55.742803559978476,2.8599071125440703,7.019093725225263,49.33609819582135,34.85549202031824,13.095897987765635,14.480606175503112,3.4796030784415852,0
45.140906015469255,43.757895539224116,4.450837654315532,4.868253963081945,67.17825029857488,54.66859389259301,1.8004267850115525,12.509656405981872,4.314748921033513,0
30.85471358748907,25.758608034723665,15.732266422883942,11.165652374410442,33.689151288291946,28.64642929454007,9.662719601238905,5.042721993751876,5.222152692259023,1
55.428063455478075,30.207505513055715,0.9225311316746598,2.2243972393246922,83.6734762122309,33.2605461139728,26.52242405007239,50.412930098258094,3.193175837708124,0
50.31762196266488,49.55058763087282,3.0147013498393984,3.8234795397299175,64.38061767442741,32.0907394318278,1.5758125216825802,32.28987824259961,3.323841091151828,0
22.75742688020234,12.259704820352539,4.904899471189926,15.46953240830225,33.98232784692272,30.62343121527323,21.062354996962124,3.3588966316494933,6.805726351120516,1
53.014598829455494,51.13075121284197,-0.8505244251749708,1.483407229498189,32.38843429435743,48.904014138391865,4.217779271286682,16.515579844034434,3.61543340857281,0
28.475255202153765,21.01454808980781,13.13515211135232,5.10335152501799,30.32426604187004,30.488026143028783,15.492507698680285,0.1637601011587435,5.765970511567461,1
38.743972059911705,41.6764681439108,4.158123145389341,2.3923936398058285,28.460675329579757,56.04735448565772,4.698225589582611,27.586679156077963,3.410748949078402,0
38.922375060157705,47.553161368698056,3.9341818879871493,5.171983537957564,46.77406945908705,56.61329376592671,9.868587958510766,9.839224306839661,2.2708210799010216,0
30.83145157529527,50.52603589321656,5.6058568438916225,6.612560951456405,63.89101389849268,40.622151085312,20.701288425486073,23.268862813180682,3.131202794911646,0
48.772339043345646,48.8197874902589,1.6699362193921496,1.5461686474095186,49.94493367279227,67.87604362142764,0.17121601889588867,17.931109948635374,2.6189269874555885,0
30.3508409732932,52.320463126347114,0.13777171445748992,7.424615456733845,65.32587903140109,45.36661710987771,29.256465895330273,19.959261921523378,2.0161368758767297,0
35.1724493498739,35.849040343466115,2.859940446383911,3.7428979312297406,55.0636060015852,58.752246400895984,1.5595484784380433,3.688640399310785,2.5926843604504795,0
17.8534888774137,22.175143023613405,15.347964618534695,11.816347204459714,26.688357341441787,33.28763736348433,7.8532715602746865,6.599280022042542,8.456530837995917,1
44.311442457672854,36.47987254300997,1.3154085664598627,5.515509560416366,51.31437732754946,57.634318475545626,12.03167090861939,6.319941147996168,3.3486378210961547,0
12.968412681640832,14.604758132678318,10.169292028046268,26.538441138677257,30.082744943423204,42.06883578682246,18.005494561668478,11.986090843399257,4.808090889417029,1
42.38643029450909,52.12176713451444,1.7767897075908305,3.8365266479370117,52.08835097695424,57.904523148618495,11.795073780351533,5.816172171664256,2.249858626620103,0
12.476398129844988,24.743945686520593,7.560999488446903,13.409286836692866,16.12246918998563,22.4915466554093,18.11583490492157,6.369077465423672,4.050098259042981,1
35.62212997250688,64.85487330519815,2.117646618412479,2.3665241362701996,38.4642483861994,64.20760855976033,29.481620850548993,25.74336017356093,3.4065184740926906,0
48.714958908372594,45.54725093751774,0.7272496665922854,5.447994064803807,43.50535602136676,39.71972435183203,7.888452369066378,3.7856316695347303,3.7096821296370823,0
40.5955845463321,44.47753504463789,3.4632961432218456,3.4273971942116255,83.87691194231967,25.451629961641324,3.9178494473160113,58.42528198067834,4.0942643417412485,0
47.530866572289156,44.84946335552173,1.6879304835186901,1.1266964156415082,68.42699735635314,37.39963870848855,3.2426372846446103,31.027358647864588,3.4303096876724792,0
16.239217972047083,33.6534735685378,18.705819847658653,12.344704148106622,33.22020479655214,26.07256270588052,23.775371296042746,7.147642090671617,6.607716336475033,1
46.44850194216866,43.53730710097925,6.207732134535732,1.5888352979524893,14.495465637404571,49.681617701683905,7.530091677772656,35.186152064279334,3.0918795664655336,0
55.42622429852851,53.02230421689317,4.358762746023812,1.6934796546494826,51.142886321730835,53.38093443319843,5.0692031730096705,2.2380481114675987,4.327917680741906,0
49.68932640314227,44.911765345022175,-0.10205236396663997,6.385212409954632,63.40209341638985,36.19545078930419,11.264825832041364,27.206642627085664,5.21155919822831,0
41.70068945426816,37.65232216093223,6.010391997758079,1.6073202015795762,42.20087243866689,52.983305877254175,8.451439089514432,10.782433438587283,3.3704770925938874,0
19.199336022166797,23.7847723187069,12.721220205350011,19.53171617698576,22.72050132525687,28.943499049109196,11.395932268175851,6.222997723852327,5.633933028693592,1
23.356700382252328,22.836986776884753,8.175457188165844,16.05317722607529,26.450786463007663,20.12593845146318,8.397433643277022,6.324848011544482,4.385484399458986,1
21.065983141188447,20.290978373546793,9.636726607634284,10.993898200935583,51.27297413749568,20.1903638215298,2.132176360942953,31.08261031596588,3.8332713771243343,1
42.39511158281197,53.5486922838101,1.8966497239066438,3.5646897577237673,61.341727642627724,58.676458867632185,12.82162073481525,2.665268774995539,3.9310831218740994,0
43.68531835291687,33.276090869068504,-0.7324918696991789,3.3709992132996,42.021863106465965,60.27771370963765,14.512718566847148,18.255850603171687,3.8064362341862807,0
16.019870715982556,20.450949171811395,13.501438784577893,18.72593440946914,48.96604068573929,28.157773851682617,9.655574080720086,20.80826683405667,5.039957410926323,1
37.0531304033444,45.154480155480634,6.458601732089512,2.494561516193864,60.05250893195694,28.17873827433439,12.065389968031885,31.873770657622554,2.7455840751955076,0
20.10655824335971,18.103811082316714,7.267657939000939,1.9721162215573358,22.940148345010893,32.16914217176604,7.2982888784866,9.228993826755147,4.1342192259003525,1
29.50595342876504,23.77139545024362,15.735241704299987,15.555337365978163,41.6876891701112,27.096715556573937,5.9144623168432435,14.590973613537262,5.508660575305478,1
19.696695930926897,20.570597949666293,14.012929538129985,6.321330315261864,30.552304364811114,30.84001273839414,8.565501241607517,0.28770837358302614,6.412091334866097,1
35.26173846223617,37.63223700919601,1.9740515120643765,5.284242007753168,59.432207424991425,52.239756500832975,5.680689042648636,7.19245092415845,2.4097858154767193,0
46.27570005443303,45.53511636017318,2.1129568003257697,2.480696478333244,49.25743030902398,48.24359173844858,1.1083233722673285,1.0138385705754018,2.0960637880042983,0
10.984301618720275,29.063109779106036,15.290291684801922,18.731866209126864,23.41891190617234,24.140844371904915,21.520382684710704,0.721932465732575,4.757882599366558,1
49.10891571384877,39.55771117919171,1.8756753161305455,6.034348428340312,45.160883407975305,53.21870614359704,13.709877646866827,8.057822735621734,1.719010942706428,0
45.2777099900205,47.42370101242108,0.15588300566413782,2.01827849196657,54.23566626799273,43.760192045751204,4.008386508703012,10.475474222241523,3.239712949955044,0
29.25196629249557,57.784597741169996,3.430063885886912,2.786672118498866,36.255604294931594,65.88643675685466,29.17602321606247,29.63083246192307,3.674840327335115,0
12.094046489839332,38.2181653864305,3.7114595356140523,22.928395865503795,30.106933117964804,14.763146214409883,45.341055226480904,15.343786903554921,5.2936060174817285,1
51.48638916473368,28.61782582350131,4.739145037306843,4.069482467078048,54.35907045892688,51.036023073555846,23.538225911461165,3.3230473853710336,2.6874081805132475,0
37.04909860132118,48.616577470681115,1.380529065220377,0.4057126647417908,79.73769595546815,25.551236020120964,12.542295269838524,54.18645993534719,2.0005004124200685,0
48.361532343159936,42.57581367948929,0.4975441692446485,7.494118289107028,85.88447575504637,38.3171009319082,12.782292783533023,47.56737482313817,3.469615391836152,0
38.14801410072641,45.24124274292285,2.431624235690443,2.9399784824400683,61.44979177149722,59.87220554514025,7.601582888946069,1.5775862263569707,3.9604184735627364,0
24.48419657932766,16.949070208791085,16.48274282569038,13.664042171723558,34.994146079390696,37.86624882616822,10.353827024503396,2.8721027467775215,5.335788190170282,1
34.88401274436028,44.94070903909762,4.291196157919091,4.511568504652731,35.809032318116465,30.64423271944098,10.277068641470983,5.164799598675486,3.4055265602342875,0
30.655148379723386,45.21125916857615,4.407929353588467,5.250153594008146,63.57124704888236,87.72917475123437,15.398335029272442,24.157927702352005,4.265212094985447,0
9.240922993353475,17.111463983058712,12.45723501223699,15.420050954621756,25.205405890495413,27.753566710840893,10.833356932090002,2.5481608203454797,5.6440766748777715,1
16.4042334037879,23.056902711326153,12.007214025425657,11.053767025569014,19.719321875358894,36.122206935654475,7.606116307394897,16.40288506029558,4.6471072241343,1
41.81856245108317,40.410434539044125,3.241217095227157,5.651904417851892,75.94681081184365,49.416967531311094,3.8188152346637767,26.529843280532553,3.8326828320505264,0
15.06410236424408,20.408574757178787,16.43377840689157,15.850051094901048,12.9313743780695,50.05354459125924,5.928199704925229,37.12217021318974,3.9519990421157996,1
41.8008075029509,48.791970733474116,1.9076677915639606,3.7256701782517667,36.135437472779955,60.50179585882307,8.809165617211018,24.366358386043117,1.9614463879575814,0
47.15435802064587,50.826791818721176,0.1710739772673584,5.5745473896324444,46.4536109244398,72.04891113316748,9.07590721044039,25.59530020872768,3.6498569529167835,0
18.875720090959607,15.311066875885516,8.773961483897672,14.811410251172044,16.635975766417367,27.224000486263485,9.602101982348463,10.588024719846118,4.798405745590909,1
16.7499870958827,29.181465692568114,10.163118408043038,18.78363501426714,21.228660615525754,32.4819217725983,21.051995202909517,11.253261157072544,7.236945798815445,1
20.84327335983364,18.418631291608172,11.295463209156887,25.257547320427907,40.96724207629284,44.994312150704545,16.386726179496485,4.027070074411704,5.3430835976763,1
22.209703247847045,11.953183237280529,5.863501226204594,21.53308534647524,36.88108024404269,46.11105009112135,25.92610413083716,9.229969847078657,4.082619530677981,1
35.59061330756175,43.52933716694782,6.36153142677638,1.7293674375224537,31.981807716601057,68.52876745962074,12.570887848639991,36.546959743019684,4.122426742021492,0
48.90048237669375,42.2325462004831,2.995507596485758,3.4764246527518075,37.433874884767135,59.72667931647669,7.148853232476702,22.292804431709556,4.329999012626934,0
19.507059338578692,22.963536599030558,14.09008306576956,16.148215277838982,38.876229633803966,21.385023587938125,5.514609472521288,17.49120604586584,4.472837857643375,1
48.84726474199116,34.80234021682075,3.246037347053511,3.383486740493227,41.6985313103717,54.678828982504754,14.182373918610125,12.980297672133055,3.87209649694201,0
23.541072116282784,20.581306979584845,7.924779209637146,17.49457200482207,16.1562185578631,55.03784309217493,12.529557931882865,38.88162453431183,3.2154353590224805,1
21.166080656317508,21.282282253787372,8.74125738704932,16.37230088806921,27.920876899338857,37.39094104255102,7.747245098489753,9.470064143212163,7.315355282577672,1
24.765683169566223,15.38089371260144,10.17863030741875,15.116925625780906,29.021075948278636,16.060874733159928,14.32308477532694,12.960201215118708,5.753220436266738,1
33.61620059790661,41.83785916508889,-0.20745895005979076,1.6431265741386487,46.29221951968378,64.72130738201386,10.072244091380714,18.42908786233008,4.72540359089895,0
37.23900591696285,45.741745608697336,0.1121421550155457,3.1655303295233708,48.16696773438885,55.55561835794539,11.556127866242308,7.3886506235565435,2.6515027369978768,0
41.81953787606623,37.4027972776745,3.0385817607478858,6.741583667611555,68.15573913592644,63.82270013717716,8.119742505255395,4.333038998749281,4.21131557981782,0
54.90123006009598,49.6279371858002,2.9553829221751378,4.141729994110273,48.636187953143065,66.1674978043624,6.459639946230919,17.531309851219333,3.044028655224436,0
48.038141088327166,43.37742851090822,3.6871091540798715,7.8613165181125195,72.4100787156132,58.42682022340491,8.834919941451597,13.983258492208286,0.8574860913174831,0
37.25563393191804,41.79238838643089,6.750450776966777,5.47586985252431,58.112423155767374,59.525744863512955,5.811335378955319,1.413321707745581,3.51238845093517,0
42.517538356920774,41.106209311252904,3.2090280721516424,2.710382127213033,14.708202951719613,36.84505318605199,1.9099749906064791,22.13685023433238,4.013003756942649,0
40.08541484722964,43.49684906480113,4.196344300669589,4.102152608930156,67.66355621224196,43.74469618270268,3.505625909310922,23.918860029539275,2.9608032250875644,0
39.32168806213172,40.41697884054433,1.048934128770736,2.293563763716241,63.69090219679713,64.65075179486097,2.339920413358116,0.9598495980638333,3.986440803588331,0
52.83111646845423,49.26514428802051,4.535875327033074,2.66313393870246,64.26998909165818,73.3544677272777,5.4387135687643395,9.084478635619519,1.6657379884663301,0
34.02605496589196,40.83773161587055,1.9472182697786444,12.958168502051514,21.33532432182113,22.893546617374597,17.822626882251463,1.5582222955534668,1.8915485888805044,0
20.799281959987002,26.325981717433816,10.276015199120748,23.910120563507363,9.562312984735037,33.47279855767479,19.160805121833427,23.910485572939756,6.4038580431987375,1
51.62583752147698,55.72168402785105,2.782302749861677,5.722195978013346,41.16942749664845,52.35430903621975,7.035739734525736,11.1848815395713,3.381691782254025,0
53.726893364829586,36.86765208116396,5.0659484698280615,2.753639369383872,37.383179486594116,38.810883068789835,19.171550384109814,1.4277035821957185,4.085263094873823,0
41.296483903797935,44.55763415543424,0.380046891250001,7.139168132562158,76.12883797840908,39.662205337274756,10.020271492948467,36.466632641134325,3.5111395733988484,0
24.847286002633684,16.471293859426474,8.687277744505968,15.735054168064318,32.61577484065407,34.377973631390596,15.42376856676556,1.7621987907365266,6.285909338021841,1
33.5347854838023,41.38681949449111,2.573134605824151,7.763242578715541,49.45158586056244,75.7206395375715,13.042141983580194,26.26905367700906,3.1704364976595087,0
40.80270074346558,60.01941974115837,3.937062513810248,7.666228296796898,58.28012465473668,21.522646655167886,22.945884780679446,36.75747799956879,3.4805819562305196,0
48.949238781145205,41.53942866307361,3.304538751615,1.0418214238049561,58.539525018340726,49.44285776527455,9.672527445881641,9.096667253066173,1.5006128010422968,0
55.36850449425117,46.88180829661943,5.464408474827822,1.7803210214601854,-0.023390659387445112,58.949205126855816,12.170783650999374,58.97259578624326,2.9650932242095878,0
36.14274546558039,48.330570352066225,3.874745348359337,1.9924243690727272,40.30463694275955,63.70320958300363,14.070145865772444,23.398572640244076,2.73153396484942,0
42.07595250411787,35.994965020134075,1.8723033362802801,2.112118713335126,28.808171333130847,56.78691014603558,6.3208028610386435,27.978738812904734,2.476245541003404,0
43.78960623813982,37.15923620472636,-1.6508403082793608,4.646904728520781,56.004591397322294,78.42103824904173,12.928115070213597,22.416446851719435,3.399021641402138,0
26.962326500321645,8.65855499237682,8.569067293579922,10.054227410035066,9.780064772519367,20.919466731705576,19.788931624399968,11.139401959186209,5.288068587804339,1
18.749767427005235,18.89158588314966,10.460831905583717,12.930949406890514,35.44322704765736,49.75846894791195,2.6119359574512213,14.315241900254591,6.451287627193093,1
39.20807734605913,21.199759125462542,2.215904434665771,7.8093597641632755,18.822203766642154,42.30448494481046,23.60177355009409,23.482281178168307,3.4475929033671155,0
43.43687719058381,48.35665920634902,3.0566405273555284,3.9870768118419204,45.35221662964253,52.86974419883275,5.850218300251607,7.5175275691902215,3.8670106482087787,0
19.32845629264726,29.46043478312297,14.421618019050987,21.401760104185676,23.418865069083054,39.447382697153195,17.112120575610398,16.02851762807014,7.2360234033847615,1
38.68529195424261,45.18256591229222,0.9694152515003682,6.976269254480403,71.14174224653252,65.51296660823492,12.504127961029646,5.628775638297597,1.795812625316362,0
44.943640116155564,32.66984912527514,4.246471793277635,3.098586881645482,60.7829512931105,50.193357060382354,13.421675902512575,10.589594232728146,3.2231228858712093,0
43.27512337145582,38.85778893680042,6.274243580003411,-0.018430688051123134,29.96802059827822,57.367315937798466,10.710008702709935,27.399295339520247,2.7709830129058384,0
42.025136941770675,40.328985239800026,2.6543732962131874,3.564063230078541,68.89102704488185,47.299470530723895,2.605841635836003,21.591556514157958,5.322120209994977,0
11.687540059821629,18.401071636497633,11.880934046654392,22.581737328995985,28.852111783654497,55.44419387763796,17.414334859017597,26.59208209398346,5.771184952125166,1
25.162731021708286,18.057190226331652,13.286338161491024,18.592451486585645,14.971982886949302,44.462627809986806,12.411654120471255,29.490644923037504,5.737248928850555,1
58.22893814793828,50.48208035500267,-1.4487682172177374,4.178456573749498,19.62445528235384,37.080228550431904,13.374082583902844,17.455773268078065,2.8617376354588675,0
46.11909786271302,34.75638564945872,3.673806527953232,4.126035317798457,64.30392425993776,37.948488511254844,11.814941003099523,26.355435748682915,2.025550523648441,0
52.96894571928903,49.800648355580066,3.9045487552971574,5.047369482758329,41.117505050249314,51.58346904487972,4.311118091170138,10.465963994630407,3.4511052423636777,0
33.8782245987723,56.214501308618125,6.351272587691124,1.574956105832643,55.192487315821715,61.89360936109986,27.112593191704306,6.701122045278147,2.936683978983362,0
46.26209151435015,59.220465641836476,2.61201041486675,4.822720555139416,51.025907909549936,79.94343329670771,15.169084267758988,28.917525387157774,2.937349053256452,0
36.221053448231466,66.9216961846877,3.8169706762929403,3.1207676939659876,73.07592476657418,56.54486284998593,31.39684571878319,16.531061916588243,3.0755546603989243,0
23.898302661346698,16.53612947690506,17.563334192706574,13.963216156529977,45.89446936104708,33.59165260321388,10.962291220618233,12.302816757833199,4.8233561169936,1
39.08502874032771,66.59376341116163,2.2871457589498427,5.9148196904643795,49.773296148710784,27.80723597853747,31.13640860234846,21.966060170173314,1.6085954832659826,0
54.53519467530858,41.166348891929694,-0.05037087332439594,1.5512004535579407,73.67923085717945,82.19433774150974,14.970417110261224,8.515106884330294,3.6696184050967453,0
17.18915986710849,12.293196317107977,19.584493105017387,3.4307025219656246,26.96913922887986,47.16744797533817,21.049754133052275,20.19830874645831,5.719882718842109,1
18.95389063127736,24.28466842819031,6.5566600867956835,15.102950886173396,34.60327818381483,38.57912631592761,13.877068596290663,3.9758481321127803,5.799610033585342,1
32.73839552088055,39.3435093272559,3.5983995321777917,2.9714620568587184,47.02076415682304,49.52955928813112,7.232051281694423,2.5087951313080765,4.028723936532232,0
43.4297547888965,47.19235312517221,1.7528062393347215,5.799658992265915,34.96187056992606,35.39200303211503,7.809451089206902,0.43013246218896484,4.423558873816091,0
47.413600071213885,33.43938249810159,3.1666907019501838,2.559223282399057,50.017414800813086,39.680698064197436,14.581684992663426,10.33671673661565,1.6396044490988866,0
46.404289836628784,42.089979183492524,2.333239888784669,2.8891992011153222,60.375576704119815,80.6565344820012,4.870269965466914,20.28095777788139,3.024195862139719,0
30.249651332154034,54.28465787489343,2.3370012234009714,2.5801617340958707,70.30564759964767,37.16493342570981,24.2781670534343,33.14071417393786,3.218330548132829,0
17.037678704235528,12.997140705021991,13.790785065580048,24.862623865234525,34.43675726888116,34.03692278476459,15.112376798868015,0.3998344841165675,6.420670556379502,1
44.487377886810265,45.13276629391906,3.08104588463402,3.0151117751755665,45.57853888661701,41.46669270886631,0.7113225165672503,4.111846177750699,3.642073091534532,0
49.29032727613752,47.80206883773849,4.522348078103277,4.9200907817671125,35.1912615195168,34.02728870558091,1.8860011420628648,1.1639728139358922,3.0930101419313383,0
27.43097743120043,53.36529303454128,2.7587139317403304,7.951410202460148,45.21891650633781,52.22959862268265,31.12701187406067,7.010682116344839,3.155327676555997,0
43.703008196161136,30.758202302484534,2.3002293017539936,3.8503631592988294,32.27703870004767,68.33365768997858,14.494939751221438,36.05661898993091,2.265957665326452,0
17.63080326464542,8.403687435104302,13.023908585675084,12.088664687456115,7.606773334357747,37.17027644824758,10.162359727760085,29.56350311388983,7.245348348050005,1
19.927738645608603,19.895330766390675,7.522999031117425,12.690122010143579,45.443334869712345,40.58551470103379,5.199530858244082,4.857820168678558,3.8748484884076753,1
50.5428606738995,45.33310316249471,2.2801778128666568,6.054383120080828,60.91235306235148,56.37791969521981,8.98396281861896,4.534433367131669,3.101838306980747,0
49.66057055047044,52.47960135809901,7.062317426146462,3.966397368044519,16.910972301284325,51.16338493480281,5.914950865730515,34.25241263351848,2.5888512792295573,0
38.60047594638453,34.44650678870525,1.1746424786082659,5.284215517997227,38.995880808700406,67.04086825122437,8.263542197068238,28.04498744252396,2.6511445455629086,0
29.73598290301354,35.89884446845528,2.4426873322413813,1.4252428137293092,39.11722543337127,45.182375510465945,7.180306083953813,6.065150077094678,3.1763165657007724,0
41.85557794350879,28.51656032228955,2.2250226734606193,2.4399136837000963,67.80690878612037,48.097648305599876,13.553908631458718,19.7092604805205,3.0390379027045036,0
53.01305460166848,39.60672846588979,2.505656775511201,2.7906496367361617,33.292334338984745,49.757044531850966,13.691318997003652,16.46471019286622,3.723857695295516,0
56.14763622019545,54.64345875503053,2.33752138224321,8.481224240348563,53.39986039473491,53.33506165830223,7.647880323270275,0.06479873643267808,2.6157933699806675,0
50.684392818382285,43.035302492212246,3.5584802024419995,2.374830971489466,48.07807378370328,46.111574839636155,8.832739557122572,1.9664989440671263,2.02529551780734,0
48.43472658241387,33.27900083476172,-0.4203502027835886,2.345046497476341,65.64563790254573,43.680338379309866,17.921122447912087,21.965299523235863,3.2875088618564026,0
48.03711718708772,40.114570043399624,5.074342945064009,1.912158039502033,58.93747796765821,24.24433472677238,11.084732049250075,34.69314324088583,2.6179761176010374,0
40.55105002591375,32.09710637207502,4.265165599284394,5.119623523861522,51.818655977305696,43.519191863198245,9.308401578415863,8.299464114107451,3.6269455592290933,0
43.95951765157104,34.99851118615071,0.5142568278737305,4.285242785337766,41.67999688117898,62.72834902122628,12.731992422884367,21.0483521400473,3.0060309043660807,0
58.35255620661065,47.110551282109704,-1.5381545459048027,6.17351795405313,22.21486245335186,64.75368279053329,18.95367742445888,42.538820337181434,3.523850563491858,0
21.84821096099047,28.36086291202762,11.834035581690483,11.001285559447341,21.10747837529082,26.244145461547085,7.345401973280291,5.136667086256264,2.768964171975162,1
57.91823032567881,52.90107444162641,2.514667077145755,1.2392203065518652,57.95734697794809,71.49228997272643,6.29260265464629,13.534942994778334,3.114709010583857,0
42.42377476406353,43.43103767335731,8.16058379738155,2.385444459979259,26.376985812880203,51.569438924494676,6.78240224669607,25.192453111614473,2.4405894340928667,0
55.60345687276063,44.6847576315562,4.086513929948547,6.730657496551643,31.494587535071762,31.932304422760783,13.562842807807526,0.43771688768902095,2.023701077539024,0
33.74547992401969,41.773016259136845,-0.6151792983629152,3.59340351084639,53.78494960057514,27.214239153186163,12.23611914432646,26.570710447388976,2.311113697543188,0
49.68723360931719,50.182782708349784,1.620688990198112,6.3751836360360254,55.08712529311805,70.27386883929589,5.250043744870507,15.186743546177837,2.564418326579313,0
39.105838912419024,50.265279102216084,2.8935751274540333,3.700638104169366,35.14029034861911,46.40494412108389,11.966503166512393,11.264653772464783,3.9957556216190815,0
28.66257499742546,25.034412594836795,12.873355001768642,10.702809066023445,12.58283380133896,33.77660996468989,5.798708338333862,21.19377616335093,5.6128424784581235,1
46.74827233928757,48.518312847261186,0.37050227937915414,3.393478444666588,22.4526674214436,18.11085742846698,4.793016673261052,4.341809992976621,1.9827677997774213,0
53.07577430876775,42.303282640636596,2.730019544045877,2.063900408900608,70.6589585571985,46.064258336872854,11.438610803276422,24.59470022032565,3.105181937997335,0
38.24046849125203,48.337624055272386,1.5647217247789187,2.8688944751951526,30.501883889473216,58.07126288494542,11.401328314436588,27.569378995472203,3.0233445285421396,0
33.007872316332794,41.296977796209546,0.7924828747953669,4.401851413130492,58.13389086872826,41.53463283930693,11.898474018211878,16.59925802942133,2.6063575903918417,0
44.26524188532036,44.01785297729921,3.519191293397908,5.023210180738041,49.475589557699294,36.201322597991926,1.7514077953612768,13.274266959707369,2.871021227323099,0
16.061081240458805,26.78710420829283,17.264029678873992,0.4409802764136721,49.799483682905986,29.915073689797204,27.549072370294347,19.884409993108783,5.509528627627886,1
49.38655702043599,40.342251685446435,4.682082553923239,3.965263984981804,38.11618860837865,70.64788028717284,9.761123903930987,32.53169167879419,3.5365646123193413,0
19.159280907076052,25.875342521655355,11.251769934105349,18.87468053554237,30.843410321982113,40.93004368199712,14.338972216016325,10.086633360015007,3.744838115521689,1
17.639547111514364,15.405731490670764,12.381848165433187,25.095996263556323,38.49456255104331,31.11167859155087,14.947963718966736,7.382883959492439,5.414696640657623,1
59.844026518354106,54.4848473025077,4.429099522927012,4.265369238266153,20.922097445903695,70.16136609426385,5.522909500507262,49.23926864836016,5.309238449372259,0
46.79387795628234,53.368815773356474,3.618108876208576,2.899096254621576,58.94500375798211,59.412644341356305,7.2939504386611365,0.4676405833741981,3.8410017682193773,0
42.2285879519448,33.94747731243652,3.2678837659040263,6.764275989693348,23.22461241395447,54.68691720668434,11.777502863297606,31.46230479272987,3.4136228505526973,0
32.10746112717737,54.313624411254985,1.7766137565964033,6.376123752502121,46.576736983482036,42.27330796875627,26.805673279983328,4.303429014725765,2.068550580482232,0
42.898723837470655,41.45473198705657,2.0062477453169434,6.363656587884079,65.1694317195938,52.45757221750642,5.801400692981222,12.711859502087385,3.758184090187286,0
42.30890443671091,48.80586412116473,3.147773872249108,3.010179609019396,61.20027284142019,43.93256397320049,6.634553947683532,17.2677088682197,2.5990971917605377,0
52.68243837025176,36.750277343622315,7.879748933971003,2.0750023301613556,40.03121768077109,39.109208033938735,21.73690763043909,0.9220096468323575,2.8445833562912277,0
48.69986899253483,45.13583931099204,3.6024849601827804,4.164059858776231,26.17245295387741,35.7991378704739,4.125604580136242,9.626684916596489,1.6553765791525734,0
25.504798174992857,29.08593943183403,14.753038843089655,21.60940496079901,50.96161276050951,42.21397683840398,10.437507374550531,8.74763592210553,6.991874971554873,1
46.3780350912883,32.12316166464278,1.3352211100611144,2.7823536751532703,70.13385174290272,51.093908016757965,15.702005991737673,19.039943726144756,3.350837199061708,0
13.852252027737915,16.19978865578404,9.177848210886156,15.916209552293592,18.46340648573431,28.456776597509013,9.085897969453562,9.993370111774702,5.6799012436694225,1
57.22425087510266,54.767480062706525,7.354586895098131,3.916964061463857,37.95030712389325,54.27509778702105,5.8943936460304105,16.3247906631278,3.547923535836028,0
52.10003173931248,42.60281643454697,2.201486708108076,3.1918610994950534,42.126470556965025,58.61378241712539,10.487589696152481,16.487311860160368,3.520655197394359,0
51.08677323449182,54.881345046624105,4.81374106922057,5.376694074076039,58.57413066210673,48.179218150211625,4.357524816987752,10.394912511895107,2.9481868344322346,0
45.48068795692131,42.48245205238074,2.248143509057287,5.330212103042959,68.4277640962237,44.775138234181384,6.080304498526242,23.652625862042314,2.67463438770703,0
12.485148358024233,24.650480418265342,12.495018570097109,13.007039805431205,21.284894056668428,41.83926909206224,12.677353295575205,20.55437503539381,7.122450842398165,1
21.268698307472867,29.362207582293234,13.248248526906954,9.813369008493286,44.876884464035136,22.0435759275584,11.528388793234035,22.833308536476736,5.557786665063411,1
22.338465858827167,12.516376355144986,15.433081720727486,11.077165036987385,35.61711027918443,33.94607598461024,14.178006187422282,1.6710342945741914,6.661133639346638,1
42.20448538226435,55.963665961943654,1.7177766916944608,2.545068587532656,47.34015818164942,46.518734183496676,14.586472475517498,0.8214239981527456,3.968201615930724,0
38.819450009950074,41.72299596597057,6.31773938891066,1.5591715783778306,53.79339193535464,27.954407733467825,7.662113766553324,25.838984201886817,2.8279445889471937,0
21.54025269752051,14.074729867736094,9.730210875086593,18.060784034777758,38.24884037728784,36.64795269443965,15.796095989475582,1.6008876828481888,5.289637820281665,1
18.041757162891045,26.6284107694226,19.206113631328744,10.505630945613351,21.269474403227726,44.31694300434006,17.28713629224695,23.047468601112335,5.41977657093818,1
21.345634706225535,22.00665966812376,20.088696400349512,0.23088257299687776,25.085895833104374,27.782309122340934,20.51883878925086,2.6964132892365598,4.608414516793494,1
25.877565060244496,47.55882830045991,3.919150976622131,7.130909319918224,54.49694257359395,45.22244907694719,24.893021583511505,9.274493496646755,2.9343759461788723,0
41.70223403980424,47.29252575331426,7.03555162635013,5.097757031040667,76.11287115521652,86.0736168835684,7.528086308819483,9.960745728351881,4.024524448705809,0
18.15194831978183,27.00161922902409,4.871539672060685,16.745061343140396,18.529344002809232,14.130109901892077,20.72319258032197,4.399234100917155,5.303260213420859,1
49.301039223599034,52.96773618891502,4.154524734401839,6.320096857812818,46.05676290446936,66.63416914692733,5.832269088726964,20.577406242457975,1.8552472091026322,0
19.853685931575107,28.99549912153134,9.543847353802356,18.47583008809128,25.690561995147725,31.742662051607525,18.073795924245154,6.0521000564598,3.7120766201769144,1
25.63025125386084,11.999419559264814,11.20770547940256,28.67980079691744,23.029685306351382,32.47579417152788,31.10292701211091,9.446108865176498,5.388857409775432,1
34.76775411024171,44.070861629351164,0.598362000329919,7.71760527116103,53.41920893093914,53.63430575906211,16.422350789940566,0.2150968281229666,4.7208194982819975,0
11.134837658965592,22.819584373532514,15.471221838169782,11.850568812136425,41.40962932365408,30.144964709638092,15.30539974060028,11.264664614015988,4.157290867628778,1
26.309607503569957,22.15231166783363,12.909620315966482,16.739580390604416,34.51662473284194,42.965937891821234,7.987255910374262,8.449313158979294,5.519831696961462,1
62.47277386704365,41.83702880691367,2.1953799544945545,2.288934660188768,44.38739622794844,57.03333781959397,20.72929976582419,12.645941591645524,2.9519870088210878,0
16.7311683067559,26.857566615831317,8.156881767020439,24.147812981606194,35.1486117993516,32.29183758055413,26.11732952366117,2.8567742187974687,3.9334455732721914,1
40.35481357956839,54.81631492779461,1.3374242090362198,5.034550854722613,50.48723082129865,81.16072440702848,18.158627993912607,30.67349358572983,2.9997894389865256,0
26.872190465854086,27.148834425604097,14.788203915358906,16.265918478496495,34.12114300730602,19.63617871593544,1.7543585228875997,14.484964291370577,5.128858848024461,1
44.25644634709129,43.67001496816638,5.769742187588088,2.984937312948463,32.96913014190153,62.07981610204743,3.371236253564539,29.1106859601459,4.047134647484948,0
35.688742668299966,25.615481607870045,7.861608161573381,19.123343123457147,9.228403406991724,19.44801885084169,21.33499602231369,10.219615443849968,6.018931732509175,1
53.93467020423964,44.7305178288908,1.3337169533420674,5.823627187141604,76.20855992764837,62.35926283218427,13.694062609148377,13.849297095464095,2.232956916503391,0
46.491329357952374,40.95635276666919,5.131927439463652,2.662443522437755,58.335969786545036,68.34256689344583,8.00446050830908,10.006597106900799,3.5925391314685795,0
19.725529996918567,17.124725379268085,7.717334375239287,11.66307972819936,42.28327710544461,30.247750333694544,6.546549970610555,12.035526771750067,5.037873547786656,1
60.12352548124626,57.09665926394194,3.075133717414505,5.162746118677848,39.99165144670028,51.85942662218853,5.114478618567667,11.867775175488248,2.563781019535025,0
45.39446665216178,37.75884894889783,0.5946569844560159,0.8533061007885205,6.859515769303748,38.59617812652375,7.894266819596458,31.736662357220006,3.633710741089729,0
23.226077929750286,13.746934662587543,11.061969859416436,15.4057191592481,36.952692270887475,22.94743840223557,13.822892566994406,14.005253868651906,6.296671751315362,1
22.778022330017244,30.208476102931606,18.356589206545827,15.893575621679764,33.64170063142411,42.05495320306378,9.893467357780425,8.413252571639674,6.537419038922415,1
47.90492502195619,40.3175458994051,3.092922546308379,6.437330421577842,64.13261455390803,60.579934560890266,10.931786997820554,3.5526799930177617,2.8008695060536524,0
47.48887992914556,52.24199755175653,3.1557714539613495,3.2143122184655857,59.634379904049524,39.25186112323896,4.811658387115209,20.382518780810564,1.0575055544380805,0
29.882805663230776,40.95970522968517,6.08818532704809,6.214545944007608,52.37587933628703,60.46976082255336,11.203260183413912,8.093881486266334,2.578640533652319,0
61.122200883685124,40.76163696463765,3.7701103358756685,2.971581111273948,69.55811218897068,39.41521655905515,21.159093143649194,30.14289562991553,3.5705385937004808,0
55.325155687380374,53.062437577398455,-2.415131387344216,5.999982010119222,45.0719416686719,48.064711687599726,10.677831507445356,2.9927700189278283,2.9820710056769895,0
41.8224374708321,56.77917834577298,3.525283975743381,8.120683087673664,66.27783374201542,61.24066595519225,19.55213998687117,5.037167786823169,1.9718508561154002,0
5.298056826678598,22.004533044727573,14.805559575237996,18.684185620525895,20.341283657449033,22.403926877881595,20.585102263336875,2.0626432204325624,4.155449221073844,1
23.279503882648804,26.115146911650513,15.381093188168382,15.740287069454073,34.265392900265425,40.60120391984967,3.1948369102873997,6.335811019584241,5.638350723484231,1
20.973680973593876,9.077616557251233,14.415125878211835,11.784247949386724,44.90143595883477,35.01812486075869,14.526942345167754,9.883311098076078,5.7449914722904545,1
47.845351588505835,44.6393221099203,1.6733233529753964,4.133177653805843,34.032553682405705,47.93573989934585,5.6658837794159815,13.903186216940142,4.764809969336812,0
46.53261916955272,46.56744049540526,0.24970121591939387,4.123576540459297,59.88602043203728,69.42674802033685,3.9086966503924434,9.540727588299568,2.1574619244097955,0
49.04992791444741,36.097072718881826,3.4069640069045755,5.576997894702039,38.85881643354382,53.16676512965672,15.122889083363047,14.307948696112895,3.7035932090285684,0
56.578445595134454,49.784303516638914,0.17839542981808165,4.082161728189508,34.50456732447584,68.53414789878025,10.697908376866966,34.029580574304404,2.3845487193163164,0
49.54482564102917,44.68410663711679,3.713335214499694,0.5855480108588949,60.7060282949204,78.90197387315769,7.988506207553178,18.195945578237286,3.1086614676590574,0
22.035261435622676,24.917859960101328,4.960164471402999,16.157593860232307,40.708575979124824,25.40045986853402,14.08002791330796,15.308116110590802,5.371620673654623,1
55.90050282169962,36.568588140314155,0.3412818821318724,-0.005896827730385468,64.43887974268704,61.67432476041095,19.679093391247722,2.7645549822760884,2.008556654981073,0
58.1249165079063,39.96697061078669,2.430979391321556,3.1664166977233164,57.688992669091974,42.43648112015687,18.89338320352137,15.252511548935104,3.4177620357371277,0
70.21645387609668,43.41713848927156,-2.0469147250249398,6.414851498313297,38.70332629704032,36.50778385737703,35.26108161016336,2.195542439663292,3.3242324361075206,0
24.311967361913794,24.3574810632893,12.975563766481804,14.64769829767002,24.170705044007327,44.51148913018902,1.7176482325637217,20.340784086181692,7.368432582652375,1
46.9430561052022,45.90537044911703,4.285434305262967,2.612607015071192,51.87699486154516,31.560995803758054,2.710512946276949,20.315999057787103,2.9724944557633095,0
28.343210374488102,37.273824880811,4.441278462714534,5.758527810333121,36.212620122889966,37.93588330529035,10.247863853941485,1.7232631824003874,4.776281435301193,0
49.425193251033676,45.765046434457304,3.154727460568193,2.297770426331227,33.430625388590116,60.871488989816015,4.5171038508133385,27.4408636012259,3.2146773339496284,0
22.58089143557479,22.245548492373537,4.896071012152429,20.539116412084006,30.445020823192365,39.61769726263774,15.978388343132831,9.172676439445375,5.597473508914919,1
60.38756635859963,46.59806591626833,8.092109071885584,4.549027974986567,80.5487353500812,62.65771130682792,17.33258153923031,17.89102404325328,1.9132566039142171,0
22.159612723369705,19.636079912541277,8.916745477543643,8.352974483374592,31.913622541116112,39.60319315759424,3.087303804997479,7.689570616478129,5.37639054907763,1
24.002047626138413,25.226609142210904,17.734500079283784,8.542722177565178,39.42230017567836,26.148141474007154,10.416339417791097,13.274158701671205,4.820001273509245,1
41.229890074379846,43.80570803463979,0.0977920270665229,5.27390507998974,42.97009235780303,59.86505928364069,7.751931013183164,16.894966925837657,2.9326177900691337,0
29.1960978302629,57.111684220798665,2.187697166852393,4.928975211154468,63.33258229309988,68.71327105418972,30.65686443483784,5.380688761089836,3.1501465080277087,0
23.541519236005318,25.112758104710327,6.005458011403152,7.970701570672673,33.1537289612739,22.0528272596408,3.53648242797453,11.100901701633099,5.125954942950704,1
28.479335629949436,38.340483641502495,3.9026950957292654,3.417335987750107,64.28885761928068,56.67090251617109,10.346507119532218,7.617955103109587,3.0975575787772973,0
45.22766064946527,61.67884532598771,0.6376129211410038,4.940785484018313,55.81741013013438,69.47099563169972,20.754357239399745,13.653585501565345,3.0948367132733887,0
19.8673937037547,28.915888619570154,4.006620131421496,17.083295302742968,22.166912432749363,13.765072649504138,22.125170087136926,8.401839783245226,6.158774157044446,1
15.59062674386141,14.695577239018288,9.178733104336608,13.072205100187574,37.85255359571548,19.49571454959406,4.788521500694088,18.35683904612142,6.647700647911235,1
19.18466518028118,24.80770253279111,13.98306229206204,15.95461865877553,18.506954226098383,30.235929463716722,7.594593719223422,11.72897523761834,3.576491304170813,1
16.275486775967757,14.978315761619351,14.57755381415273,15.535726648687842,40.314159064340075,35.536795955057045,2.255343848883518,4.77736310928303,5.136158696405749,1
38.092051160280526,43.73579789024352,5.349628115171384,5.758614585417953,55.224293715002275,41.929397208101726,6.052733200209561,13.29489650690055,4.4124741550604005,0
44.75037208848733,39.97079791699523,-0.7579618895076545,4.078618397486931,54.249853888035,41.293008007919525,9.616154458486687,12.956845880115473,3.544440430255266,0
16.037900395000193,16.34763889855453,9.61047575581943,26.177137173784804,36.91356381080525,43.53768539088567,16.87639992151971,6.62412158008042,5.356353120351161,1
48.78104276674725,49.7178538201416,2.9166799532373306,3.0750016936000613,58.69376332645607,79.96620495789996,1.0951327937570814,21.27244163144389,2.282058660041052,0
34.06513309375339,54.22285324024411,3.031817316799262,4.6857069315632955,27.64875986635073,38.066763123847515,21.811609761254758,10.418003257496785,4.415249642522289,0
21.066468536864694,27.022926917988308,8.915831371435182,12.515184335397493,27.258885246192786,26.078858786649967,9.555811345085925,1.1800264595428196,5.592589630758004,1
23.3648669471778,44.813785667774155,4.220879639618986,3.031960753607443,20.013682806532884,69.13784229256217,22.6378376066079,49.124159486029285,2.325127981683546,0
39.96092358108952,55.98409416243542,2.929185121909298,5.609574887054798,73.37939775444222,60.002799897135944,18.7035603464914,13.37659785730628,2.620189406548098,0
41.093809260387644,41.49730821558782,2.2638834357126387,3.34388709864648,46.526757590820566,62.14642157981383,1.4835026181340187,15.619663988993267,4.00372483594135,0
50.06661460856991,52.247354706935255,2.1848213106806087,4.220937511772272,82.50326052224467,65.44901942279586,4.216856299457011,17.054241099448816,4.4369179026534065,0
45.18104682141495,41.69549761318977,1.7769683959232907,7.030793498527185,62.04424889779243,48.38901757383886,8.739374310829074,13.655231323953565,1.9882511719277693,0
33.75549556914971,47.448183664087146,4.5750866486537305,5.528585162840867,56.721473200265365,56.949548874852795,14.646186609124573,0.22807567458742994,2.1970313842203386,0
37.12005499346388,43.09149948167639,1.7069430410469708,1.5174014545180863,41.20658458578501,55.78288226047138,6.160986074741389,14.576297674686373,2.8849705948622644,0
46.589440076379255,43.55318253877751,4.693542218016489,2.8550499523768185,34.3047494646887,39.12262599631809,4.8747498032414125,4.817876531629395,1.2631247764459879,0
24.147374209658743,24.874018860356554,15.291954368013286,13.293843894882894,28.115131402411706,27.218133027663004,2.724755123828203,0.8969983747487014,5.502096952329021,1
40.36700712291403,54.758832249445554,1.9574903862877409,4.28375608525699,48.92728986090527,70.56566044224502,16.71809082550077,21.63837058133975,3.9485948112239875,0
18.677425793446947,35.071373043949976,7.705228615210143,19.61543646225065,23.284893946989236,34.94592620943372,28.304155097543536,11.661032262444486,7.391629055549108,1
50.569343977274315,38.078141979610336,1.5450921505537636,2.3620951100525582,27.247123752375224,54.28853873111401,13.308204957162772,27.041414978738786,3.1016855719800698,0
40.858459417046284,60.96794852676088,4.276368081456425,5.406987045422344,35.61944406284624,55.10063374016284,21.240108073680513,19.4811896773166,2.5345834360037496,0
13.803708025732638,27.783552538333424,19.17809939356885,14.333420967409468,17.144344062888894,32.863330187871625,18.82452293876017,15.718986124982731,6.119934230292159,1
62.35949270464434,24.91909041045571,1.8073506218161586,4.035710602964349,83.19916877016956,62.15351856541537,39.66876227533682,21.045650204754196,2.544166510293559,0
21.386884689790957,24.39536915763596,14.416389705422269,10.426731323371351,51.15770809562984,41.96581295274622,6.998142849895922,9.191895142883624,6.6827450960039165,1
30.18525814740273,29.504085299503565,4.093179451377278,5.648304726911277,52.23414194361933,71.98968278043901,2.2362981234331656,19.755540836819684,2.522035943351018,0
13.455898004404439,20.34927143046972,12.259165400493524,20.139419457167048,31.947740056280672,37.65255056257987,14.773627482738805,5.7048105062991965,5.216099099195381,1
39.570855509647174,18.891882670127682,4.932294024818592,2.368587903801312,35.98271977535747,37.94847098990658,23.24267896053677,1.9657512145491154,3.201556494690159,0
20.919247723768475,22.699471072074783,17.9108811812083,23.086793487225272,32.80291291965907,28.478950058555714,6.95613565432328,4.323962861103357,5.911594136885567,1
38.75074897495109,34.86446544670951,0.7448180975824736,4.670842640960739,78.10364590845704,54.52152191892393,7.812308071619842,23.58212398953311,2.3675771447568197,0
26.19473176469719,12.960795818857605,10.979251313942866,11.1374569680392,26.3759756631192,51.024298804711975,13.392141599935917,24.648323141592776,7.158339185840794,1
57.78830489677073,30.9990299289398,0.19276757785637955,7.34748750796685,48.75742432363098,68.56831787486787,33.9439948979414,19.810893551236894,2.6475717900120705,0
51.417027668944954,44.66329482537632,4.8985263485646175,6.932623605835719,43.25200548934748,59.42007279172037,8.787830100839736,16.16806730237289,2.4481870201534894,0
24.035612983186553,12.196462245644277,15.293692738249245,20.58816220801979,38.46045008889408,14.73163851979848,17.13362020731282,23.728811569095598,5.032697760061095,1
33.67018355365884,56.01562372150877,0.6517152550377707,1.6420076540862087,67.78862383144794,44.115095241342196,23.33573256689837,23.67352859010574,3.4380241819945816,0
35.790770107577046,55.290854893965,2.7513981222430015,2.65556225489519,30.320576819508172,56.186460058323156,19.595920653735764,25.865883238814984,3.514911161525762,0
22.287370724116585,50.282764824082264,2.842494227510719,6.511355051482202,56.997045364044595,19.60649983536012,31.66425492393716,37.39054552868448,2.6867211851101898,0
38.52495343133797,41.3870897547103,5.611165431621047,2.8738676004097963,60.92357160958798,53.27605128081091,5.599434154583584,7.64752032877707,2.851217322333356,0
52.653625491085265,59.883043162082345,1.573378199439577,6.244283467839049,47.86773239597271,54.3696905905789,11.900322939396553,6.501958194606189,2.8011386661191104,0
49.13557212598697,31.575717777281433,2.4761099871512924,4.949207846069522,63.39601740480159,34.24762176436266,20.032952207623765,29.148395640438928,3.269791130000782,0
17.455181871462507,11.830159368900324,10.748284131239943,13.082609905380567,35.79298645079636,33.317252880651516,7.959348276702807,2.475733570144847,4.535520852492061,1
44.821597730255576,43.329735200887484,6.469525586247155,2.594334374129118,68.25694881734168,52.111957586875505,5.367053741486129,16.144991230466175,2.975798903750743,0
39.48891565939675,62.03230487136895,0.8590635139598577,3.8115123129504966,27.16692042611219,34.13058841172478,25.495838010962835,6.963667985612592,2.365884004655487,0
16.52643434455471,27.724510612939767,12.494116807364373,10.688465319181596,37.20610548678933,29.857126926366675,13.003727756567836,7.348978560422658,5.729043614357882,1
17.95358780943448,29.310881289230117,11.133072843374153,12.065208950118578,7.149155053306497,40.10334628457446,12.289429586540061,32.954191231267956,5.361537110005402,1
32.07290570071622,32.464717151105525,2.80399806643332,2.2285287987324907,9.916889232929762,47.65394369721458,0.9672807180901346,37.73705446428482,1.8473308969832154,0
47.397181502698785,51.56743668216303,4.6197239697417505,3.47436631494777,33.710708996321976,49.021280149122646,5.315612834258222,15.31057115280067,1.2917641999362495,0
52.45947896763734,51.62541003463483,6.34252492060727,4.089646263864569,37.79601118461821,62.89395906393018,3.086947589745206,25.097947879311974,3.238317740368379,0
41.679197688293044,50.31260161119928,3.5029873398839833,5.32535671537233,64.22308992235024,48.9900528533229,10.455773298394579,15.23303706902734,2.336420960897837,0
50.60560489696467,38.966234617221104,4.310156035261052,2.1830713249544464,39.397349805280996,23.03637699219768,13.766454990050171,16.360972813083315,3.3448497035171623,0
67.51723555578042,38.346345853015954,3.6577830734540817,1.3668604142255698,37.728815190410344,59.30404836099891,31.461812361992976,21.575233170588568,2.3795053529088523,0
44.16525765610486,33.65502199676024,5.035062847861253,5.3479303034201,62.262286709842876,39.80111018892237,10.82310311490347,22.461176520920503,3.1065486179960056,0
48.14645640004259,44.67098001408747,2.0741672410273457,0.9641017701065935,25.731340313149182,46.152354183736094,4.585541856875871,20.42101387058691,2.6972787776303266,0
24.125491323338174,30.26308561902737,4.912413271014225,16.431366683887212,31.789317289381607,44.522754775306154,17.65654770856218,12.733437485924547,6.420061939144336,1
15.664348921445498,28.12021904141254,14.547480633581612,10.77631295604412,29.305339483874253,34.5454064639954,16.227037797504536,5.240066980121146,8.52319934949234,1
48.68217299985843,40.61047426471459,5.16507401736582,0.9049378354511073,28.28439847882467,52.0260240381081,12.331834917058552,23.741625559283428,4.077837520150264,0
46.5587387221611,40.08675059852627,1.679704265327048,3.039159561193012,28.854810580105266,59.64500913195396,7.831443419500793,30.790198551848697,3.019238215295253,0
36.84243744232914,39.69617176942436,2.663324731525618,4.758247266138475,58.60150687531973,59.580009158110485,4.948656861708074,0.9785022827907568,3.657888751291905,0
15.903710701392512,31.00164765400593,13.734166441890117,19.718508171999204,41.651571238945216,14.37472888654986,21.082278682722503,27.276842352395356,5.647398783515604,1
56.69756750974109,44.63238241720224,0.25831591034198853,4.040059497648695,61.832963237781875,51.09552226698438,15.846928679845561,10.737440970797493,4.1756730939469815,0
48.58908611611622,41.69475175591106,6.1898404161720295,5.480156731410573,66.6316499046085,52.54228791888741,7.604018044966621,14.089361985721084,2.941950347794981,0
21.312806645009626,37.85207146295572,13.912151260769134,25.751553966656054,42.06970324632249,28.252161499616083,28.378667523833016,13.817541746706407,5.806790384916729,1
20.967949556837723,25.5885949302848,6.241567476804691,9.976475696466022,31.358417481081126,36.71811739506145,8.355553593108407,5.359699913980322,4.724502114511174,1
24.25448981083986,22.295968994769062,12.559285434072844,20.417742616639348,31.393512078989286,25.954199123458544,9.816977998637302,5.439312955530742,4.282407175486494,1
19.313141058003016,26.334681911325877,12.953995702692216,11.391517729922787,23.666700784697635,40.63842093638782,8.58401882609229,16.97172015169018,5.250845036168949,1
37.392714162502145,31.975625125140155,1.791940229050458,7.370128690666368,38.78863631014346,66.70137430296934,10.995277498977899,27.912737992825882,3.4354054800333933,0
47.548168038391,51.965550034962895,3.438408375267177,-0.03985234788455028,58.406219483130585,69.75063708749589,7.895642719723625,11.344417604365304,4.191718273833265,0
21.326811746998143,23.080426226175888,6.541294696397833,14.737761501754404,39.8465579813761,45.097571658740364,9.950081284534317,5.251013677364263,3.1674341837285844,1
17.08620671194209,20.36240007864692,11.790104575747803,17.89986085516805,37.838234057466586,42.13526135090986,9.385949646125079,4.297027293443271,5.608509913558507,1
46.514626458338995,53.31529392428216,3.693448032483901,5.8479653582403,59.503591161225756,76.97002045401439,8.955184791699562,17.466429292788632,2.811144136307973,0
47.37795418704099,51.40541406171096,2.3259472506372467,2.899023479464741,57.31679026266347,19.12025702889703,4.6005361034974595,38.19653323376644,3.593820186565612,0
35.486140279382965,44.27466710855068,3.9924971324908562,0.46347298099702794,52.05098983807265,41.750999541732604,12.317550980661544,10.299990296340049,2.4458878199192937,0
24.631077011207964,19.01587377151544,10.58981502905352,10.416806533182264,28.246203156790195,30.74765285284696,5.788211735563779,2.501449696056767,3.8553265189550374,1
24.826987422955852,25.458708070734538,10.236391245556579,14.443227988072444,42.10323849941553,22.216070598726468,4.83855739029455,19.887167900689064,4.6586925983486625,1
39.36217251511293,49.397559822468956,4.619083776505881,1.2234151370302953,60.20454338090714,75.94696787200279,13.431055946831611,15.742424491095647,3.919534461017616,0
32.699321628406594,39.05307983964696,3.588032798613262,1.3631972350530672,51.279567725711814,29.322928829823994,8.578593774800563,21.95663889588782,2.405974324957506,0
43.84076336734855,37.640850823986476,-0.006310139199203757,5.201827564830669,32.34018438095343,35.31847159077988,11.408050247391948,2.9782872098264477,2.5583860125425506,0
16.91174052282825,32.24397885735534,15.67107279118055,26.31284404167659,23.407009631495495,36.68309175621212,25.97400958502313,13.276082124716627,8.0720391792909,1
18.41963571986475,17.375087183627862,10.758415454097946,12.476422690824243,27.638454321427734,34.179581756374034,2.7625557729631858,6.541127434946301,4.533056923631328,1
23.07885574885571,14.329884227186053,9.372658125222278,12.832440893982334,21.960616232728363,28.42612335336768,12.208754290429711,6.465507120639316,3.8260133217032184,1
28.94034511403992,53.089530997140336,3.879685772945656,3.1581328708324685,45.10195094935507,44.64401121156369,24.870738785213604,0.45793973779138497,1.7346390610200808,0
41.893224493590736,46.87244074784293,6.352846835688148,3.8590528522450884,46.25490548287606,73.30594646647786,7.473010237695252,27.0510409836018,2.9545540826276335,0
42.5550471114535,54.67383355338153,4.452071998458667,2.977124942434921,47.574663379624084,74.70167463083726,13.593733497951776,27.127011251213176,3.397862744292177,0
50.06928819819247,38.421086176670634,5.517772411485643,3.5793444542690183,54.12339513366458,45.784303514386664,13.586629978738458,8.339091619277916,2.838203804919664,0
23.006033744645574,23.921299467692975,6.769429675626238,24.16059803788651,11.89200421680319,38.220649049902,18.30643408530767,26.32864483309881,3.0168179789827767,1
12.78072591933229,29.32776967411089,13.094640476850007,16.723874862961473,25.589761794763913,41.18242821435001,20.176278140890066,15.592666419586099,5.050259447424121,1
8.51909523431381,22.803750283481413,18.267418828855146,11.899885254616443,32.556995380481425,30.72292792851365,20.652188623406307,1.8340674519677762,6.579399954972592,1
17.247315752542082,21.429330113795405,14.396359037055236,12.05654150265363,34.28727993294068,28.946262639063516,6.521831895654929,5.341017293877162,4.033874693832312,1
43.205448232975165,45.88108239492951,6.116589913544896,6.562539290802685,40.81400210591431,52.94496678367819,3.121583539212131,12.130964677763878,3.986227417709344,0
17.459299011763445,20.137654051734607,8.126065412152418,21.863748331244366,36.76888204480716,24.219910876334467,16.41603795906311,12.54897116847269,6.415436273423742,1
19.26109840591264,12.713190662145813,6.472923245729184,8.656244961993583,28.90683742763959,20.606883279324496,8.731229460031226,8.299954148315095,3.9739718301768354,1
17.733757954884933,23.585528581644034,15.080200435670344,11.660291647702476,30.136529120750566,38.846249963118915,9.27167941472697,8.709720842368348,5.226686453545155,1
41.90110428357751,39.83225159015123,-1.0401128290464507,0.38547538086853184,64.93277865744439,77.17278068348365,3.4944409033412622,12.240002026039264,2.9986581462931197,0
36.2110365985775,35.596498969952265,4.176275902685319,4.2882327255593635,50.81959162467557,18.74683483996666,0.7264944514992804,32.07275678470891,4.051476890973219,0
56.364034298168505,50.76894775436747,0.37870843139125476,5.579464249264015,38.11065754443225,50.83748216818427,10.795842361673799,12.726824623752023,3.3222262131560734,0
23.11103572021701,21.02377779058545,2.167322277803926,7.543860843047686,25.131781274817026,23.298235298746,7.463796494875322,1.8335459760710258,5.998354577504704,1
46.77246778899369,40.08343482375463,2.376584815065571,7.340187801166179,62.984512772295105,29.643010089192227,11.652635951339665,33.341502683102874,2.865876051906,0
54.87801531235836,44.33516736923421,4.323473224193895,5.469871948508631,58.99266861746374,35.05036193823376,11.68924666743888,23.94230667922998,3.634132053472068,0
36.74435806324452,65.09335313556471,3.4563745779219106,2.1833174965840296,65.90839817137729,57.69509283526607,29.622052153658075,8.213305336111219,3.2418581979450187,0
49.763927181114056,53.228022798252354,5.690234347223576,4.061697334107015,35.47719873918359,58.07443296386749,5.09263263025486,22.597234224683895,3.0352181861965444,0
40.280841948296874,53.30058934550272,1.7962056781347728,8.953858267446824,77.57655349292494,73.904316417622,20.177399986517898,3.672237075302945,2.405532662250983,0
43.942645154845025,47.48437055193891,4.418228779266568,1.5148719944005888,23.844582394141447,52.13172320718192,6.445082181959863,28.287140813040473,2.909142606318694,0
45.57823172307431,45.33188218061718,3.324446433797664,5.056539877830211,60.644015321022195,25.62667555195632,1.978442986489679,35.01733976906587,2.1363738369760354,0
32.99822510842451,24.83134169335667,-0.2705805401431052,3.3545108945533153,21.356258492046475,48.42745686436042,11.791974849764264,27.071198372313948,2.9678887952104365,0
15.489742228212448,23.383665092597287,12.802954163033558,12.89448613919084,22.74659959185243,25.98488485230141,7.985454840542122,3.238285260448979,5.3951179483705864,1
55.808583139305114,40.1554046943802,2.7002439329556633,6.534547292636764,73.41534395671938,33.898061703669924,19.487481804606013,39.51728225304946,1.0763852923149488,0
25.627173922073847,24.099542291496356,9.305841408411029,12.882817084103612,23.866243715268133,24.37894806612327,5.104607306270076,0.5127043508551381,6.606913300741972,1
44.49888338138212,34.74067367827653,3.927446115114229,6.237824543414348,41.80669376769227,54.9127135839163,12.068588131405711,13.106019816224027,2.059295836316326,0
46.944987668103145,28.153308232618926,0.6649983522385714,8.442406788543922,42.21744435767468,60.81348393152996,26.56908787178957,18.59603957385528,3.3989114604133555,0
15.496896326760655,36.0269664723298,14.251642641140341,24.095385950979026,22.665379088310356,36.81097665428244,30.373813455407834,14.145597565972086,4.367816585422716,1
55.85266708662385,50.55012776679053,7.03561289758606,5.56977737498837,57.71211486141084,63.857943451380336,6.768374842431012,6.145828589969497,2.658928145867746,0
43.39717937764669,52.85419614899463,3.222446669681716,2.81911845959345,68.77369074024045,45.79895652564833,9.86034498143621,22.974734214592125,3.4392176696975327,0
46.85473673707878,47.31827569663393,2.3453488498552084,4.038518618062425,43.15648993087258,68.7502424911337,2.156708727762368,25.593752560261123,3.472853549068049,0
17.279429989429037,28.245725042786738,9.214155640853246,11.062242796856466,31.210338785027425,43.8031831698611,12.814382209360922,12.592844384833676,5.483984242276023,1
38.78102812123275,28.543478731840324,4.52678615916394,5.593871851317191,52.3545294057314,48.89504694273074,11.304635081545678,3.4594824630006613,4.2274295802429265,0
20.204595876978605,24.883520550566274,9.314769634515656,13.820099505665269,33.60580015886302,34.756635817352304,9.184254544737282,1.1508356584892852,6.37618859683773,1
32.756308722052985,33.84813938196401,4.0051495487428745,3.7806903017650813,30.49049442877329,51.732089485376235,1.3162899068888185,21.241595056602947,4.1770925626025335,0
58.03713704890239,36.8891224157146,2.3422210066583817,7.067245691465846,54.46503372969192,75.94159772969385,25.87303931799525,21.476564000001936,2.8198404566534356,0
42.0185953283842,42.72201201606731,4.438655203658877,7.0600948831232575,46.803293688608164,55.68156433868184,3.3248563671474898,8.878270650073674,2.3253389174192263,0
43.05841001739775,35.886686254984255,3.3393863159425674,5.693707486359802,54.59768309704692,51.975809914082376,9.526044932830727,2.621873182964542,2.718761219356494,0
29.87991863053646,46.71180714934609,3.9639356541057844,2.9679469365565434,36.58333699719229,48.42263714423801,17.827877236358876,11.83930014704572,2.1204886178165414,0
41.361642260978456,42.14181197760422,1.4816329076649912,2.7763423665201943,57.30065795488248,64.64776328867516,2.074879175480967,7.347105333792683,3.6276462939113623,0
36.681547751784926,44.084365693928206,1.3574272318542815,2.3752372906199226,30.243527048675325,62.61870008580257,8.42062800090892,32.37517303712725,1.717784817539779,0
32.063077108064576,21.313165769206822,22.012687163622843,1.6000775701776568,36.893825429756255,47.68681918841358,31.16252093230294,10.792993758657325,4.511118799107308,1
43.901512273688965,34.55814612639704,2.8412072372290127,1.5764635850212714,46.356286533690835,34.665377280657864,10.608109799499665,11.69090925303297,2.2513062386028317,0
52.662332915783246,47.34963662633895,3.570069484198723,5.353675308222014,76.12727622439571,38.4704779243247,7.096302113467588,37.65679830007102,3.6693226974767637,0
18.68554585395866,23.26220268124532,5.569434757907213,11.941160689036403,38.01128583911954,27.126600739608346,10.94838275841585,10.884685099511191,7.380634377123687,1
47.46141322720891,41.33210975224244,4.797453548027288,5.647092239683947,66.15788756401685,72.23391259178625,6.978942166623129,6.076025027769404,3.216652226439677,0
36.2358448892355,51.082050566927684,1.7843800399406846,4.034439165461121,71.25615550014717,48.247350561296294,17.09626480321262,23.00880493885088,2.527965302978109,0
14.095935923455777,29.03086085964307,13.89126027971133,15.734961421442778,26.288080487384736,33.52782367100235,16.77862607791874,7.239743183617616,4.195741232086775,1
25.571608473344362,30.988585800926707,1.1101834360322442,8.18448459709203,20.565301755918437,48.01900784769872,12.49127848864213,27.45370609178028,4.964254327416506,1
39.11839172189403,42.542715329136605,5.345935398328532,6.870130824004223,71.30601384694783,74.70312153403445,4.948519032918268,3.397107687086617,1.8336711454645378,0
23.59092862853967,13.26967236945669,7.401034178528429,5.103401025736524,38.731692923815885,26.954394677638895,12.618889411874887,11.77729824617699,4.9294891730509995,1
43.05551040895307,41.81594601581932,6.919367963911766,4.287261667976395,64.94048754961288,63.94014955008787,3.871670689069118,1.0003379995250157,2.567270311192155,0
45.01830348914803,48.68017065830239,3.626483387387233,1.6824138671507907,76.61359427060272,66.42532077894063,5.605936689390798,10.188273491662088,2.3960027854988404,0
53.56292128183944,46.24953614328221,0.9141434763825247,1.894953890005243,43.71030453523285,49.52904656861555,8.294195552179948,5.818742033382698,4.002248756306921,0
22.95907066870689,22.208845242998994,10.905489558426927,9.900156406161557,40.78651945959726,18.99288199408017,1.7555585779732663,21.793637465517087,5.235281774583038,1
44.1134995177673,31.7577669125617,2.2340015710330845,1.832668333143813,54.79648270222792,74.32902912927992,12.757065843094875,19.532546427051997,2.3770629218880943,0
41.89405557182769,43.02051208202082,3.8681369743663536,4.137647315409298,47.259503421171694,54.69371333978705,1.3959668512360741,7.434209918615359,2.6073841407975684,0
44.55263641182229,36.73197990790247,2.914287504679324,2.880691638349676,54.777512794972594,60.81287935095992,7.854252370249469,6.0353665559873235,2.596429533162347,0
47.70366022585694,48.83285964351235,3.1485473803802897,3.639728791180297,73.44123177579517,65.05826075800768,1.6203808284554144,8.382971017787497,2.7695604223959474,0
52.130429494958044,31.062624879635642,1.1768132468277082,4.985430838922802,42.82779915940583,61.643969986339656,24.876422207417495,18.816170826933828,2.1397364762243205,0
45.033838871953215,46.77050168179909,4.98012246143272,3.3918694838684837,45.429815561094046,50.07746244600259,3.324915787410111,4.647646884908546,2.3488551115221448,0
49.95109038418523,38.95961254921327,0.6877452656979357,1.7563423991748315,52.61466505289866,51.4917423577912,12.060074968448856,1.1229226951074551,3.6132855289313683,0
58.10687785816753,38.126705071031886,0.7824702091900098,3.8935326648731357,46.57522360962246,63.66460656963913,23.09123524281877,17.08938296001667,3.1482744826935307,0
48.050476898118276,32.4280143716745,3.734720698294973,2.20301902645431,21.28991257979769,63.6400428990209,17.15416419828444,42.35013031922321,2.8781299627678396,0
47.49322284803823,40.27939243039195,6.20568849435594,3.458427006041874,41.29808535951591,69.52348898529192,9.961091905960345,28.22540362577601,3.00209825385208,0
32.84871339927946,52.67600424232741,2.2948138058711853,6.685553928846007,60.31059863356256,60.26645474964758,24.21803096602277,0.04414388391498392,2.9635513947396714,0
23.954158905367493,43.798490531764166,4.401944645407932,3.4589893918076506,71.5632012639897,60.94908420388082,20.787286879996955,10.614117060108875,2.8326951162146847,0
11.995480107617421,22.381894368979108,7.3227389396541245,9.355183674334173,35.76192750328422,46.55674857458357,12.418858996041735,10.794821071299353,6.088791616870465,1
44.241406149753026,57.3171345757302,4.629368874588138,6.863271973875939,32.610764011537356,43.282757333921474,15.309631525264976,10.671993322384118,3.354527988678341,0
40.88173860068206,46.11004467858061,2.3775834216526373,2.8413893828419137,50.45350704076004,63.70946011527242,5.692112039087821,13.255953074512384,1.7425896214182277,0
46.94824163349076,39.52960342350127,0.8179065656118509,1.7777524671684488,18.86607402683245,43.387223979754374,8.378484111546086,24.521149952921924,2.8947502512726055,0
44.516770166424735,47.73801772146232,-1.41509513134271,3.894891676159613,43.32544695519309,51.68948495324707,8.531234362539909,8.36403799805398,1.7953444805273877,0
54.02224200507119,39.64563082948567,2.4743190010752136,6.306655526793778,23.9593691067291,72.68534861456936,18.208947701304087,48.725979507840265,3.5084617627645653,0
45.688886946071825,39.96461853362264,5.356174737124349,3.0196181875426236,70.53591949763698,70.30855438517634,8.06082496203091,0.22736511246064595,3.614133245480227,0
39.02461371943866,31.84085760304812,0.7516680304761318,5.816180596524278,38.460032684743936,56.52683246195775,12.248268682438686,18.066799777213816,2.511376881886643,0
52.92132991167431,51.41005992867514,4.400419695037531,6.416879978272176,74.7925127950854,47.557906302494345,3.527730266233819,27.234606492591055,2.9065928357322273,0
43.26295140043038,40.91197939480448,1.0996949398962557,2.451948699274788,66.70282030187508,50.14931634484743,3.703225765004431,16.55350395702765,1.3108477623022032,0
49.21229346937846,45.456785966526894,3.2121451527736764,2.647897823422826,40.30524053453875,65.01490211583422,4.319754832202415,24.70966158129547,3.7782318512736213,0
41.1807143504576,35.71230457114689,4.415583228310036,5.4253240642540135,33.92060544730884,51.45251083830752,6.478150615254689,17.53190539099868,3.5677389922011216,0
39.80138491602051,47.48758103772378,1.6810091263231444,4.303695099283141,47.09681376248617,43.62576410484604,10.308882094663264,3.4710496576401297,3.920068209390021,0
45.67334584148557,37.90447009491933,3.340969361393828,2.627876946912642,48.43030063612695,70.2366213461196,8.481968161047423,21.806320709992654,4.18923531226968,0
45.10262914834948,42.86633022638541,2.1698173265493423,3.2956391037608253,55.19220415928602,54.724002086939215,3.362120699175554,0.46820207234680566,2.02071256561858,0
48.838616282934666,51.022608249913006,4.410297317876354,3.8589608945451617,38.351850657047315,43.341162685123805,2.735328390309532,4.98931202807649,3.7104353613107532,0
42.85083397352206,50.32607449786023,3.4706343369692743,0.8702911500890789,61.19592310283305,59.18410283398946,10.075583711218371,2.011820268843586,4.183443555534768,0
25.700745192606334,12.804890339022018,11.591774437484608,23.175238353097292,8.17898705799038,29.529135032967122,24.479318769197,21.350147974976743,4.365579912031317,1
41.53780893129289,29.85495173834625,6.116699920283955,3.042615622121618,44.89407264926204,36.88490402818359,14.756941491108979,8.009168621078452,2.863031030523429,0
51.35054773715053,67.94248456048513,4.324612284736604,-1.5674324475961976,39.319390168729655,48.993191299705984,22.483981555667402,9.67380113097633,2.7092784134164605,0
15.94571244394831,28.815687075662932,18.077345404362575,17.190026292593636,23.651973165326137,18.34945556929583,13.757293743483562,5.302517596030306,5.669989483745538,1
13.71211070542692,21.07601400881301,12.466647004678014,17.60002190400405,34.60958641857302,51.47256738664282,12.497278202712126,16.8629809680698,4.356039435478679,1
52.8910120472475,37.974369747272235,2.8482024298406783,7.377644384605354,50.87658042325381,61.48012484289787,19.44608425473994,10.60354441964406,4.4527661569857555,0
39.304214181928614,43.091262706384285,3.160639145250424,2.8291099581600636,51.28158027829865,43.727891330807715,4.118577711546031,7.553688947490933,2.9099703486443254,0
24.93667258294551,16.696006859521354,19.079652270622372,8.525340573298699,34.7849973179589,19.681314458433896,18.794977420747827,15.103682859525001,5.692834730388302,1
19.620244881787386,22.794982860973874,15.639850163442235,22.294426943162346,35.38963072655722,19.223951759439405,9.8293147589066,16.165678967117817,7.107275346926988,1
41.126608390010105,46.10002312681467,-1.0718051402095519,2.679105263984834,48.01332920450641,35.2008209413418,8.72432514099895,12.81250826316461,3.393700040783739,0
37.27002944197397,37.72668913312134,1.9144020565660698,2.4410875974955353,65.06896800686724,56.067763075658156,0.9833452320768379,9.001204931209081,1.14286539310708,0
43.596972352810475,40.233959207001746,-0.8647441749916172,5.019002765648812,53.443810954635524,50.020286519039765,9.246760086449159,3.423524435595759,2.692094101759432,0
48.93204517797427,52.969505140559235,2.3404034859083205,1.9190653842208678,46.42633547152319,54.43665857806113,4.458798064272421,8.010323106537939,3.678208969074943,0
44.92569150745747,56.80078277456383,-0.9746204594528569,1.085452683601094,48.21261095073149,76.76850957560288,13.935164410160308,28.55589862487139,3.230985877370956,0
47.4558485814899,56.226652507889966,1.256819057863144,7.451996004188674,49.11760386247924,97.57422420432744,14.965980872725593,48.45662034184819,1.6905271258185939,0
59.507261588123384,50.056256520431816,-0.04144305926823977,5.158997475201289,54.196515615923246,27.498438829020873,14.651445602161097,26.698076786902373,3.0491399151012906,0
20.033999222799988,27.260285118316695,16.47335254717251,12.558461066442542,43.54892931521839,28.21597494082552,11.141177376246675,15.332954374392866,6.396291984707587,1
47.226789077157356,18.067889397367036,3.001078725257757,3.993045580596128,28.019894248325496,49.65628340983531,30.150866535128692,21.636389161509815,2.2756645990612494,0
40.92629309920692,46.377280190465775,3.605924614997462,5.011728716232312,59.814460902114135,67.71781770568829,6.856791192493702,7.903356803574155,1.7834445813466258,0
19.09804159118796,11.624902662979478,14.947053380671587,14.07367042534821,24.9810588500233,27.852721186536733,8.34652188353186,2.8716623365134346,6.097375319695971,1
26.864242373382652,33.717504294937065,14.475441320578541,11.958804259677304,24.553766106617026,35.17726701209597,9.36989898245565,10.623500905478942,7.7679743732827085,1
41.16993142782649,44.431178776265654,4.02704273850947,4.732293051931364,52.32458027834709,56.27447372744046,3.966497661861057,3.9498934490933664,4.696114507330276,0
47.87580638037701,33.389902704406744,6.844449120538906,2.986591647579523,61.50836941179933,38.656352725674644,18.343761148929644,22.852016686124685,1.8207612866056573,0
63.792606293606056,48.45926845480948,3.8184251572130936,3.6220375109747516,60.70143539025713,65.9147423306443,15.529725485034916,5.21330694038717,3.6138977289811804,0
39.27165250979328,49.0577305122548,2.148150801364868,4.321385734929809,61.81444038432432,53.76996364216097,11.959312936026464,8.044476742163354,3.6665370963367265,0
41.6669975550763,49.458710256477275,0.14386564778910982,3.9866428538946557,37.106887679868294,48.492351772988016,11.63448990750652,11.385464093119722,2.5355962582255933,0
44.495015895110015,51.57261602858709,1.1838660584800693,5.471133796605144,33.545723042680535,44.856641789425574,11.36486787160215,11.310918746745038,2.265937291672535,0
48.166390789677976,48.83241315937298,3.906079313144118,4.974173118231188,44.17146129871594,67.09503353657693,1.734116174782077,22.923572237860995,2.1314061432264557,0
47.10840649563828,40.71976470768871,5.14623605359875,0.9836615812556446,49.73923835686017,76.05054238011066,10.551216260292673,26.311304023250486,2.578117405231828,0
55.272766351584934,43.43330521667128,3.521732349443952,1.2843535858691157,46.37118309301566,34.06971161950548,14.076839898488492,12.301471473510176,3.1620972766847597,0
25.588863435718334,44.72899893802702,4.599774579411967,3.2605666304814145,21.849645029931867,61.32928363718396,20.479343451239238,39.4796386072521,4.0880896084054505,0
25.90456103843462,44.86159559285295,4.415356488054486,7.65725052488365,75.82538918202712,46.41419221866032,22.198928591247494,29.411196963366805,3.8842706704080934,0
41.032974623918804,51.98574124777384,4.013068782771835,2.2968163349967954,45.88931016671397,29.990914027118297,12.669019071630075,15.898396139595672,1.7076664445850698,0
53.77840150034967,49.149350024179924,1.6830528094774881,3.583554580774494,52.590566248654305,54.21558731144512,6.5295532474667555,1.6250210627908146,2.3689254011195904,0
20.09573888707876,19.14067719139885,16.121755142547165,12.793112483526855,27.77605848920344,31.973219124418677,4.28370435470022,4.197160635215237,5.2041113042542095,1
20.938941282449942,61.65175183907738,1.3032443922357235,2.89191123182384,14.825415957181924,28.333701582997037,42.301477396215546,13.508285625815112,2.4151257339239454,0
49.56943524975367,44.6371966609114,3.0348579059162035,4.356479487810111,42.32459192132432,40.27389291663198,6.253860170736175,2.0506990046923406,2.954468669271859,0
29.021740548933714,18.68643248732435,13.166930901513236,8.003284761070624,39.83178480999021,29.49115820417631,15.498954202051976,10.340626605813902,7.292285395069456,1
36.27833274560456,53.89465972901813,6.35756761477371,4.911936799761178,44.95534931824033,42.29969720404913,19.061957798426103,2.6556521141911986,3.9224267324103583,0
37.11568319423256,39.67698928810356,0.3805360512647358,2.3929380771458155,47.39770113929071,32.11173884569466,4.573708119752084,15.28596229359605,1.4698014353188895,0
37.2420502429226,37.58812862535194,3.9630152619826107,9.506459021606414,71.70702197667268,46.072898370606794,5.889522142053144,25.634123606065884,1.6857515353707047,0
45.88428253979152,40.812437800085064,5.962473183247189,4.157146441922252,60.10188313590834,41.30126307874041,6.877171481031394,18.800620057167926,3.8406536486693628,0
22.362031389401885,31.492700507821404,16.78650848330897,13.594884013619728,16.256007515258716,27.76058700439217,12.322293588108762,11.504579489133455,6.967052983519587,1
48.952511351804155,48.89815848084314,4.665890885650083,6.824192749355179,50.70680407716386,60.903084795974735,2.212654734666107,10.196280718810875,2.767511132220068,0
22.16298669676487,31.524513766990196,4.175389803735625,3.061858764112363,29.009404307817483,55.90222865167663,10.475058109848586,26.892824343859147,2.96250975050974,0
38.145185078977605,35.378234033667184,5.5966689795508335,7.325827309974885,18.804544472809898,48.46833313189737,4.496109375734473,29.66378865908747,3.7266236478263908,0
35.9915683127116,46.745268433579334,0.8250436637752641,2.258714418066667,27.058884151525536,48.06358606461528,12.187370875159136,21.004701913089743,3.231558251757906,0
42.94927457302006,48.98355224330646,0.228146668059507,6.8600607778427385,55.39648556249029,39.44387518882952,12.666191780069632,15.952610373660768,2.7014254564986686,0
40.69561793207889,49.1323331594881,2.987331719069488,4.402095328563389,50.476545690464526,39.805080108850944,9.85147883690311,10.671465581613582,2.6116371028914456,0
51.382750239166135,37.70370976853361,-1.3223242071434198,6.582104465404868,46.84754528665989,62.55405802118104,21.583469143180817,15.706512734521155,1.7465616340120131,0
17.7395483358346,14.172463337197165,11.55149422555462,14.234597477592986,34.56770777700459,18.7788205855626,6.2501882506758,15.788887191441994,4.028963474435406,1
45.363931810646015,39.94692132969664,5.441430390990883,1.7347854189574923,80.17582363164121,50.78912592530586,9.123655452982764,29.386697706335347,2.926466542344419,0
49.46669138569364,45.9189820182778,2.1332988898309475,6.551543641516645,37.65644613535289,47.147064076581984,7.965954119101538,9.490617941229097,2.6497230567098553,0
59.85317949249564,55.8838189541804,2.2584588066789806,1.1821921911491904,63.917291841740884,60.98698152062339,5.045627153845033,2.9303103211174957,2.198548163550089,0
41.1458722312522,27.620502513833998,2.855305049698657,1.9056312895035434,50.02869404031491,30.62482024866474,14.475043477613315,19.40387379165017,2.2795753173652553,0
47.59566883482014,42.23416994433307,3.1040413008792394,2.393181080415126,49.085907323210044,52.18721058228909,6.072359110951183,3.101303259079046,3.4947015364053597,0
30.569097659501082,33.33857247179837,3.2543478383885707,5.0072732723557225,67.64956322925116,57.1447651203866,4.522400246264441,10.504798108864556,3.705330918727238,0
25.86435036549581,30.78205858117208,4.116464213756606,4.066031753869719,71.93795574037168,23.429031720640076,4.968140675563157,48.5089240197316,2.7383070749675067,0
51.7581950062536,51.73565316275853,2.6547472939830437,3.665727831674328,46.40675814672743,35.88508040707394,1.033522381186354,10.521677739653484,2.6540163414028966,0
44.95551765081544,48.35699659599471,4.886386606955588,4.292470558044722,61.988040788632134,50.62315229780813,3.9953949940901365,11.364888490824,2.3170815627086374,0
19.093879133909486,33.27924729652605,13.721450566025991,17.75627961167355,32.52927204213126,44.70812229656913,18.220197208264125,12.178850254437869,5.636792307270031,1
34.01277688824201,51.36820671784795,1.786073108254729,5.336496247882706,50.11155708214872,54.7374896666905,20.905852969233916,4.625932584541779,3.0247966157247257,0
49.15921711623002,40.16224882587091,5.670225335608195,6.188333671230263,53.063824139855384,60.406813794247114,9.515076625981173,7.3429896543917295,3.294320783461812,0
59.950542724350825,40.53889986933177,0.2834860277550262,7.6400696255348794,39.67986777732743,35.80941231039018,26.768226452798906,3.8704554669372513,3.2867761040747703,0
16.997882171306475,24.363239308988458,12.347044301850588,13.830601983433159,38.95460223674832,7.762526817220227,8.848914819264554,31.192075419528095,5.604218222866476,1
47.21265204472839,42.02743156592341,4.933834802150936,2.9578220757381675,41.290470803709404,53.26758708635184,7.161233205217748,11.977116282642434,2.0677119201252627,0
45.068448646594796,49.88105690443273,1.5538537901757108,5.227072258370376,63.520650746433795,33.55970142678828,8.485826726032602,29.960949319645515,2.2030934754512645,0
16.57685087119998,23.747216530828194,15.821554284719404,17.754064175917524,24.855832383434723,24.982726534041127,9.102875550826333,0.12689415060640385,6.873045757484963,1
23.953127995813844,19.818560230509824,7.2098707549393515,13.990269656234906,39.104921319436954,28.767430469513926,10.914966666599575,10.337490849923029,6.753455893771821,1
10.149480911440822,20.895805604805982,8.424734277673549,8.749871722061979,18.38755547519642,28.429955105489853,11.07146213775359,10.042399630293431,5.007328973576204,1
49.03586605106413,39.36812624048076,2.8550445608119297,3.7517432503645916,2.01103032181733,43.477826421168785,10.564438500136031,41.466796099351455,2.092487571703032,0
32.49572554742997,52.44881001335991,2.68699233958158,1.583615083283922,42.58261097176777,41.52952743038555,21.0564617222276,1.0530835413822217,2.0271467848588745,0
35.56432268393776,50.30633325308803,1.8965242963354143,1.0203938692696517,50.564675976457245,61.31382335333747,15.61814099621603,10.749147376880224,2.3846680023770217,0
20.071365339182172,18.21158466660065,16.646012193927902,16.746463861771037,14.785579079345151,33.00322955756146,1.9602323404246569,18.21765047821631,6.225146069630537,1
42.22158168833726,36.10363056850948,1.4737872931090485,6.283793073936019,79.70231527297088,33.781650365159635,10.927956900654749,45.92066490781124,3.5264299129539434,0
56.62620380834036,56.92697992097851,5.0098605881357665,6.257091555062373,58.623590613725554,22.78264400348579,1.5480070795647602,35.84094661023977,2.5785689028611016,0
44.37415472753186,36.280853598508926,2.214397966237716,4.221761005785675,57.95677779633726,80.22702748960225,10.100664168570892,22.270249693264986,3.866301435641596,0
20.52947226557617,20.70086081478296,18.742807016139885,12.675384928176397,31.94838818985597,25.58550681502134,6.2388106371702765,6.362881374834629,7.012454221768051,1
52.13654079785376,43.9171816807381,3.205628486310138,3.7903592681190745,44.53036918824301,59.91544754950184,8.804089898924595,15.385078361258834,4.083472037593471,0
40.28086145795514,42.60900943748331,4.298186768775001,3.7228647532051786,42.70005789014456,74.66039398507262,2.903469995097991,31.960336094928053,4.76938428031697,0
50.58951050813635,54.70873710636485,4.841019150131357,-1.1348718194779996,38.208782017879884,54.21396353249733,10.095117567837857,16.005181514617448,3.822529391412953,0
45.201686940320656,38.35911583867232,6.124530221310138,3.1052741016775687,38.0017900172998,42.99344985299193,9.861827221280908,4.991659835692133,3.075640764178062,0
32.655054176457035,33.20315795430457,8.8904925798702,5.704030069816989,22.878155690875644,30.60926437456432,3.7345662879007477,7.731108683688674,3.5594478988130875,0
46.31435812296455,44.15996388965135,3.5010284075111944,7.127922673719408,30.862201929780074,30.399841955199545,5.781288499521412,0.46235997458052935,3.01205697542577,0
62.5697851372224,40.801386125707786,1.6738156523492242,2.339530732665431,63.11140104147424,57.65042273014579,22.434114091830818,5.4609783113284465,1.5312013088199659,0
48.943891668115675,71.01906335266116,3.9057486535897823,4.9245046585860965,47.85627962010226,73.76464484424977,23.0939276895418,25.90836522414751,2.4762996686303644,0
44.539857975956295,49.412059811519796,2.4675740991870168,6.093758064646575,42.40396372588499,46.06811354943206,8.49838580102306,3.6641498235470706,2.238726723477426,0
53.602747215655185,40.72527539825101,4.851932259704459,4.022416306391798,49.91882998020938,43.66419306775954,13.70698777071684,6.25463691244984,2.4585671665353015,0
46.685347721624886,35.55110744650331,0.40567140726855655,-0.5665609150544606,67.51086018051727,62.4622163621678,12.106472597444593,5.048643818349468,4.434937146111555,0
46.676273842102354,28.957692715449724,7.736669084800875,4.494579999148504,50.06315781313678,41.7107911914288,20.960670212305,8.352366621707986,3.8977197942837267,0
36.26699862272718,35.798247314100536,4.712096189551025,5.522861248121786,58.10561196396557,56.117243614426314,1.2795163671974041,1.9883683495392575,3.3527078411533178,0
46.870784206316785,44.91953417407306,-0.3680080355923292,2.1051542099630822,37.30092736417614,52.62702175128269,4.424412277799139,15.32609438710655,3.6498743603610864,0
53.283547331335555,55.418629212758155,1.5819421953700556,3.4916909382512262,40.72055073879921,45.857979121329166,4.044830624303771,5.137428382529954,1.4863092112753151,0
38.3115027831998,52.97351313910335,4.632162088227878,1.6890079157424718,55.30965327595513,51.766927618952195,17.60516452838896,3.542725657002933,3.5825469704716237,0
17.896191031594732,13.928741975148384,10.951065722468577,21.143640276144602,33.35218346217372,44.739467294749474,14.160023610122373,11.387283832575754,5.155752425321676,1
44.26635180683899,41.41465867438012,0.45552474553607336,6.0540088235753124,71.44662289272311,61.06799416151434,8.450177210498108,10.37862873120877,1.2082022498501734,0
20.99474073398247,20.011886205472905,11.868502059390263,15.62779261236789,39.24577865862851,20.617378650419013,4.742145081487193,18.628400008209496,3.4307875835242183,1
52.98105661536196,39.85089602012339,-0.8946797453238466,7.195349993409966,52.27150640241077,38.21958458619908,21.220190333972376,14.051921816211689,1.8607410858663318,0
42.705646114093845,57.74691196611101,2.8213282690579082,5.714644383812354,71.01604033440756,68.43904221411361,17.934581966771606,2.5769981202939505,1.4239957148431743,0
26.17891095911077,21.05297494095844,14.364362125300886,17.293002269388154,50.240285363792566,19.996795478026833,8.054576162239599,30.243489885765733,4.6947979056266345,1
42.665930941931705,43.30929713402619,1.896968539794039,3.8336386797911826,15.595069664440082,29.506058551609485,2.5800363320916264,13.910988887169403,2.194360761910126,0
44.52139085176077,26.273420599834655,-0.013844598276027131,5.132354781540345,34.19103728217167,60.0968610005665,23.394169631742486,25.905823718394828,2.4272426084924983,0
48.94848163467433,42.43652122781789,3.2924295927551186,5.933766833511487,55.072104880368975,44.30088794807984,9.153297647612806,10.771216932289136,3.791683634205876,0
47.32717646072005,50.69187310371953,1.7905622667290437,4.645341261484023,23.195486516735418,28.812944855115756,6.219475637754463,5.617458338380338,2.755809382198079,0
21.598259129594886,27.812619374088122,11.501127367054057,19.300425338714103,38.21615752237163,23.383362966272603,14.013658216153281,14.832794556099028,3.6487816120329652,1
17.479100844961643,27.803068734633698,11.407108444627516,16.898050282072404,6.519316028991735,10.976946086550598,15.814909727116943,4.4576300575588625,6.588014838043367,1
19.59238663449177,24.96386429323387,14.021045372696808,10.819064427308376,29.942771590950795,33.39563152821337,8.57345860413053,3.452859937262577,5.017397011126764,1
43.94290728878762,32.186742211855574,-1.042004641752487,3.8703814928777396,45.688546876606885,50.36292122731367,16.668551211562274,4.674374350706785,2.818932466887459,0
17.56385717943224,26.45093376634076,10.438363254313467,19.739103882062334,52.399651922314476,30.317577964694802,18.187817214657386,22.082073957619674,7.045756630994987,1
16.62145960419194,21.44818920278172,19.875029237735834,8.084910956277632,11.683487712863737,26.87895101651435,16.61684788004798,15.195463303650612,6.268184130828569,1
36.362109429793215,40.89145423607037,0.6232306585198581,1.3265558317067558,46.021642018241984,34.26145917207031,5.232669979464056,11.760182846171674,3.2814556719034895,0
28.82561088030442,35.00897275899525,3.387597427534184,4.894772592946855,44.23054801893149,65.09382973535806,7.690537044103499,20.863281716426563,3.2510744255236537,0
14.570874355574073,22.507161902705946,14.283763975768792,17.5570762751094,28.02470662530832,33.93628250918263,11.209599846472479,5.911575883874313,3.779112803997717,1
40.212499355351625,63.67897588023504,2.5688641131621,3.668318188675996,65.36519302978738,39.183002405994515,24.565930600397316,26.182190623792863,2.694999240261038,0
14.25602982420672,20.89883096705708,13.566204701040375,9.61591513186472,29.190120905978326,44.426964792733685,10.593090712026015,15.23684388675536,5.33823986535978,1
44.455012598656374,37.085717904475715,3.5466224991703283,7.041201803526423,33.69454507998087,31.106010436170738,10.863873998536754,2.5885346438101315,3.191059460749633,0
22.312956464269757,22.340450099780917,16.758570581940944,16.376243437841822,33.57192878994939,29.73408881472771,0.40982077961028196,3.83783997522168,5.34150141815333,1
61.74558345767956,41.466563632526004,7.1131716414151915,1.5252926199216637,38.49588106425406,51.295985112465914,25.866898846647082,12.800104048211857,2.126731877458239,0
32.90493264349429,54.995879851420476,2.0583003397554323,2.934413573839106,42.11070890308559,28.73324412101305,22.96706044200986,13.377464782072536,3.0828612174200543,0
54.275048346404176,50.4534112173149,4.312232403720541,5.700008535939186,53.87690261478603,59.595738077320874,5.20941326130792,5.718835462534841,0.9937391711559465,0
15.094172344301592,28.11353944053939,12.933140164351489,13.019580169603657,40.16287942756635,23.91754507011976,13.105807101489967,16.24533435744659,6.265463268911686,1
38.767258084986395,35.96736293635978,2.7208097457684963,3.9170840753404286,84.67414062950951,30.224185629796715,3.99616947819855,54.449954999712794,3.8581816240794886,0
46.62588763668825,51.55508178268312,4.21359005011927,1.7247995900715294,48.87757185021203,35.79373396257444,7.4179846060426105,13.083837887637586,2.4190860509221457,0
41.33893400529908,45.21325817716014,3.491638443632778,2.6349199076929084,59.26757328318833,84.6393124275323,4.731042707800931,25.371739144343977,3.1414700922282495,0
18.74230556977752,26.192894021682857,12.036907971981876,16.309286036228627,26.83883719369589,34.5512308812345,11.722966516152088,7.712393687538611,5.499926505246935,1
57.0730481072364,38.9312838760495,2.3354545974998233,4.5539886622382015,37.09026302127905,58.54184633154686,20.360298295925283,21.451583310267807,2.3124782418130536,0
27.111849308492538,20.10950843254646,8.995331121504485,21.39242603725836,47.459036321856196,55.68393468235372,19.399435791699954,8.224898360497527,5.933538527440474,1
49.06886698586754,43.29301369978883,2.076509917307746,2.626239530423744,35.68430415046057,46.748077427236574,6.325582899194705,11.063773276776004,2.163793048123477,0
41.55752544036286,61.685517808126114,0.39199364432672423,1.9479295048895198,56.23306990755504,61.05896393020499,21.68392822832605,4.825894022649948,3.2343722350904747,0
33.12754668060532,50.439467125858606,5.25286743349206,3.7828270463441136,65.53347601666114,60.322280722583805,18.781960832401232,5.211195294077335,3.2466812966129273,0
43.332254315676735,61.52333600950739,6.203985309226826,6.063477961028118,55.16945756951766,41.78955371257314,18.33158904202936,13.379903856944523,2.318560386369101,0
15.847777967217173,14.854500964157639,12.412470329782549,15.337350126286115,29.30780592058482,30.809141575726816,3.9181567995631,1.5013356551419967,5.374951703661965,1
32.78265714728282,52.21983474682153,5.541058448294286,6.9072683017498955,40.53717441931371,61.33211460550959,20.803387452994322,20.79494018619588,2.2520417300256184,0
36.55928505458644,59.79262950196019,2.3107303259836875,3.655937275768661,66.70399626779763,60.28565789514016,24.578551397158726,6.418338372657473,3.4174334999273266,0
27.007992964732146,15.19587888439025,18.29834543104937,10.613221324225531,36.232554234584725,34.97352542827553,19.497238187165735,1.2590288063091961,6.368655623920654,1
37.1227617212219,42.50218142794496,1.442825906376577,0.7996214264756811,52.025835571755366,58.629165757125676,6.0226241866239585,6.603330185370311,2.728315597446527,0
38.6598124230783,52.2612601329761,4.288129845914446,5.413041546841255,64.09044596107358,45.31255778536697,14.726359410824607,18.777888175706615,2.79778267227368,0
25.259738088614593,20.670401833689763,19.629962690213073,15.716433359410127,33.83655023866789,16.416435552794802,8.502865585727777,17.420114685873088,6.222463027852149,1
34.075060766478806,40.16028285830233,2.8455565768031486,4.341410965509014,61.33257359698384,52.059432716816126,7.58107648052939,9.273140880167716,3.112034457369514,0
37.20702523026905,38.22744734127976,5.590297088390686,2.1983765179772723,32.53179832834825,59.78549111637276,4.412342681424124,27.25369278802451,3.7640107920896475,0
21.251001031258472,28.766117767098574,8.13914369299781,7.766214468357674,28.42821500069832,41.564964758415364,7.8880459604802375,13.136749757717045,6.179733984134832,1
34.54104174215229,50.6519909354533,1.3226847249588305,3.0268375072905243,55.93204160068376,59.637440201150085,17.815101975632704,3.7053986004663244,3.438642400716607,0
32.2170229240413,50.38472838929249,1.6381823417286105,3.7988137892435847,68.1873641612297,40.59131690066311,20.32833691276616,27.596047260566586,2.734453447815946,0
39.95980016372884,32.60665919849921,4.363986598508291,2.660895347248379,37.72798667543488,75.72821687137379,9.056232216489546,38.00023019593891,3.816724706819909,0
19.084016906398062,27.141853221896717,13.544665991993554,13.599878835391152,23.846076742451228,17.93857558017099,8.113049158896253,5.907501162280237,6.607617783079621,1
43.424625536024884,38.87068056482519,4.103360464511939,9.456999490593214,42.526033603381265,50.21626522785113,9.907583997280966,7.690231624469867,1.6161396160559138,0
41.28335137507506,41.879480024891365,6.793777495744163,1.2731915053249718,65.15196071522375,32.22016136173198,6.116714640235498,32.93179935349177,2.8281702652264857,0
18.396661872214043,20.88941410347269,12.396057797949029,15.13588583836232,22.97272934572707,41.207504681638696,5.232580271671937,18.234775335911625,4.971028562381707,1
28.97605677956161,29.272775225400917,9.910341086489963,11.893341382390103,30.176418087350196,37.130633430135696,2.2797187417394476,6.954215342785499,4.032720095034707,1
48.95764523020026,45.93656536230374,1.3228386810369954,0.005905126764050195,52.33877879076668,63.43765919038997,4.338013422169463,11.09888039962329,2.291918113023691,0
48.067480251229156,37.19219935454748,0.3800249765364647,4.195652983704535,48.26043120857804,75.42911105780173,14.690908903849742,27.168679849223693,2.0155292478581153,0
41.72553220723423,50.91138839969957,2.2252365099705704,4.348735175536606,58.91699722329841,59.80352343738191,11.309354858031373,0.8865262140835029,3.629373683767171,0
22.10793305307228,26.298040483242463,15.661611881939749,14.257852994679071,22.477654634725575,31.27594852682103,5.5938663174308605,8.798293892095455,8.134014434953299,1
35.98003120837569,42.49818381136093,6.653294158623876,4.799093682031412,45.125321087469985,45.30557332728521,8.372353079577703,0.18025223981522487,2.832240676629427,0
54.02327194602855,50.72485370226707,3.8348940688215998,3.7003785625084182,67.92778103604647,42.0738938765049,3.4329337500746635,25.85388715954157,3.4252242904546075,0
17.208491230269846,27.743828935561186,16.53170554920414,17.85765348450371,22.085323574871463,32.5139196897484,11.86128564059091,10.428596114876935,5.0801106034309464,1
14.499228835141526,21.363456187951478,20.241690793778794,21.939229851729866,18.181060256280105,29.393511501050778,8.561766410761024,11.212451244770673,6.489628420253041,1
44.84101091705351,27.918266763471497,4.2455382504551,5.857702492100448,33.988745211669666,35.84480948726841,18.53490839522736,1.8560642755987402,2.4779576768379146,0
23.89468251756057,21.953866025671783,14.39633674117929,12.634084468464431,38.755050498444106,44.919976261260565,3.703068764603648,6.164925762816459,7.6430210694259255,1
54.762263171341736,58.46104644536548,-0.9591885517050565,4.075927456421271,44.40562234680311,61.755755370937635,8.733899282150073,17.35013302413452,2.7273850804607536,0
28.372462166737687,29.836433223229776,10.898070739283911,13.713417497053662,19.467936039573374,47.548402404262575,4.279317814261839,28.0804663646892,6.847963037336628,1
38.89984608682721,44.5263091891917,4.89940076855574,3.3086926867886617,42.546514292711024,60.10685207183765,7.217171184131567,17.560337779126627,5.003453441693447,0
53.29042313657984,57.3034515775187,3.54893667127313,5.54370097161359,58.17393782268491,36.25680310777289,6.007792741279321,21.917134714912024,3.0246488921578507,0
14.54149561930343,18.89891870095703,12.554540114121805,15.674697650816249,25.929681730539407,38.063215333663166,7.477580618348044,12.133533603123759,4.616142132951045,1
52.20426461865273,42.05271757945674,-1.8602447514547125,3.619028604389788,66.77704117165015,49.598463794619256,15.630820395040491,17.178577377030898,2.0764022184855047,0
58.595487864069675,44.45208518772445,2.2684385093959873,3.438261508404683,71.53610091402322,55.867220578824835,15.313225675353921,15.668880335198388,4.0021160058504375,0
24.245510553715718,22.666776251779073,16.26169889439032,11.43143768067199,32.402306257704474,30.308650393280352,6.408995515654976,2.0936558644241217,3.755639321538046,1
18.530165261679088,29.909182403404152,8.900791287457883,16.64281557593758,29.720522287217072,23.262171128916762,19.121041430204762,6.45835115830031,5.3164591247605495,1
35.77046174928113,53.14718485719642,3.2861698740559886,4.144720779816769,30.428093395687373,57.68276843852462,18.23527401367607,27.254675042837246,2.4562469365930975,0
51.037866384542475,45.20108523164963,4.012773494465789,0.7415819218398929,36.51205855927971,54.2071272894805,9.107972725518744,17.695068730200795,1.9866458107334624,0
46.59539188789414,49.69985411547044,4.3413743414524655,4.6880002126100715,66.56321781229616,58.443869549711366,3.451088098733905,8.119348262584793,3.484159680241457,0
48.78430625728172,52.25104420221865,-1.7118378498646445,5.396166929835337,58.40542926000103,45.38021493399854,10.574742724636913,13.02521432600249,2.4954041065891746,0
39.83542342371684,47.105486365237866,0.3714298043837596,-1.5090432567967458,41.824586406163526,65.94218593140309,9.150536002701532,24.117599525239562,3.3403405113911147,0
31.71133267546262,36.23782939273409,2.3907547032905287,4.503738896636051,49.833461140657484,57.415029192656526,6.639480910616992,7.581568051999042,3.399426352676835,0
20.2488684359048,19.331158970977057,18.494116843567227,12.390672417241266,48.30468474998774,32.63513261280459,7.021153891253704,15.669552137183153,3.4590916761584976,1
28.492774780164364,45.19024507845844,3.978468027100071,3.5582914397408967,78.6201627646868,42.638196656995916,17.11764688565325,35.98196610769088,2.7854810528454506,0
42.46119606205972,42.62994956140052,3.9437398957533514,2.185238094473359,53.89076500164203,28.5350451032636,1.9272553006207946,25.35571989837843,3.548946845203766,0
52.52945493135976,44.699131431360975,2.2331641160621363,3.703621419192716,10.110782239289023,44.47920866384064,9.300780803129364,34.368426424551615,2.2619629372415337,0
22.10486472194695,21.31799986551139,3.993175993097866,20.923719493533405,28.12157179936209,29.39511467186647,17.7174083568711,1.273542872504379,5.747424044421406,1
60.5867411583185,64.66858928133254,1.5433414631565185,3.1072030023689687,64.02122194312021,45.329507803825805,5.645709662226491,18.691714139294405,3.565513738496086,0
53.20087322065419,33.358189954869296,4.536388256211696,5.9311471175863675,53.36948473784113,56.37590750601056,21.237442127159564,3.006422768169436,3.1324724038699756,0
39.76881289339539,28.080429841431002,1.1590224245208436,2.3873375622407798,60.89772378102175,48.51457184715542,12.916698189684325,12.38315193386633,2.5119374047888234,0
45.21850703881151,46.65901466815688,4.7000727903791395,5.517512385312077,55.35598061690576,58.45869226939785,2.2579472242783067,3.10271165249209,1.823077790419964,0
44.62103437964451,40.988619563294435,3.4157064762752922,4.003311711243902,31.48031873777202,37.34763811187029,4.220020051318688,5.867319374098269,1.3707373609317255,0
15.686121179784397,29.63628840382759,17.593935972277286,5.872439455076451,47.58272157875278,29.458912884016414,25.671663741244025,18.12380869473637,5.537960819414698,1
23.467394559569968,14.9831162247819,15.124701345150397,20.28521709582683,34.40248030210398,33.64638531449738,13.6447940854645,0.7560949876066019,5.734432476110659,1
40.51391274416112,54.27283756143118,0.2889162776717473,5.283250464882417,65.98122167357528,28.925755868040458,18.753259004480732,37.05546580553482,2.889154066855216,0
28.710235977152507,31.94219343692849,1.7046944872439087,-1.1351702358675162,38.51173897519069,49.522688154574375,6.071822182887409,11.010949179383687,2.7109316906467638,0
23.08502974788349,15.77205187006462,5.900060239423762,19.40873200380006,27.110227417338415,33.5769421996281,20.82164964219517,6.466714782289685,5.612064364181131,1
23.417846616002386,13.877471951741448,11.464882509915041,17.783589883167096,35.25112942885816,27.498765267061085,15.859082037512993,7.752364161797072,5.741591161145936,1
31.616848789507408,50.163708765497816,2.6052896893306716,-0.08707670779247145,73.79295897618695,53.79088375591299,21.239226373113553,20.00207522027396,3.6015233813225067,0
48.233702922218654,61.547596402307086,4.8487147360520115,2.9388392887055814,49.37480332805878,63.963655948963364,15.223768927434861,14.588852620904582,2.2531397986396886,0
50.72698195752768,51.64563176891094,4.134435810867745,3.8913183179267006,23.67862372585612,86.50046027716678,1.161767304324306,62.82183655131066,3.0224831231216824,0
46.81627583091911,43.54569123290978,2.007588248516985,2.3437197247742065,59.703056973451666,44.606005263299686,3.6067160742665503,15.09705171015198,3.2659495289239526,0
20.716942336711256,12.730384467079597,4.035439404181334,16.50965842559352,21.246764324089547,44.30912090882136,20.460776891043846,23.062356584731816,6.032633476876496,1
11.118823835508401,10.10821308556772,10.555079228342509,11.754618332166805,30.728017943623094,-0.9556117996730862,2.210149853764978,31.68362974329618,4.51900727054225,1
22.043264057403356,13.004912788253812,12.48996370149782,10.3441736961152,47.10808544114316,43.56761982464312,11.184141274532163,3.540465616500043,6.477688030982325,1
47.459228557757505,49.24186902811009,6.080215647488063,2.083101237490385,33.77081181231553,38.98878506141387,5.779754880350261,5.217973249098343,1.7912433861279433,0
38.40310199652191,46.055979564686645,4.936997605249752,2.8498836076252596,35.70546749738892,46.441053523369746,9.739991565789225,10.735586025980822,3.0609068430718227,0
12.388204068910545,18.924467218128946,12.981166970547742,11.053238170487113,38.14339814567873,21.928252642923496,8.46419194927903,16.215145502755234,5.057444962124607,1
25.563441874949625,26.099274424006413,7.029996652322451,7.807866406122979,59.97198291719138,22.508823717200116,1.3137023028573172,37.46315919999127,5.923967727792844,1
40.226967531106155,51.020380427611364,4.499876785889677,4.283423580635017,40.060349092579585,69.3738742116704,11.009866101759869,29.313525119090812,2.3882843058697696,0
27.668638549582496,32.724078486578954,14.583190566414846,20.980668585455536,23.67351748559981,20.728674163181566,11.452917956037147,2.9448433224182438,4.908337004235599,1
17.32099268473851,20.52198831292091,7.937347076480696,11.933730926749643,31.72419852091399,18.454003389273577,7.197379478451348,13.270195131640413,3.6204815594851123,1
45.25925610672109,47.063373680458106,4.1674228396479,2.2584672471185225,73.51475539681255,61.1072656116896,3.713073166266394,12.407489785122948,3.3528684920005984,0
39.62011523194931,57.01144587687087,4.480842428095503,1.496603902959715,34.78283763475545,26.909944229139985,20.375569170057346,7.872893405615468,2.234603138738172,0
46.78616668736208,45.88834451059496,4.339768980431482,4.043211095183369,67.7096484749067,52.870604530963604,1.1943800620152345,14.839043943943096,1.439442484463914,0
31.0622264589178,40.911817617034416,3.589661378419389,5.658547373132935,51.83138144676627,55.07616369975696,11.918477152830162,3.2447822529906887,2.2684668783102317,0
40.63166560946623,36.67395967093152,2.6085500418322343,4.309700896620768,68.10539770141528,56.65274827162398,5.658856793323249,11.452649429791308,3.125839257728152,0
20.80009112926394,28.713367587584017,13.322453044361623,23.0903424058302,37.582447761547975,18.933206693552084,17.681165819788653,18.64924106799589,6.659079117392296,1
46.08270678313833,24.474367881799328,1.094277918827399,6.283661855472467,51.27196450869643,51.879495946610916,26.797722837984068,0.6075314379144885,2.4322798358585436,0
52.95557900407126,42.5256879853383,1.3106454734135002,2.5217268815385934,45.27404585601251,22.56355730907171,11.640972426858053,22.7104885469408,2.5286716488554695,0
50.16804949691641,42.35328112062925,3.1234693529205932,3.5600598266539403,50.99268247797655,60.02681513199298,8.251358850020509,9.034132654016432,2.94183394981097,0
26.02672511312886,33.084233171061754,3.3463952854174948,7.269211023522403,48.57843991992303,53.464122116916215,10.980323796037801,4.885682196993187,3.627702330366679,0
13.369761569589809,22.387035837175432,15.165989743891828,24.736642434521414,25.010212569441144,25.12523373596475,18.58792695821521,0.11502116652360428,4.9358820719875345,1
47.362239524966945,50.47726024118593,3.9102927618990373,1.4653260680668576,73.2872056067761,28.45903868295087,5.559987410051166,44.82816692382523,3.0495496172141205,0
38.788006876055995,45.8456939925997,4.545456755838787,2.66128780749941,53.68677526071785,75.10033278886539,8.94185606488308,21.413557528147535,2.8201117088937435,0
15.181205368946944,34.346867062586576,21.39643423210013,14.47237530614523,30.576227631595955,33.75997252127395,26.08972061959453,3.183744889677996,3.6876042767028387,1
46.40951858002154,46.45078027145618,7.7489325665679845,4.714325171402542,18.98715019702387,62.589361109611815,3.0758690866000844,43.60221091258795,3.7153926970559437,0
39.66521026438749,44.74102070359139,1.6341297873696277,2.2081059928224422,15.086011506044763,41.85550133147945,5.6497866446567135,26.76948982543469,3.593921654275357,0
46.5833333387366,53.942900502866515,2.277825673226261,4.542068505722489,61.55720655031255,14.245066716827239,9.623809996626141,47.31213983348531,4.63622393413284,0
40.14022169903754,44.98743345362919,2.209866187745581,2.5278695629187005,40.71533647389357,63.470187631528525,5.165215129764767,22.754851157634953,3.4884514387114023,0
41.76510405847982,32.334295089449995,2.847624777417965,-0.24675707679645598,43.176489978423,57.500301607826124,12.525190823244246,14.323811629403124,2.6012685425540294,0
39.509766913959325,57.04103971899528,2.342550374067418,4.6132395739638445,57.322313968082355,46.38006536391735,19.80196200493238,10.942248604165002,2.276278952711848,0
33.53862968208278,46.96272213863077,0.18637891079025648,4.296927363093777,42.25927765847332,68.87209460046815,17.534640908851507,26.612816941994822,3.762356208569293,0
24.450992055623935,27.055083378730025,19.24622309277565,15.514826212323053,21.95732078550583,38.87769163796706,6.335488203558688,16.920370852461232,5.147684854704079,1
49.6823954921307,33.97278625363985,2.8047586084518477,2.6540255616694868,51.42896096565073,54.641432323462745,15.860342285273209,3.2124713578120137,3.647789349217657,0
49.11906876861098,47.16731376766436,5.457144164123995,2.440911049281247,48.73805625276146,52.52587626806671,4.9679881157893675,3.7878200153052504,2.3920688048859087,0
51.55940202108187,43.062623960204995,7.404486546745827,4.802933716963091,26.408743914627667,52.76451576399522,11.098330890659614,26.355771849367553,3.279326707029824,0
47.594721680118944,56.59317428825927,5.670947795701309,7.038039145061962,37.70402965341711,62.19909809252119,10.365543957500979,24.49506843910408,2.15219902810691,0
40.73819601426477,41.232741754665376,1.4492419406547872,4.022336019012656,59.03803048380299,39.13785480185518,3.067639818758472,19.900175681947815,3.6239082834656653,0
51.71731091544951,37.30095368254027,1.608380778747669,4.84917019209429,39.76967277703923,58.38974682677555,17.657146646255864,18.620074049736317,2.0130626755926007,0
12.751773901507349,26.855588189451915,8.562403156731197,12.059234373397157,38.69762058176292,15.25083602081779,17.600645504610526,23.44678456094513,6.173892260699266,1
37.79462893990016,51.40225514173465,6.569117777707172,0.9127389562526305,85.19601985990099,72.04832757628351,19.264005023289034,13.147692283617474,2.8417280526183903,0
37.28639942861404,45.34921094088156,2.669151895636213,5.934858838308116,59.84577951261984,59.98192857362852,11.328518454939426,0.1361490610086804,3.081445149781008,0
53.64044847311448,49.41085638139927,0.34498501892513866,5.816828478172324,72.39247837047736,41.67657607541606,9.701435550962398,30.715902295061305,2.683356932670693,0
20.34672168518125,13.397165056429515,4.521073352180036,16.23058853188292,38.854705829400956,10.844385858813212,18.65907180845462,28.010319970587744,5.338315524110425,1
48.898441896359955,45.870920808073976,4.514112003638834,3.636109123315163,41.98606965991718,39.19320429957939,3.905523968609651,2.7928653603377853,3.1238249632078174,0
53.57543892169438,53.31992706051138,4.379880553792174,5.194112199477082,53.00227497211137,74.56169256551195,1.069743506867903,21.559417593400575,2.1982892975281185,0
37.96573774070409,49.00254667217202,2.599566667016688,5.787523594775662,80.19981419146163,76.34313976706814,14.224765859226904,3.856674424393489,2.1935823506666585,0
18.641724448369732,25.025624488230303,12.05734568870304,18.717553351672983,29.66525189673094,14.562163532546059,13.044107702830514,15.103088364184881,6.0946061177142665,1
43.99860457293469,54.818900367409206,-1.5463444050936639,5.977052209294884,34.41009051682889,75.34984851481866,18.343692408863067,40.93975799798977,2.682023888224794,0
26.70230525895174,30.021814441335763,16.180224580924822,18.537436036026808,0.2396752599047538,24.267239148888024,5.67672063748601,24.02756388898327,6.145759059224122,1
44.07820613958242,60.41658649137548,4.72137084273726,1.383493489151257,46.73705924249676,63.45268850762196,19.676257705379065,16.715629265125195,3.739371754331732,0
41.92045689271935,30.352327240874118,1.3342734496909296,4.311316595343482,34.94791867035407,70.37086782864634,14.545172797497784,35.42294915829227,2.732421265254716,0
49.32726814848792,38.98325740182163,1.327322927007424,4.513154791698615,75.11029141155856,51.91384606726125,13.529842611357477,23.196445344297317,2.818670237603111,0
52.00935333752986,43.67265971843945,-0.7328963055269506,5.418059550636608,53.245348018869315,53.06655785976018,14.48764947525397,0.1787901591091341,1.9379773392243627,0
39.65323844122559,42.82815463417471,6.179791189621389,6.707783718646851,64.57589464640755,66.00484902143346,3.702908721974582,1.42895437502591,4.6573086836896955,0
44.51139462918099,52.051288320212436,1.5596920459568666,3.8096989758864415,45.52001914130452,61.6974694839399,9.78990062096102,16.177450342635375,4.94165391644393,0
14.387275968777931,11.177497095445023,7.717326514333612,10.707620544136791,40.99073062553966,31.049579963070794,6.200072903136087,9.941150662468868,5.724576984252801,1
25.015511860056485,46.0861345398645,4.207834082966749,0.4814259599188455,30.359090818500842,19.197559430927967,24.79703080285592,11.161531387572875,3.980869104935278,0
46.60367705130983,39.37430321424197,6.024135898282906,4.838683744923251,36.38012386732819,49.36707906104428,8.414825990427516,12.986955193716092,2.9265492930099275,0
49.871242850037056,46.36112783469933,2.6922044520287294,2.4029592156319435,55.21288241040067,20.546287311622315,3.7993602517345106,34.66659509877835,4.2830156742504855,0
47.096534472693804,43.48182192161699,1.9211404124431628,0.1855560006223942,57.79824397651922,37.13473995841677,5.350296962897582,20.663504018102444,3.268986469120309,0
29.403506257965063,44.74348522146382,3.346135297141107,3.5964512474016828,59.047941095880276,38.88569564199423,15.590294913759333,20.162245453886044,3.079809735013919,0
42.19320455938821,39.60060134028524,5.568160553084574,1.085654603158087,27.669909743272143,43.4703653358981,7.0751091690294565,15.800455592625958,1.0005843683051345,0
27.25321791959135,39.91948839923134,2.6596549371984324,3.6771442039343665,49.99386221152595,64.30657216245312,13.683759746375925,14.312709950927172,2.2971152212586534,0
25.23658853310724,15.177802701115075,16.22515393498449,15.681556477818338,22.753257883176953,30.626114005832243,10.602383289158318,7.872856122655289,4.962650549111231,1
25.84794996213887,17.069111029471927,13.590111026292616,10.488808986426168,28.571733614048494,37.30394305924753,11.880140972533392,8.732209445199036,4.911341385513794,1
55.04322887567917,39.21376532641722,0.5574052307895494,0.984829730472125,57.18615583246178,61.48760464092708,16.25688804894453,4.301448808465302,2.0281330288500925,0
52.56695714947317,37.049859643416724,4.728782994813329,5.816890331291545,32.41740429460343,61.84180684552969,16.60520484253466,29.42440255092626,2.4169827770589767,0
37.795277179711505,48.907681325374696,2.358751047386377,4.196160900559588,64.52044410794522,14.547550131686137,12.949813998836403,49.97289397625909,3.4427576138006555,0
35.93772038985804,43.739968855538486,1.7849581801585792,6.057698307219189,85.08234412292367,52.152965230106744,12.074988592741052,32.92937889281693,1.893431416213314,0
47.802961731090704,50.64398507188761,1.5680655536321153,3.1364976499377444,62.522536063769934,25.053119182449922,4.409455437102538,37.469416881320015,3.1069837789788313,0
38.24540770253543,36.753622293030816,3.1700917204003636,1.3355108264731093,47.55748940673343,59.63709213507311,3.3263663034318696,12.07960272833968,3.9903628251912444,0
25.621766799352514,30.11680320938035,16.425847083248286,11.18709285251476,28.627089320896335,42.64456208140635,9.733790640761361,14.017472760510014,4.742320695674999,1
41.13737927354465,39.73596734538933,2.453735712561495,1.416385092665768,46.86404027491237,49.29342196973951,2.4387625480510535,2.4293816948271427,3.2683893945327815,0
30.750732684274933,37.869179125879874,5.698647855621479,4.95562830584131,38.58899229834484,60.2165466402938,7.86146599138511,21.627554341948958,1.3838788406577889,0
27.156255847004328,43.3696927993576,6.076032563723267,6.953844044429399,53.78597309978074,35.23363077525532,17.091248433059405,18.55234232452542,2.342469778865683,0
46.813473987956776,38.90523828583689,-0.2200433458179929,2.870096946689559,32.92306113268543,66.4257394076983,10.998375994627441,33.50267827501287,4.6433614668728325,0
40.507538029355,49.92813561069159,3.6551854622859152,5.258270596515567,21.654533201031494,59.5993325492762,11.023682715566245,37.9447993482447,2.520670465963254,0
40.57528146468694,41.69479790061987,1.4462758027572156,0.9531158837287603,53.29402522720323,57.712370437568644,1.612676354961385,4.418345210365416,4.011580967637654,0
50.566910712750285,45.20379599019121,2.5034977722778127,4.360642498354598,50.318495986637316,62.47002381265798,7.2202594486358604,12.151527826020661,2.5113272885149738,0
19.34263702164166,13.92798707550855,5.933349814856315,16.231739764742493,31.871015372222725,36.22247498758354,15.71303989601929,4.351459615360813,6.4046795647283625,1
42.819642229105526,45.5596407392975,2.5745601661381614,1.103750449446263,30.7595506608445,54.27878295635213,4.210808226883872,23.51923229550763,3.4124694762828147,0
42.27521034472111,43.80696711636021,3.4609197612552665,3.592233062040291,54.34616040371052,52.150773583512986,1.663070072424127,2.195386820197534,3.0805544127952076,0
49.00114426491107,48.08480552328251,4.345940412063835,5.43183428097113,35.14737442144324,51.81176583075783,2.0022326105358523,16.66439140931459,3.305209960800864,0
34.144515442403396,37.63475892939354,3.58915360108064,-1.8675412944589542,47.915834737019985,41.919533850293845,8.94693838252974,5.996300886726139,2.34528779621841,0
46.785224437981576,55.195343413231065,1.706327391664753,6.670906123403485,76.47457781189667,33.362018279159415,13.374697706988222,43.11255953273725,2.0909838484249947,0
13.538686524471906,13.699955338170337,11.65193910672745,20.622070749854444,25.39812951102121,19.071262677954703,9.131400456825425,6.326866833066507,4.91101098042717,1
23.448539026225973,27.410372182841645,9.667508674702807,21.06491964274685,34.604222679843886,30.302695127144787,15.359244124659716,4.301527552699099,6.574529069137989,1
17.485126147243285,26.70487849812099,13.94696600863224,12.928946095362337,21.035305622497994,53.23320513281019,10.237772264147608,32.1978995103122,3.69206024306523,1
38.909157841528476,37.19055614042012,6.924136723797057,0.5545550368692891,52.27728639115638,64.78080672715036,8.088183388036123,12.503520335993983,3.8298203045118564,0
37.97389397741227,49.322676276071,1.415992851809511,5.068125912633903,29.370189769114685,34.41690073216581,15.000915359483125,5.046710963051122,3.0698731648200384,0
45.7990956352737,61.676844608339024,0.6132423751123603,3.8348193491669758,19.974117781485702,49.42736261663138,19.099325947119937,29.453244835145675,3.387677682006868,0
48.845956638143875,37.7074232675372,3.639855723689547,4.064230910864641,57.98558016945085,69.49509567341877,11.562908557781768,11.509515503967926,3.1132808100641056,0
16.547294738418703,24.01580904064346,11.097109473551459,20.660484404173445,22.543795328278264,24.062954204977615,17.031889232846744,1.5191588766993505,4.188307897985511,1
41.040276157055416,29.95595529036298,2.608813526301549,5.5241277477251955,56.75897496918699,70.24440827645924,13.999635088116083,13.485433307272253,3.013815620804519,0
41.019420013526286,47.63124183553078,5.81809193282418,7.842474834179225,53.945527727268555,43.1382913393866,8.63620472335954,10.807236387881957,3.104625688153229,0
54.19737615102998,36.91428960160248,4.09825335111673,4.3077084577469975,49.020339324914076,63.76432188591561,17.49254165605776,14.74398256100153,3.607938577073046,0
47.37261550824244,39.00132305252414,1.9400141365930492,2.6175751244177654,40.06717178485009,36.055444045328024,9.048853443543013,4.011727739522065,2.1451295442852283,0
55.14121208950379,35.189708081281374,2.15104816481644,3.6231663061825476,57.74202449131915,47.8618906627519,21.42362214958852,9.880133828567253,1.3676713078813114,0
47.309824024078694,49.85720980843789,1.9948269721886298,4.831326745077212,72.94825232607727,49.273662838297106,5.383885557247775,23.67458948778016,3.141011052136398,0
35.74306705029383,52.058434859786104,4.749479243160514,6.031713037985955,42.48156488834819,43.36239681702985,17.597601604317713,0.8808319286816584,3.2830800012707044,0
21.197022502676884,27.975842073078674,22.529544818709994,19.939172106539967,22.937766459319235,36.345785009654186,9.369192282571817,13.408018550334951,6.494650177907837,1
22.498425551514668,17.810428907491648,10.280399579168453,17.23187122379268,30.68761750844783,24.286227736603905,11.639468288647247,6.401389771843924,7.817809281672135,1
50.296414678067784,56.7161842888309,2.9033606425313114,7.219083314076738,36.999046499994236,37.26409283347457,10.735492282308545,0.2650463334803348,3.703017902866244,0
54.50877458469606,37.99671897796275,-0.07405200225585817,3.5195822579949594,53.03897786714111,64.84620259008688,20.10568986698413,11.807224722945769,2.632955538777993,0
59.79489713109105,26.70374160058049,7.368461203509804,5.862023709738208,17.905586546696597,49.26324995688596,34.597593024282155,31.35766341018936,2.777087326273137,0
51.744842658585924,47.66711207965655,1.0686641723055381,4.98623505443201,56.58755636648489,55.02154815875929,7.995301461055848,1.5660082077256021,3.0632291556910656,0
54.30270862027989,35.161802610867866,2.6762704692845385,5.91172121304996,59.65869515444234,54.45665306789282,22.376356753177443,5.202042086549518,2.024148256664526,0
40.35986933877052,51.9088703479934,3.5164054694022737,2.3804789168001355,23.0288246008568,52.820896376650325,12.684927561825015,29.792071775793524,2.8784822199617963,0
35.74867346604915,40.950898426612646,2.42268367864154,2.389196659868839,35.31229345583601,53.39206819084643,5.2357119793362,18.079774735010417,2.949005346132635,0
51.800634659340425,48.82970592435357,2.419939197067615,4.040543784244576,51.19521469768121,47.41874169953468,4.5915333221638175,3.776472998146531,4.30963377145622,0
48.3414460179152,55.212002772417264,3.8436545723217543,0.9355564255193771,47.84795404543403,73.27595302772295,9.778654901304439,25.42799898228892,2.7615074738972316,0
45.85955499472714,34.329129083034225,6.052431917592557,3.4605187867766847,57.794562024028856,63.41117142453038,14.122339042508788,5.616609400501524,3.1600089919555736,0
18.953430902103193,18.019383056683072,15.797185993501262,14.103986728404296,31.555250375836565,27.41094835876507,2.6272471105170876,4.144302017071496,6.393810802245381,1
25.364890238830057,22.225449156015195,14.095995822337311,19.797480382997204,19.96566189241771,7.525048576503401,8.840925643474755,12.440613315914309,5.881796732167627,1
55.27053487882849,56.30041055227475,0.9067617838129962,4.8054363785396434,45.18245901434477,50.217687359063795,4.928550268172903,5.035228344719023,4.100592309500933,0
16.070069836825088,22.77620804022291,10.011877237336366,7.626107293808025,10.013944334444929,30.601213193942876,9.091908146926166,20.587268859497946,4.720239609682446,1
49.35376281872278,39.24397043240794,3.3104921041165585,6.328951694100011,34.048372006073656,74.49910138804468,13.128251976298289,40.45072938197102,2.9768829698810597,0
21.51909297802438,11.021909108751503,13.45198281373075,10.714138130541471,37.939458036321724,26.768562535584735,13.235028552462154,11.17089550073699,7.549224060584045,1
23.607812525630717,25.69580203628103,7.305478429812808,17.459072005439815,43.23760538012268,24.289636858589773,12.24158308627732,18.947968521532907,4.418377668851652,1
41.31064214372305,45.22020706318093,2.558421700415892,8.850825183607785,59.505738510877926,68.90085455167952,10.201968402649772,9.39511604080159,3.6365046982145186,0
51.05251739930512,31.587700632254986,2.1889932668918246,3.8417555552309826,59.196837488437765,29.699222951421522,21.11757905538929,29.497614537016243,3.0655753637310688,0
33.84403944912591,61.71463954045277,4.067961594837328,6.232861497564414,19.70225220854239,49.282736849030876,30.03549999405395,29.580484640488486,4.141475055692562,0
53.43113241836706,33.21832615752477,-0.5564054551316948,5.927475754346214,32.89876098464835,36.03223040375441,26.6966874703202,3.1334694191060635,4.056793750839455,0
35.44381648187172,41.42597836807833,2.5262959017556432,1.0437725712246215,34.690624392442686,58.45794417515552,7.464685216737633,23.767319782712832,2.730994436833422,0
47.28642629435787,43.740151713263245,2.731604621429094,4.6209585540118665,37.759037172623565,46.624736014666716,5.435628513677394,8.865698842043152,3.19898388263932,0
38.23876833259073,59.30150507485436,1.1592827673861494,4.293494944410451,43.69467010135211,50.047913996798115,24.196948919287934,6.353243895446006,3.461433990340765,0
16.16671706108326,20.00452372090075,14.448686474474336,16.760193064790602,43.43008083736131,38.611380133380365,6.149313250133755,4.818700703980944,6.418976576704471,1
17.2522143204571,26.218841183416295,14.277157293080256,16.545788597587322,38.7411408181786,33.11514224253881,11.235258167466261,5.625998575639791,5.85501406626858,1
32.24195233469334,50.05741456881618,2.7282539032724076,1.7661609761756818,45.60663754695505,55.435494408972076,18.777555161219567,9.828856862017027,2.2493923970414027,0
48.36559704814783,47.33676259538597,3.586314450645937,3.0479799999582973,46.230787080128835,55.46390146059483,1.5671689034495029,9.233114380465999,1.9133897716318182,0
40.37663378533831,36.12293050385636,5.706903122952237,3.804410005831594,39.418494139140705,54.4093273762218,6.156196398602598,14.990833237081098,3.394339442419203,0
52.049173766506954,48.56912993630459,2.9788871302382933,6.369968895200632,51.33781545857816,60.58736320678206,6.871125595164701,9.249547748203895,2.0525181463010047,0
10.401634219011719,29.92597473724426,8.90487768443737,5.241286954947753,25.560735055651083,42.949695696960795,23.187931247722158,17.388960641309712,6.092241173573803,1
48.16336788310431,54.1332900255873,4.401190794554255,6.793195692446355,62.09713332503398,77.5116218131139,8.361927040375093,15.414488488079925,4.465523061020126,0
37.339448359878304,36.231503767138136,3.246915112338285,5.720370421563688,61.976580889738294,33.478078731722206,3.581399901965571,28.498502158016088,4.142216147929717,0
40.28534214858111,43.094732044351325,0.8209731834530891,1.9913194754008203,15.46822923396423,26.111223277455267,3.979736187717948,10.642994043491036,1.5300666824528169,0
41.330890911191325,39.55781529589463,0.13083827819130223,3.182207650021009,47.71182578544323,24.8697914708714,4.824444987126404,22.84203431457183,1.977038823383195,0
51.85361984194044,36.099816300584045,3.213010802838373,4.4198521048259956,70.76150046335155,20.806178210613464,16.96064484334402,49.955322252738085,2.3787868606561133,0
24.066025933739887,24.288553705206052,10.957566670664168,3.958609900599537,34.86619480128111,27.136082312091336,7.2214845415307956,7.730112489189775,8.142658173618607,1
38.55862598605699,48.283669979277064,4.838522183362583,5.154411305055902,67.08862727544933,60.270515489239614,10.040933114913395,6.8181117862097125,1.676948498142613,0
53.614785157261444,53.67208159120798,4.491713036197155,5.440972216508575,45.40322299983217,70.11664737663392,1.0065556142579526,24.713424376801754,2.9913277282198076,0
27.642580658194383,29.76099913433466,2.6307780111259005,5.072580125130937,52.62385201162946,36.150426779417174,4.560220590145314,16.473425232212286,3.5640804395332513,0
21.70025647284445,19.851523322924088,12.541965489267048,18.38051819148575,29.136150156485012,35.54048508587546,7.687285852139064,6.404334929390448,6.657883310505081,1
22.853064986097657,29.363642932487576,18.165284579205284,20.86447139315739,29.456487255997978,34.613657421135734,9.209764760342026,5.157170165137757,3.028774864269788,1
34.17993048447422,40.38687128658442,0.9641011077296993,5.865657408184395,60.88237358394522,54.49879748733789,11.1084971025649,6.383576096607328,2.7824770397475267,0
32.33129288169936,59.16118889687176,1.48307215413827,2.6087090997596074,63.22727420300997,61.384343430244115,27.955532960793732,1.842930772765854,3.2845417960998042,0
48.30399129710238,41.89470982352139,1.041168523569691,2.118128094714229,50.396433593007394,40.655773734063345,7.486241044725528,9.74065985894405,2.913211550528681,0
43.28745841817711,33.02072209950954,2.722997956120093,5.064232268372764,31.587136360424132,90.80873703106731,12.607970630920239,59.22160067064318,3.6484854208766415,0
15.872947350105225,20.451726906333032,15.05519908945304,13.389940146912977,16.074874328615216,44.867988527259016,6.244038498767871,28.7931141986438,5.835298641524359,1
50.523781488972105,52.38563174140221,2.9899182595529425,4.976026972752019,68.85852441011417,44.024410690069594,3.847958965629179,24.834113720044577,2.698956461188777,0
47.124935945380265,37.294588141347745,2.1135626151446085,4.041608047545089,76.14299705077642,35.638929134149784,11.758393236433001,40.50406791662663,1.5146909506772452,0
50.26210540920299,39.1972907279481,-0.051229860090488355,4.620307652203014,45.24938101511128,50.681437572929624,15.73635219354839,5.432056557818342,4.199225284385594,0
44.44374171006184,48.74831545834553,4.104249169459686,4.27285383613456,25.101982246133147,54.73387665373063,4.473178414958562,29.631894407597485,2.4511341684445425,0
35.50405289355405,44.024480933908585,1.439190788142745,1.7480982077292118,62.60545399332168,67.98422889562465,8.829335459941005,5.378774902302972,3.2860469165842083,0
22.736323986889836,27.293718955595295,12.000895791983153,13.588439790375352,38.181755254714744,61.33605706171272,6.144938967097659,23.154301806997978,6.6389980752284306,1
40.28710293775099,45.902636326066684,2.2915627681667186,3.8423482410530903,64.1456096234156,56.28230414798749,7.166318861202068,7.863305475428106,2.990946733291356,0
37.515229609900594,47.837002556412585,4.676354439198875,4.159713671538608,54.21608337526429,29.064774633778164,10.838413714172258,25.151308741486126,3.0802095686897593,0
43.57665699356482,40.54159051352367,2.6855272159428956,4.022664756735468,36.74833841357225,58.54536390116678,4.372204020833717,21.79702548759453,3.11888165803813,0
37.697512645627896,45.85384753624314,2.8821472909538968,5.352203227299826,50.87366540989071,50.38743669312924,10.62639082696117,0.48622871676147383,5.411034626174397,0
41.66055694408454,36.58101595443253,3.971494294910919,3.5690465676713203,69.62507550581492,81.05019643428645,5.481988716891609,11.425120928471529,2.4951053009652537,0
47.75243137250773,54.30746898002711,7.213880364526371,5.125958363809712,47.76269016549134,28.809961836704844,8.64295960823604,18.9527283287865,3.656531381565354,0
18.85100184712403,5.7799117173558585,5.759316699480224,21.67552308634312,29.64098702399892,28.963118103231622,28.98729651663107,0.677868920767299,6.0524769275504875,1
37.817359468594965,53.03077990039512,2.822787787302781,7.646717924072933,26.17033747105015,26.442529972506723,20.037350568570304,0.2721925014565727,2.457088805865931,0
41.09835701641004,42.131144312137074,3.0063959812305767,4.161427453452894,38.417529697030226,32.09184588390244,2.18781876794935,6.325683813127789,3.6445355225447438,0
53.59466403816195,45.61599208605857,1.9502810793511307,8.681445223051355,43.84795607343527,26.843581622917522,14.709836095803608,17.004374450517748,2.868543250455358,0
48.97120094187153,40.040283592874395,1.1000085929606096,4.704023182181729,62.299987038758886,55.75528912676581,12.534931938218254,6.544697911993076,3.700194574061375,0
18.43235156913801,26.842278499640123,11.751455734122766,20.93525575333191,25.88543490233518,24.933782440437014,17.593726949711254,0.951652461898167,5.882258334330329,1
24.60900750988626,28.718126671320288,12.913928710872767,21.11789829879637,36.11106095446024,29.03114017307701,12.313088749357629,7.079920781383233,5.667444962899647,1
54.154344548479514,35.55740673126032,4.3067367675917705,1.114222851884613,29.94271683738213,55.04151402435071,21.78945173292635,25.098797186968582,2.775099816745239,0
33.897051596353585,41.40872917427262,0.8576102842620279,2.0171154312076864,84.97229138835255,58.77663078812036,8.671182724864696,26.195660600232188,3.8412449470483305,0
51.11088281306738,45.69503343063107,5.666421122760088,2.2407873816720203,75.88277835131706,52.59773956225489,8.841483123524373,23.28503878906217,4.117322532747473,0
44.57514558642472,52.08303450626611,4.504092767237659,4.789640040824353,52.11749374081988,49.56671276467671,7.793436193428086,2.550780976143173,2.2933939684863605,0
40.592145571694005,40.43394032162521,3.0410034587353367,2.947669257879625,25.284596978456115,79.43364448655768,0.25153945092450813,54.14904750810157,2.63763432836954,0
46.34412272426023,36.944313885862606,3.000637222930137,4.373854105108995,49.16863907026367,54.18754399362955,10.773025720576484,5.018904923365881,3.54033861747301,0
52.56169227689187,32.4582817119783,1.885437380770893,6.563956724753372,44.19738563020241,64.08537210883374,24.781929908896046,19.887986478631326,2.8943743916682245,0
49.00665272803369,47.840508943232834,3.540168822695528,3.824383296730293,30.88569165423614,54.14383188534938,1.4503582588356236,23.258140231113238,2.2365343896105703,0
15.406567442569528,29.53209868173085,15.262376978384651,19.575860753593112,17.95185659062545,56.51712624997291,18.439015014369783,38.565269659347464,4.95093498234225,1
50.93967130874096,54.130642143650306,1.5936870754883725,1.6483780393216043,37.64535305216534,60.24831522853025,3.2456617987425753,22.602962176364912,3.537191772565418,0
39.89929966339229,49.6794619851779,-0.06678417783746093,3.6988329032501444,39.276412294256275,42.16304032795311,13.545779402873215,2.8866280336968373,2.7324913952824197,0
24.879083596723547,16.29427970143317,16.389939885412655,16.230919721479836,18.29485069871091,18.31328931479942,8.743824059223197,0.01843861608850972,6.146640189003075,1
42.57319946018293,57.580990237674726,3.648731948487601,5.8730132121140155,41.37636756941445,56.58104022840139,17.232072041118215,15.204672658986944,2.5387415448431048,0
43.249069986114996,46.65665169133448,0.7596023971176411,-0.4795832607322419,81.17234925665043,22.878728996700357,4.646767363069368,58.293620259950075,2.123810059270422,0
51.12994380032408,49.169037408193375,1.533217258171764,1.1137694216443776,41.964280505006755,27.857468141624068,2.380354228658089,14.106812363382687,2.602348314697451,0
36.67845024147282,41.43372910518401,1.2817914518997187,3.7853063550980743,56.61321517091713,65.64188758746344,7.258793766909546,9.028672416546314,3.059145880140725,0
13.707475446623327,5.952597231075156,12.736477593312678,21.805186804664036,33.859567362586326,27.02254857718828,16.82358742689953,6.837018785398044,4.073099551185821,1
18.914914747878147,11.494146553568632,12.276340770897084,15.19447258118122,24.099433264719426,18.911561579970016,10.33890000459365,5.18787168474941,6.743493226001678,1
40.21865853396115,43.92672769172276,2.4669053914385053,1.2969050914715323,56.43632605416398,54.4965759605623,4.878069457728587,1.939750093601674,3.070264104474191,0
47.96169511953393,44.48628298001042,1.6984126898630796,1.6056668146195396,63.22042229909184,46.21491104317196,3.5681580147670457,17.005511255919878,3.955727928099894,0
49.67451333148248,59.41028683884315,1.4836723610001437,7.3459794056899055,53.99669113427964,58.26382572464184,15.59808055205043,4.267134590362204,2.749926116159575,0
44.19619423542636,44.65021734072855,2.542431312161237,2.7577304024075184,53.373436923294804,51.23317316900434,0.6693221955484727,2.1402637542904657,2.0032781199126224,0
44.54087437598766,53.43074755220515,3.3353830697191227,2.1140732551004717,50.87715602702209,54.97904425270673,10.111182990836136,4.10188822568464,2.832271989841817,0
25.106916477146992,24.347255963424363,10.450034740378264,17.830287294160335,22.477111782385318,22.89973553456134,8.1399130675047,0.42262375217602255,3.6899895257431634,1
43.15144418033856,41.50659291387813,5.317334046682603,6.022194011173982,36.32303177508984,54.903922349213914,2.3497112309518062,18.580890574124076,3.4417428440458906,0
12.070083438810208,21.90266129442435,9.242683727679712,10.910313547867588,37.71522530876119,29.32787976305354,11.50020767580202,8.38734554570765,5.480397085175657,1
51.71479291385282,38.06137589698743,-0.18169171371739168,2.099916239468367,53.619010628983,43.48377675828702,15.935024970051149,10.135233870695977,0.8315467027365835,0
51.98259480804508,48.215851130910025,4.0474555308277065,0.9497887179712787,56.03246834859193,65.72977450408227,6.8644104899914815,9.697306155490345,5.953299600958244,0
37.27074621303667,44.060481443153066,4.211087965171165,4.266332978725411,52.704271594853545,51.22659522516026,6.844980243670645,1.4776763696932846,3.1138906332727436,0
15.658536340618168,20.316987679530296,16.038343871564777,12.461536149099542,48.91455115269221,27.43332410095274,8.235259061377363,21.481227051739474,3.4766734450339847,1
22.673145430612177,13.582803056752873,5.941705963765774,8.2951398200936,33.00586924639131,32.72050850186656,11.443776230187131,0.2853607445247519,5.616914555434613,1
6.821261304915611,21.3511660576515,13.096155362597212,6.589663581511072,24.839398234696525,45.74311620654239,21.03639653382203,20.903717971845865,4.717122497188501,1
47.88131347156614,61.18637491029567,2.984582697035512,0.5324658199835035,54.69835986509846,57.24594523114549,15.75717831578154,2.5475853660470307,2.926440833861574,0
40.69883393776147,43.24877145029562,0.7567075269336105,5.719390102595532,46.68307658128817,70.20396343453373,7.512620088196071,23.520886853245564,3.268937065849312,0
24.62135069768915,30.41205595551473,17.454429180798797,13.372432935025317,31.34907116338128,29.023574640035037,9.872701503599062,2.325496523346242,5.217272507963341,1
36.43846749684535,40.790326347642576,2.8248929070931212,5.711470641721682,65.01204565073829,59.17796246362596,7.23843658542579,5.834083187112327,3.189950125854608,0
58.75232490273457,49.67679583506853,2.533845615898356,3.050086590957245,39.359616355363706,46.47272629634948,9.591770042724928,7.1131099409857725,2.0512462374654925,0
37.829338731263505,51.42412527321349,2.1654692693552127,2.3720564082189766,58.95043071365726,75.56329710992539,13.80137368081375,16.612866396268124,0.996426712735961,0
21.276918778371584,30.829510495419363,11.39192437746921,13.73179773053749,33.6358427384619,29.0403242695174,11.89246507011606,4.595518468944505,4.0500907100547705,1
15.52326838818488,21.868859515347257,21.199876497545894,9.257083423806307,36.54641992824504,45.399998854762096,18.288384200901966,8.85357892651706,6.602818795023708,1
40.4348765583991,44.1460196868489,2.130358774267772,4.080857879666935,46.755495073047356,50.16019491617988,5.661642233848968,3.4046998431325264,1.989942620710172,0
15.020923026048855,30.850674185859134,17.15652734174978,11.387016092992612,29.85029581969046,14.927588647946326,21.599262408567448,14.922707171744133,5.046250503556488,1
23.255681209118286,20.839434228512765,14.625626261959889,17.20409899452858,18.295382907113762,59.427966043700195,4.994719713174211,41.13258313658643,4.120899376971661,1
56.61694159346048,47.56671100183397,-0.34394494358510386,5.2801121620658344,29.175432375297593,25.256874755930006,14.674287697277446,3.9185576193675864,3.493575071565266,0
45.11319411972607,30.221944528339847,2.054615444552857,7.376314105805582,42.18966356721283,53.08599399136683,20.212948252638945,10.896330424153994,1.8718896199860149,0
20.191189974800142,21.20198101641962,4.6075595504458535,13.897187327955052,24.648357328323623,46.04790841959759,10.300418819128677,21.399551091273967,6.121367904372572,1
42.60654582058052,47.290861049211514,3.5342725929234615,5.0413555341601475,43.50958309087591,75.8696321677701,6.1913981698676785,32.3600490768942,3.7471794576148976,0
51.47135415514175,47.28306621429513,3.6376748067608506,6.800199623655628,16.696155277405794,50.390590848491804,7.350812757741398,33.69443557108601,2.729653347518181,0
40.324357665196494,53.71733424106322,-0.3175492501720618,2.7446746079466076,49.52895474613244,52.65381495912675,16.455200433985397,3.1248602129943066,4.351935867605457,0
33.103965455149876,22.95253630562526,7.54774359525129,12.559935984139571,38.48317219704606,19.254897906950728,15.163621538412897,19.22827429009533,4.637194267329962,1
14.440164871129182,28.936040016706762,13.732255786965275,15.912939021071681,29.227104998506174,51.90147773818276,16.676558379683986,22.67437273967659,6.415279655358394,1
27.32088619376219,18.34903657761279,11.254254336713784,13.937706374828652,28.115231811055086,23.481940018173304,11.655301654264267,4.633291792881781,4.1269420538363315,1
59.564351263534526,36.10445810798755,2.902447470998766,8.90787734585078,61.54185966204355,50.71897373397598,29.46532303039899,10.82288592806757,3.8485670930532154,0
21.403182022450682,23.522423780649,13.554588984133241,18.401435828588784,43.57341495716284,32.989864870402506,6.96608860265386,10.583550086760333,7.589526467462944,1
28.793102420975668,11.241541612525662,10.925513504247743,9.21033150134347,28.301067983324042,30.9256024516304,19.266742811354277,2.624534468306358,4.770589352288219,1
46.67576066918218,45.39157766730249,3.6961905835746895,4.124893953326259,47.852504995467015,64.15341748453649,1.7128863716312592,16.300912489069475,2.5807444777791297,0
21.945795978339643,23.470231985892436,23.205491958539916,-1.6475189875406464,36.727204878601405,45.943390520546885,26.377446953633356,9.21618564194548,6.718776079599658,1
44.952362326298164,31.04661554787308,2.806692180763718,3.0810491360947116,39.73934832439858,80.88890980753392,14.180103733756077,41.149561483135344,1.8879236694004184,0
51.27202223448599,49.03791611526991,6.225560465394079,5.765849611173504,36.0967275157073,59.258679135692084,2.693816973436654,23.161951619984784,4.905893887009215,0
43.493909319309545,41.87263940643558,1.6015118715418495,1.568913575897886,30.39915546182064,55.70941080230247,1.6538682085179264,25.31025534048183,3.2579671662440006,0
54.54490356680822,48.45499777894516,3.119925715391413,-1.0861863789495576,70.4878493799701,40.58585529149543,10.29601788220403,29.901994088474673,2.8034532148869347,0
53.17212314225491,58.91238824329407,5.839688974746107,2.4185787610228666,18.620595574603666,50.54392269777169,9.161375314762397,31.923327123168026,4.010661807294327,0
52.35131883726663,26.86855295744236,3.5410269509328005,1.0890530487653685,70.55208357206836,53.715696410539536,27.934739781991702,16.83638716152882,2.4004336217105364,0
41.32274582181603,38.40319353038109,-0.2132054707160118,6.955853472319071,68.69088387380347,40.184840553635496,10.088611234470022,28.506043320167976,3.4664866139305506,0
19.682377126923225,23.615085521530958,10.519910136651022,15.825126312193559,31.323090206885347,44.29781526972715,9.23792457015027,12.974725062841806,5.7716502434080805,1
40.091299157097644,55.638609393173205,0.6739942844331117,1.1941418551737781,33.282390978588964,49.51299972845485,16.067457806816225,16.230608749865887,3.368022000882882,0
46.56992752533376,30.90877584634812,5.81361505746593,6.583431215042479,26.26737332835189,52.83880991384827,16.43096783656219,26.571436585496382,2.7308721045649147,0
49.366293708258844,59.486888205444835,1.3542647900040443,5.902769967001541,41.77394478104654,25.559395149375938,14.669099674183489,16.2145496316706,2.228244554167696,0
20.290113674041976,18.266378662636022,15.34133374145934,15.310896149061438,34.76265017256556,53.93925151804444,2.054172603803856,19.176601345478886,4.628373637692512,1
44.935094387106,43.231994706129136,5.934751976655356,3.2194649381367637,50.04595456161012,46.33980725380103,4.418386719495455,3.70614730780909,2.372892638191762,0
46.264713802585476,42.41552189424875,1.4067748607440427,2.8396725557509606,34.34750757357864,51.6867377556265,5.282089603343646,17.339230182047864,2.9976237501422753,0
16.966498526173517,18.97421190512426,13.998235632996812,15.810428463233878,22.81966917827726,37.89283432957596,3.8199062091878098,15.073165151298703,5.703280096712259,1
55.330190712127035,52.384934074153236,4.507288563266927,1.5424412981899724,75.26574992272307,82.78593238181809,5.910103903050754,7.520182459095011,2.002057107982326,0
48.37424059400697,35.45183396734049,4.567320948453416,3.802254748681035,46.60101253978104,62.17565799466941,13.68747282643886,15.574645454888369,3.1084194380233616,0
55.48153526464718,46.76331345315083,3.884672519952394,2.628130992100764,51.640053553960186,33.48366741900496,9.97476333934798,18.156386134955227,2.897859964468868,0
10.61723646979063,14.263116476741875,16.755224964772626,21.651717537448594,29.553135985598104,35.75782133684774,8.542372579627212,6.204685351249637,5.54044457470901,1
52.4998199400554,37.902932411887214,2.754062106731261,3.5664159366241415,43.784199258364474,60.93944963246637,15.40924135806107,17.155250374101897,2.9639651725335128,0
16.823188055871853,27.475721935242643,8.577029680193972,16.65611379929938,25.299548148451315,12.391548585318084,18.731617998476196,12.907999563133231,4.3103851027689535,1
55.49354759418129,47.35240587802768,2.306272024150779,3.573406848735844,55.32284810386666,66.80988603179611,9.40827654073867,11.48703792792945,3.1013907471926987,0
16.87827305143388,21.64207412804685,12.731658254481024,4.33407786185928,11.793405068006962,36.14874899089105,13.161381469234716,24.35534392288409,6.008154989921704,1
19.07737321172075,11.790004850275503,4.585071035123507,25.498762739979945,27.70909896616846,31.16290142860978,28.201060066301686,3.453802462441317,4.845318219647382,1
16.976276677308938,17.141650985396296,13.84861638423871,12.122548934519394,53.17353765614861,35.580488388565705,1.8914417578066747,17.593049267582906,6.282848056911732,1
48.914036280610624,58.01833527297625,4.590468498514364,5.166867138311931,45.82302929422423,52.88005905054457,9.680697632163195,7.05702975632034,2.960297288498028,0
24.485330984435663,17.276955580078024,16.53855879928423,13.723969327801877,42.855004964844134,24.241356944397413,10.02296487583999,18.61364802044672,5.37858794526709,1
38.28885860779411,37.849868719691834,3.6201376477503007,1.169532138267055,20.486943719463163,74.12700485549382,2.889595397585523,53.64006113603066,3.316836771521773,0
45.5427081113355,40.327746614568795,3.4371377777474317,8.462992670404933,48.884757277881164,29.558567629083328,10.240816389424207,19.326189648797836,2.7676675385258847,0
28.84058134275091,48.653786919764045,6.33761616260141,3.295042108826704,55.24963303438534,-0.42567833732908156,22.855779630787843,55.67531137171442,3.0887006391055616,0
18.99254233026241,14.6429238531239,17.53254258711261,19.990420863018276,31.396819652852322,26.534788392914212,6.807496753044177,4.86203125993811,5.575479900887968,1
19.96739342385271,35.17987632987372,9.27939053699272,15.21602024342752,44.53397105814676,32.194940232768566,21.149112612455813,12.339030825378195,6.8442273524882165,1
22.993971947809552,26.60487606732478,12.72712493034864,9.81102263490908,26.107888548032363,8.979878198648013,6.527006414954791,17.12801034938435,6.2902311549167,1
42.52280228809551,36.175815811819454,3.97797906132009,0.6405093469620087,42.8142503969426,32.463158740119255,9.684456190634139,10.351091656823343,2.7443916582937,0
54.16822060010732,32.02214084412661,6.351837575218753,4.551971698841079,50.0882566677556,51.116952171365185,23.94594563235838,1.0286955036095833,1.3086022002137556,0
20.409977782067802,36.19244663199984,10.949697362737512,22.677653866859412,33.408707913462806,21.34982450785359,27.510425354053943,12.058883405609215,6.918682262825993,1
44.86711726139273,49.54964890028948,3.8007365789251217,4.257457361479297,18.492285256493005,43.94066483661416,5.13925242145093,25.448379580121156,4.049649875026251,0
44.15344994001842,56.67595500125647,3.484582371604637,1.5293320413930407,59.79320557208432,73.18104146213919,14.477755391449646,13.387835890054873,1.9268753854929168,0
41.37090889926654,37.679863225478336,2.0330437300112463,2.763206294078695,45.650016734795614,36.30000912052466,4.421208237855652,9.35000761427095,3.119786187606439,0
58.80981236508506,49.54252168240738,2.9430217509792143,4.413765059513581,78.99444763202801,56.741566796596,10.738033991212042,22.252880835432016,3.7883454446954294,0
37.90136432915383,41.73034617308215,1.5689744677545028,6.661607831279724,32.125271916519374,69.91070475493862,8.92161520745354,37.78543283841925,3.8729109065571876,0
51.17436941788529,53.52379988154786,2.910866201149036,3.3213283111678784,36.99028236868503,57.72162287978557,2.7598925736814137,20.73134051110054,4.023840937820665,0
47.850022309648665,52.17570221342513,-1.6718613941101932,5.653303594864863,46.956365321251084,70.61677558743061,11.650844892751525,23.660410266179525,1.5053969349235972,0
55.09215402028413,45.68967519379565,3.8580791351350974,1.1292623459062217,56.19838174529053,60.45572083643394,12.131295615717352,4.2573390911434075,3.403944763689448,0
27.016849850625952,24.241202100470613,17.19948497412242,12.801589955407753,13.207919099462156,28.959589008466835,7.173542768870007,15.75166990900468,4.806541795596573,1
39.13624880700993,51.68745742886609,2.3275925266664714,3.0343986226301007,37.5634992182584,57.5025230324822,13.25801471781979,19.939023814223802,2.201334290742023,0
53.768559259819185,49.17523618605253,3.4395161678802864,6.876057443746524,58.869802408607654,61.20164899975225,8.029864349632893,2.331846591144597,3.656897807686805,0
48.40257046664088,38.52447678331054,0.13287215406911868,4.137749279027538,35.77814080351186,46.216913538816094,13.88297080828876,10.438772735304234,3.1264376974812937,0
32.64050122658593,33.37761061216455,6.858539993242565,4.579622391133238,70.55039564564342,32.471892221908206,3.0160269876879466,38.078503423735214,3.581068859391499,0
22.315923976337924,24.743278382155083,12.423081534096493,9.041404331913284,23.557970016800613,17.760196661790328,5.809031608000367,5.7977733550102855,6.347903734350714,1
20.986461328156032,19.639706213532058,10.672884912911512,13.957467845231248,31.00048627777745,35.96381722509337,4.631338046943711,4.963330947315921,5.43904715772653,1
51.70211377237271,53.1718972698643,1.0692075797341554,2.779558614924292,59.15366386684279,55.77968216359066,3.1801345326817274,3.3739817032521344,3.550667147072841,0
39.56615477445636,35.10138024263536,3.0478927648985223,5.376570216976464,74.11426080236669,43.77436570548445,6.793451983898942,30.339895096882238,3.7114384954347677,0
25.35771576117443,19.63833050780194,7.539131088116323,14.743025364037383,24.888022014386152,39.804975206878595,12.923279529293549,14.916953192492443,4.476254837109018,1
20.95317795632512,24.294599894155212,8.827461345544252,18.13851197275961,34.427533213091046,26.554588190449515,12.652472565045448,7.872945022641531,7.39174960258676,1
35.237434480448194,34.914912761937366,4.708875502281112,2.3992177914066204,75.14953010955446,31.765744829230428,2.632179429385319,43.383785280324034,2.7470707386876776,0
28.86128961502071,48.074362589136065,4.092797903334543,2.2352213938427585,36.172119801086325,29.665187460431117,21.07064948360714,6.506932340655208,2.5110189838836874,0
22.341392600126873,39.07143027730941,2.2829149448747805,5.099339626976099,64.0758700108938,51.68902707976461,19.546462359283854,12.386842931129188,3.500370832036529,0
29.04653174866555,15.405764652808845,13.09445832466282,25.22469399015513,37.310375253855355,24.008637991435354,25.771002761349017,13.301737262420001,6.583945745317832,1
46.028939603239735,37.83660160689697,2.59792245626673,4.653704812521869,56.373537976795774,57.17964334247156,10.248120352597905,0.8061053656757835,2.3225449217941296,0
15.761830356904575,16.87902711963195,16.27713482558073,5.081188952734777,28.340315922050753,30.1239085535572,12.313142635573328,1.7835926315064476,8.046531348680258,1
56.11219490370209,45.478869232482914,5.0975888793424815,1.8192156023851225,68.64425304563093,42.90048150666085,13.911698948176534,25.74377153897008,4.45148046111182,0
50.09859746418458,46.0175588338743,3.6187808849196403,7.226717858158969,67.58377269477262,26.426273789065515,7.6889756035496095,41.1574989057071,3.4840281126494155,0
57.93040034177533,28.237531349188792,6.224623055807097,5.787084411778219,58.54675025801603,39.20667811254464,30.130407636615416,19.340072145471396,3.3443227381853506,0
33.85811622266403,26.37669317435425,5.394977080076349,6.717899902534231,54.476418492242274,39.757952649233644,8.804345870767662,14.71846584300863,3.263828981008237,0
44.72359500836829,42.235472477861485,2.0870087809918085,2.9433382217791513,57.62553015082926,33.62038489727557,3.34445197129415,24.005145253553692,1.7600026991850628,0
32.06629300041588,45.97524850733289,-0.5902583932397367,4.833047089430343,50.926563070648186,47.064335571364225,19.33226098958709,3.8622274992839607,3.0902459103371704,0
43.164941345156265,34.99841737809821,5.771150467882962,4.394736924469382,49.082063883381444,34.791220132380225,9.542937510471635,14.29084375100122,3.0796332655165983,0
15.4612190992654,23.54352052666901,11.122350716111718,21.231649055374724,59.3818806715577,44.5773846750366,18.191599766666616,14.804495996521105,4.331011189866351,1
50.012909098104565,48.49178103860906,0.2675768181955478,6.320496263659238,73.44334729517264,55.60616820502984,7.574047504959193,17.837179090142804,2.7525206623987324,0
45.36451104913519,48.502835843657046,6.018480039655001,4.386101605916229,47.875112034466895,39.60745068416233,4.770703228260629,8.267661350304564,1.0949660842276216,0
25.152902928120287,24.026596594327607,5.338461447036002,7.957842548158196,36.94096746811757,27.35086924443977,3.745687434914874,9.5900982236778,6.392589352759759,1
16.710827230739316,18.729476620026457,8.597738441986264,-1.2516673809785281,24.04831000924821,18.665678545504313,11.868055212251933,5.382631463743895,4.534076359395073,1
24.272626135333077,32.900533777450626,17.81815384355103,25.560446636264544,27.08593638651107,22.51168128376657,16.370200434831062,4.574255102744498,3.3400281154971343,1
14.540330498023435,14.384253368541374,17.736004014921843,16.07266459443208,19.13589046644382,41.81149519400785,1.8194165499718231,22.67560472756403,6.805646602914055,1
37.471818394668965,57.183020846269386,4.3026619039904075,4.81308427653339,73.99556301572154,62.305616378329574,20.221624824143404,11.68994663739197,3.146278923980751,0
46.96866892253127,44.54657703951854,3.946434131623966,0.9778129030949532,38.75336187452284,65.010993122339,5.390713111541746,26.257631247816164,3.8787058635178537,0
22.76625609992392,23.794514404126634,7.285708860919305,15.94667018090083,26.848079400765556,18.648533883391416,9.68921962418424,8.19954551737414,4.594169736156952,1
56.855686147492285,62.44757268774192,2.1998851322349484,1.057576511441694,67.58189464384074,46.35116687773735,6.734195161042887,21.230727766103392,3.5409985417876926,0
42.73425568843814,32.80526267320983,2.889797100535358,3.558331015925835,56.02247225819313,50.08748021982543,10.597526930618784,5.934992038367703,2.9729682435358717,0
22.986141091266923,27.18549030819182,15.798565994466134,13.550394234874924,22.931465984856565,40.42802691260533,6.447520976516108,17.496560927748767,5.3519582735477185,1
41.229474230791055,57.3118902384648,2.3339204485221625,6.077679423964187,36.241899554974616,33.19350502013465,19.826174983115767,3.0483945348399644,1.9740394082651014,0
50.747339387773124,41.40113658801163,2.266732242662134,4.213089352868748,46.02156871662947,55.428581294912874,11.292559909968105,9.407012578283407,2.1163386969858773,0
43.73802413414812,50.87704629483877,1.7293892607566708,5.2699257472251,71.6209866548264,40.36192750830636,10.67955864715908,31.259059146520038,3.223631335154249,0
39.86666543895694,36.14384402231276,3.273493005296926,3.9436661831008943,40.782059912396996,70.48568800025936,4.392994594448148,29.703628087862363,3.0769648799203493,0
58.32281534098825,38.50614083546119,2.3520382985988455,3.935628098111435,65.91697635423199,30.064214021989137,21.40026430503965,35.852762332242854,2.954940882805336,0
38.150641274706,47.07973132838107,4.004469440703948,4.1709545006965945,29.344397158444124,59.29529808737045,9.09557511366772,29.950900928926323,3.4606673281635865,0
23.128154668230003,26.215959990995835,9.59668144361634,10.500710141823658,24.52712116794627,19.603295606475193,3.9918340209731493,4.923825561471077,8.479213314609186,1
50.21844921288184,52.96749209924997,2.7732904117854007,0.6268595138371289,78.52076998379474,39.69327299841875,4.895473784316395,38.82749698537599,1.904451510702857,0
31.949319116663414,56.557028695515946,3.2631032803549913,2.4633530126067438,49.82244280639514,60.086680978780464,25.40745984660078,10.264238172385326,2.5999135135770195,0
21.30221131666778,24.214098626951003,8.50886018588943,17.47758262072448,42.186081743344964,3.536256836731866,11.880609745118273,38.6498249066131,7.340511722026394,1
17.30579071903631,22.745714169105103,8.319391074169257,10.834958720802799,26.498089696459985,21.321237730683414,7.955491096702335,5.176851965776571,6.769572438481761,1
14.95722657961896,27.616337007616096,6.091342334750474,12.998788585340572,12.01499504815326,25.83375057738003,19.566556678587233,13.81875552922677,5.961718026125227,1
10.186871541637105,26.6616202175891,9.958835361747747,24.45420210019583,30.701858524227447,38.44256180810792,30.970115414400077,7.740703283880471,4.163570181894074,1
50.542152254790885,45.65991038281746,4.295211965134141,2.2728032145363644,41.45153120881841,42.73770533379985,6.904650622571204,1.286174124981443,3.4265918953243433,0
53.8466645303577,47.56542325665539,3.9870745884075336,3.013801078047412,45.69623636093487,52.77328326149145,7.254514784062428,7.0770469005565815,3.177599675703449,0
51.89149220506244,47.3880629921763,5.077454118884366,3.3863365112228108,54.67443235587095,48.97129599578388,6.194546820547695,5.703136360087065,2.652649235427556,0
47.01053318590482,31.1623599216175,3.403059211565004,4.010286281083699,60.415990132208556,55.321255925863916,16.455400333806015,5.09473420634464,2.316843874573244,0
43.1495924565624,35.00702512911381,3.957362361301874,4.786756688939425,42.37274638972194,42.77894579551097,8.97196165508614,0.4061994057890317,2.042274063446383,0
40.388643389321246,44.82033151854018,3.312181476913705,3.638899418228522,52.56105665931045,48.98774148187525,4.75840607053375,3.573315177435205,2.4443945196234598,0
18.35276106826454,26.29104634076835,11.281478509097939,19.69205711936646,26.322644167240338,26.06300573012743,16.348863882772328,0.25963843711290835,5.5483631193982985,1
39.404038238658856,50.64968882559805,-0.15445927226424416,1.2038359201624336,69.3015463456288,39.05489292995512,12.60394577936587,30.24665341567367,2.0760126398538667,0
36.703471411440034,50.972447730305134,1.2128380640439782,9.194874414750448,61.316987434026785,68.33982034942231,22.25101266957157,7.022832915395526,3.1356158061892874,0
50.32295148026264,46.61736442302232,6.173799314066182,1.7403699394708738,27.39797532747064,69.78220778562448,8.139016431835623,42.38423245815384,2.844449498211484,0
38.630905574508034,35.03092789793662,-1.9208716441924105,2.962749997471234,46.79554537271922,61.09738939238109,8.483599318235058,14.301844019661871,2.682161270765438,0
37.39949202027098,55.04111151094812,2.7196441403493123,5.03400060502787,36.06824945024876,53.04814575394725,19.955975955355694,16.979896303698496,3.9292263209693097,0
23.78394339993491,11.46737261613574,16.845710014529722,21.016063911461426,26.255995520010934,18.660333690121085,16.486924680730873,7.595661829889849,6.190295838536845,1
41.13672128431586,45.17661461956779,2.8134786689164706,5.041731385123145,63.84730025757566,58.36436698981694,6.268146051458607,5.4829332677587175,2.693016363772056,0
44.338279808828055,48.08428302760989,2.1899778570986053,3.1145658609356492,51.52333978415367,46.13004392156704,4.6705912226188815,5.393295862586633,1.1180500434964176,0
46.94473382128559,45.61390923836835,3.258843353630601,4.477116141279095,45.97809454058225,48.3058838287369,2.5490973705657316,2.327789288154655,3.1908501383435537,0
19.803463561861843,20.57315777544436,16.2741982338212,9.646228118307487,37.75765385282725,38.25838657535709,7.39766432909623,0.5007327225298468,6.591062705299046,1
49.21518338932635,43.04352994698883,3.0616989855138783,3.3757372649174258,53.13378910216632,59.403827288112886,6.485691721741063,6.270038185946568,1.9191150366289587,0
43.47302224357456,43.723486081249575,1.6332379269597408,4.49081948354268,40.3985052242464,30.271284297595685,3.1080453942579527,10.127220926650715,2.0215539328868877,0
43.414434588962244,51.245740803978926,5.217348839911448,6.110731093501413,31.71933348845952,53.776368189870915,8.724688468606647,22.057034701411396,1.6413601346316353,0
49.08125975132147,62.76499329517152,5.846529842131321,3.9555995531293506,19.247914361669704,65.56986222864762,15.574663832852025,46.32194786697792,3.050913594170534,0
13.438904032842968,28.76410053613291,20.594825175748205,11.135132829166896,38.287404536855746,26.135827215114418,24.78488884987125,12.151577321741328,7.60831486983929,1
23.110349951530242,15.22090085668864,14.0848631647549,20.48537653206314,24.089542792731585,41.67334364678167,14.289962462149841,17.583800854050082,6.177510281449684,1
41.24695316631673,34.55631611814334,1.9523136593732096,5.922720719637626,55.43766517016259,40.7951443268923,10.661044108437803,14.64252084327029,2.705622688411295,0
21.934042603446013,29.14654409887715,9.767078950408862,13.217615156852279,14.051741450991793,39.57923034011239,10.663037701874554,25.527488889120598,6.7545670005592875,1
25.454902125929834,21.118878872468194,14.451301286677285,16.810122754942327,43.127240692726616,33.697564295368714,6.694844721726682,9.429676397357902,5.635215215498883,1
30.061352228503825,8.681332315288895,10.314068011334548,15.271701470709376,18.631288183655847,45.74056551159981,26.337653372589756,27.109277327943964,5.648866501406247,1
25.118547730534907,13.601910971603882,17.08879421700039,18.814791283569857,37.471865901250936,21.92489144366754,13.24263382550049,15.546974457583396,7.03760802903317,1
49.61890820085329,57.954488917944886,4.021352275717614,2.2286952044934694,54.399070631651455,59.02536884445595,10.12823778831574,4.6262982128044925,2.4395625473339986,0
43.970724429183555,49.308782948486105,4.8778176640791155,4.5031758359976894,24.030397854908696,46.10073795079283,5.712700347383976,22.070340095884138,2.302344980426019,0
56.255477967134006,45.63838301825534,1.7568119096586317,6.102243495515997,55.392815932107084,30.96999064857832,14.962526534736032,24.422825283528763,4.12474232277845,0
20.119515216424777,22.194377282101474,8.42466711744364,21.79859106500448,13.134699403096633,38.30665409887673,15.448786013237537,25.171954695780094,2.9636279027380574,1
52.64215389765764,55.318725302604435,9.568236402575767,4.885124858045614,37.89367910393628,68.65460763622184,7.3596829494769445,30.76092853228556,2.898808434461958,0
27.81706679416054,20.257276502633268,9.781627038269793,14.941949427724783,37.73131863803225,25.93417980880936,12.720112680982261,11.797138829222888,7.108526963158109,1
15.907856670289993,28.435250797436552,16.699047200932153,8.579008945444198,35.13042923365815,13.113808102822805,20.647432382634513,22.016621130835343,6.937800001747695,1
49.74024245854209,40.378478811923735,4.738062551061679,3.715428615109704,41.12938664912093,35.12908540870088,10.384397582570333,6.00030124042005,2.815431284686584,0
22.49932061870186,30.605858016112457,6.275246667056992,22.94781666431289,24.262444495956238,39.08112140184589,24.779107394666497,14.818676905889653,5.398989609590652,1
47.85578207413541,41.37299792466558,4.734313778200373,2.4077369889140905,58.3565367040421,59.318691281918284,8.809360938756111,0.9621545778761842,2.710108835282121,0
45.65022737644959,52.86176876785959,3.3187863955524444,2.2416936018129077,47.62654795233671,33.48999818890108,8.288634185149531,14.136549763435625,2.2378027232248554,0
9.49986746174188,24.76494919242319,5.92633720468527,0.9084785689891071,17.830374231564804,40.169851431432846,20.282940366377474,22.339477199868043,7.597649502053257,1
64.10697594296352,49.1544840008656,2.772836263538423,5.6032794338073835,11.756909828949787,42.624367980999004,17.782935112366875,30.867458152049217,2.1948699975528982,0
24.426157414944953,21.513597367387497,14.995744455223708,13.561485559354418,17.964331037711673,33.546399586263476,4.3468189434267455,15.582068548551803,5.907862371702257,1
17.03822022173973,32.46750322045149,17.9765675890673,13.751136939798084,45.90941358554105,24.776663761497957,19.654713647980977,21.132749824043096,5.8048543395457335,1
45.89439326562711,37.59527726121516,1.1169321594645132,5.304335770231372,45.36703054140267,88.77438057754456,12.486519615178809,43.40735003614189,2.7561072174211474,0
53.057257604773355,41.52392091258216,0.2799528473788109,2.328120447666983,62.68190799461551,28.045658864512422,13.581504292479364,34.63624913010308,4.44803608293156,0
49.14395821113162,45.53603389574941,2.5742802344872655,0.7796604040131312,22.93095635916165,49.20961505190677,5.402544145856341,26.278658692745122,1.7527229431347773,0
45.20963802219229,46.22012687105512,1.0770563729789866,3.2657128579055374,60.966662595342115,71.67889862996876,3.1991453337893856,10.712236034626642,2.936246959216888,0
27.408317012312992,7.04313700362788,12.285149042197848,5.9961464903868205,10.897458187189493,18.378354280787782,26.65418256049614,7.4808960935982896,5.392675768907997,1
44.35266129869849,42.89331774386898,4.3755276971235375,5.311921104282747,38.957043734259884,49.76888927801293,2.3957369619887254,10.811845543753044,3.7684745202166825,0
19.636594112975555,40.980612790957366,4.990605801058446,3.9968563852536114,64.86570570391177,49.80476994747704,22.337768093786647,15.06093575643473,3.2828526915001346,0
46.68480671438113,69.26217026435438,4.629461443243363,3.166589032817885,67.4285169493476,34.66135326363131,24.04023596039873,32.767163685716284,1.618163857066806,0
41.09219135911712,51.25429818345919,2.3887358904286393,3.2204757277671376,65.52049544130922,47.9851634499167,10.993846661680566,17.535331991392525,3.9915835549971623,0
16.28757883730808,15.730982116581572,2.834828772463739,16.79742969886929,38.03316042737829,36.30814070697415,14.519197647132058,1.7250197204041413,5.120398968112202,1
45.15475256649403,42.13433201434885,3.815758101794982,1.8631250283083425,69.00205412665002,68.57670314911135,4.973053625631822,0.42535097753867035,2.1716065104296556,0
26.154372565773674,32.088954744508094,5.718696742987934,3.0844390945703832,42.195329359482585,46.0098084969305,8.56883982715197,3.8144791374479183,5.8176614417361625,1
44.60095876697506,42.95359525018436,4.141169400239719,3.5688610772804625,52.124571922034754,49.152473079048065,2.2196718397499615,2.9720988429866892,1.9600920680223342,0
22.814404300871775,22.883788002334505,9.92746377333257,14.810535841026553,18.967072571753736,39.74563304382459,4.952455769156712,20.778560472070854,6.5981876050056965,1
48.78725932569973,28.95651564749535,7.080693197812979,2.3231034982048504,80.43634789923598,55.37987769310758,24.588333377812507,25.056470206128402,3.1200943738878584,0
47.327578914715886,31.44488323700253,2.1909698307166092,4.821013582972763,66.57304932048064,63.75669175463445,18.51273942996951,2.8163575658461824,2.7322822730928413,0
17.345145510940178,25.058098463453973,-0.9302617300497342,6.767443066990294,22.928889187067906,29.29839893387826,15.410657749553824,6.369509746810355,5.22460073946208,1
38.672945666443475,45.65711549422855,1.4605858015242892,3.3824764176132343,63.16864696629503,34.44719386836467,8.906060443874019,28.721453097930358,1.709807704759057,0
21.711689172448107,23.991510686247324,7.998917908892847,10.980876758786273,5.708876628333538,44.95196176900768,5.261780363692643,39.24308514067414,7.236291933784549,1
34.07982563658692,55.82496980879587,7.54818713828648,7.153699651178433,53.75392606468209,41.84031207624717,22.139631659316997,11.913613988434918,1.4604363225096377,0
50.61195825539772,32.14082570403385,4.880739377246595,2.324041570641363,35.931162610953734,67.1657502347925,21.027830357969098,31.234587623838763,3.0248636145898096,0
49.15096944352098,37.98923624317304,-0.09840489029567667,4.503185614523475,24.671116990588896,49.58030915839693,15.76332370516709,24.909192167808033,1.560675340774031,0
22.31644265059053,19.64145879579123,12.573715748149297,21.293806198800343,19.827546307131584,33.283390272029386,11.395074305450347,13.455843964897802,3.2859939232811617,1
45.01295225085553,45.04895459740118,5.386484550282863,4.072558585276671,63.62886642781327,48.702959415884,1.3499283115518432,14.925907011929269,2.995104796329801,0
48.31818312631033,51.07874066240927,2.437575075423423,4.915219483880745,56.85818954317979,58.87708853798322,5.238201944556258,2.018898994803429,3.3226759741428324,0
57.83471286646877,60.40997554615571,3.613393884059675,1.259486821584228,47.25549439150249,55.660090947141995,4.929169742162383,8.404596555639507,3.6898285734412744,0
42.719245943663886,38.44956465678542,2.9701118411578515,3.986767511693024,31.00462017730386,44.323059795220296,5.2863369574136385,13.318439617916436,3.8380707378007504,0
46.10916146968068,43.20548529766374,6.945159808893864,6.381457297959691,32.57979693924129,43.220899151932805,3.46737868295111,10.641102212691514,1.7119659204992559,0
14.244929581902465,25.10931370267247,8.23447405544294,2.906122664652898,34.265679117836775,18.312454644039704,16.192735511560045,15.953224473797071,6.0624435606992915,1
21.9316165890578,18.962865633487983,4.421675398110788,15.555441756524166,36.95267500252237,37.05354630991746,14.102517313983196,0.10087130739508865,4.658910179940664,1
18.97764389506939,20.92291255076512,11.359845305682622,9.775374826888742,41.2728112343207,27.359374698713438,3.529739134489608,13.91343653560726,4.4920445555533615,1
28.77737849157745,27.36539664700561,13.30194044929847,20.814512862720697,22.827360941556528,28.755674182515133,8.924554257994068,5.928313240958605,7.175034036942517,1
42.94975340598742,48.32471633449793,7.383276510109974,6.269848563198396,25.271486005806846,38.48293913902576,6.488390875422084,13.211453133218914,2.936239098848531,0
17.670972154409185,20.41272460777167,3.006013862001378,15.15474044133915,23.89850254419855,30.035307754484744,14.890479032700256,6.1368052102861945,6.62441672418338,1
41.744918043965,40.995928154884005,3.440258374975552,2.762033098227754,39.19758470642242,52.81455854989499,1.4272151658287933,13.616973843472572,2.0588334742942767,0
40.721946633245416,38.75122211195487,-0.4814012127606708,5.9130989235745375,12.026253072481317,66.18501171827367,8.365224657625758,54.15875864579235,3.6952833505656066,0
47.35977164567057,54.154045375188964,2.2018589215138133,1.9779257399085388,58.49181420424861,68.34052433437556,7.018206911123669,9.848710130126946,3.46748204662029,0
33.02193883857085,40.02146282913864,3.8439376428669148,6.175453502677707,46.307602635222175,62.43954914921993,9.331039850378588,16.131946513997754,1.9323927423102976,0
16.20858965556205,24.952085683401393,11.513245257250922,10.934885739155888,18.608178757362502,40.20982092416911,9.321855545934376,21.601642166806606,5.565733320384848,1
39.67662161496432,45.306677445420306,4.17360370147131,5.035441528054145,70.18806587563458,36.27030780858913,6.491893657038822,33.91775806704545,2.5468290806543017,0
50.77522788350513,55.69373613005695,2.461917816223835,3.4865323930398935,51.32463519926536,35.966948683926134,5.943122823367875,15.357686515339225,1.7187259883800263,0
34.84001122084899,51.77129886137888,5.320165024797227,2.7403503915071803,43.539043025509734,39.31463770352576,19.511102273819933,4.224405321983973,1.8681444340192117,0
15.978421201700037,20.827164138484157,13.733809766797922,17.17446481338669,33.395299482636595,21.805732662244072,8.28939798337289,11.589566820392523,4.366052475064301,1
50.37555686251598,34.49957466579968,1.8265104785399766,3.5065254388930502,65.88307769863343,53.09994892375954,17.555997157069374,12.783128774873887,2.9532561972457625,0
48.07361657604717,48.631278544553076,3.1534657187859136,3.1781298468522765,54.447013490738385,65.02985861103343,0.5823260965722672,10.582845120295048,2.6336375998373147,0
37.044571825601665,43.48529882096667,3.3669084529444655,3.8397258642403815,60.33784398047223,67.04204101480124,6.91354440666092,6.704197034329013,2.2326496303232695,0
24.10172006306228,24.481697545430084,15.731581420775235,17.197429139978823,24.108564545156103,19.437139585930744,1.8458252015713903,4.671424959225359,3.856268212889061,1
35.535550522124886,52.125023071955766,3.0287639924885315,1.9383497465611028,48.77213380460506,52.48111491335781,17.679886795758307,3.708981108752745,3.5980279774763817,0
42.977893959230514,45.49967505671129,3.3804219186856845,2.870257011586177,51.69531065448243,51.805094819746145,3.0319460045802837,0.10978416526371859,3.2853568778176445,0
53.235304807642606,44.41965909511555,2.513187050409761,2.7639358521878843,38.703185743510076,47.08318465563677,9.06639451430518,8.379998912126695,3.8014950460975223,0
51.37361541656594,50.238629126040394,3.2304797339440365,5.690560609213697,41.479075784455986,43.977357182129325,3.5950671657952067,2.4982813976733382,2.817349708224601,0
45.12146354032347,40.99912804045148,5.595880387070265,2.2280748640002215,70.6681946272771,69.77133255116586,7.49014102294203,0.8968620761112476,4.282045752545315,0
37.201547392617265,56.548151883780434,4.292166482423709,0.48846428448389245,80.11934143793482,52.77957590073251,23.150306689102987,27.33976553720231,3.2784639069587937,0
19.11612918442109,8.694453523847375,15.514619400721516,19.378281816141183,24.815643681224962,37.85168744209188,14.285338075993382,13.036043760866917,5.045585568699844,1
45.1550499015842,49.255432530736705,4.4461406482711565,1.0592397306485655,30.151139648471787,39.958334876971065,7.487283546775097,9.807195228499278,3.0743614477522954,0
26.437475214156613,55.470662709278756,2.692382444237929,6.723076405696222,28.70213698122541,62.12818645620257,33.06388145658043,33.42604947497716,2.0015392379281463,0
18.575622533151645,26.932396468195165,12.866218953512824,12.983426163391462,34.82665026041307,41.32901661109591,8.473981144922158,6.502366350682841,5.322195514294924,1
44.806137329042464,41.25331859318041,0.8296526433285107,5.002498173614406,52.01581162819221,58.823582932670234,7.725664266147949,6.807771304478024,3.3439793841812864,0
54.61960998386458,53.13765914308446,5.537615312633914,5.072975454242658,7.869131114635046,59.23344040082743,1.946590699171371,51.36430928619239,3.4893356064788716,0
36.237835849257564,53.2579563818482,-2.565920864686441,4.112367836784641,41.16797650070749,45.81227426014647,23.69840923406172,4.644297759438977,2.6718702217350425,0
19.586369494431995,42.62803519689409,2.8257032153291495,3.8504374066973837,71.10648933741669,56.7647812177477,24.06639989383033,14.341708119668994,5.187112342018108,0
24.372585370662613,29.21159001723726,7.013752135362294,20.28015185782857,27.621861178515793,51.47890979801761,18.105404369040926,23.857048619501818,6.682482180288328,1
47.33250941345578,51.647486578646095,0.2722641327413169,4.29199182862528,42.363580241397386,51.409590627847756,8.334704861074277,9.04601038645037,1.6572847662854773,0
13.983995723054278,22.347184284560537,9.035349325460682,14.78775735494122,40.09103411728053,43.386389496871345,14.115596590986797,3.2953553795908164,5.31858679197716,1
37.17200363306715,34.68269321190084,1.6384671068419463,5.241659890579733,58.508625602103564,52.92672734790282,6.092503204904095,5.581898254200745,3.4857018430797417,0
67.04174194975921,34.36869080826896,2.2623934696222627,2.7644074530379443,64.02903132866298,53.94867509008072,33.175065124905935,10.080356238582262,3.1853510567642003,0
42.555115086769575,45.802053455868794,4.891881921278875,3.0057319522601276,42.0029409839036,52.9036304701556,5.133088338117966,10.900689486251999,2.6280632871265777,0
50.84767181100973,49.034885067431134,3.3961138517703002,2.545070387091441,46.48450967420843,35.442037146817874,2.663830208257458,11.042472527390558,3.3146772128211532,0
39.79472138105293,41.60744731815956,-1.0687117357687255,6.4350960439014315,41.50985407219965,49.716835734915925,9.316533716776785,8.206981662716274,4.295212996798105,0
17.71939586262906,15.406502471630837,5.031670169176144,13.251506273206248,42.59045004063905,30.46557632684486,10.532729495028327,12.124873713794187,4.905013315802258,1
43.63793402563276,38.31890714530094,4.950671469777519,2.4030544064007353,46.70384377967279,53.45933092808937,7.866643943708603,6.755487148416584,1.8239731305512592,0
22.975147329177823,21.468734712501924,10.964942352510485,16.247962380371916,39.89950854400108,47.876929682261434,6.78943264453733,7.977421138260354,7.065966929019714,1
41.80097409065303,40.608791421339234,6.496271145048569,3.8056657872549935,31.090338260170164,61.30129884249182,3.88278802710737,30.210960582321654,3.3076476485107085,0
17.93501088928283,27.34034639485276,12.218779461498505,15.096017104827736,45.328131323234196,21.130761834994466,12.28257314889916,24.19736948823973,7.875765523803349,1
15.366508455763446,18.356431515483493,13.765679039571802,7.413730697139473,39.88095983576687,50.13463857298551,9.341871402152375,10.253678737218635,5.391121261250665,1
19.842804148126117,20.798792474197782,15.41206075297399,18.33677642227339,39.67522994909176,37.26764217004678,3.880703995371068,2.407587779044981,5.7126412887628755,1
15.757856829045927,30.395367700426956,10.887520542534663,15.90556144444715,26.973389563244503,51.222389753134635,19.655551773293517,24.249000189890133,5.884795657315168,1
22.865639066206,31.234854074863904,4.384962377421626,20.009352067705443,21.626179156504254,40.63629910578904,23.99360469894172,19.01011994928479,5.427522490011114,1
29.405025957420612,51.18124617319795,1.7327202681788454,3.0000750055827288,57.009966944684734,61.17282503859773,23.04357495318122,4.162858093912995,2.4600997120667474,0
28.597140341726398,54.04957951530946,-1.5134502105788377,5.422092205090606,40.0383092805543,54.65992544711715,32.387981589252504,14.621616166562852,3.620988790786268,0
50.91344395761254,53.50170707310764,6.214038016498562,1.6579179206763675,36.63997800131448,70.45817507812825,7.14438321131729,33.81819707681377,3.4589150345092676,0
20.91917258161252,16.30628303338793,9.728768631263579,14.000350384407916,27.16707040582288,32.07431802439667,8.884471301368928,4.907247618573788,3.847076020140525,1
44.54083707940771,34.77034941095709,0.9689851223733581,4.028833125271097,45.870162078692694,39.541142194940846,12.83033567134836,6.329019883751847,2.142612218906393,0
21.749000122839536,7.897264884253833,13.16035159854173,4.648632277433025,17.685004227784006,15.823361953669437,22.36345455969441,1.861642274114569,6.379467773235897,1
39.336712474607396,49.080800092783406,3.1912150882251553,2.666709614084044,42.41825717966728,61.05683606097638,10.268593092317122,18.6385788813091,3.842001892348417,0
42.89802601850797,47.20135684160398,1.0792938957157725,4.993475513551437,33.652954337496,27.78747603241472,8.217512440931676,5.865478305081279,3.8297130879313004,0
32.23284825140709,27.887493806097893,-0.5102040625423232,1.683996386955536,59.779001015450426,31.811793778599323,6.539554894807058,27.967207236851102,2.1976729273758147,0
39.08777073581414,37.064923320932266,2.5792847924461766,8.329785178202915,52.59218419656926,52.16045810687846,7.773347800638612,0.4317260896907982,3.79144914552018,0
50.21864270541344,43.762489677712175,2.357841141081506,6.634702609304023,18.21047948467689,66.26383177781749,10.73301449592378,48.0533522931406,1.57898429254492,0
56.41844291431373,47.897745557043415,2.2231775180224496,5.968592890394092,59.9351947962993,71.60553147932316,12.266112729641957,11.670336683023862,2.8376924663919687,0
41.644521978731596,50.13845890081989,3.445432125201929,1.2191419884203811,81.927016527524,48.74341379467343,10.720227058869844,33.183602732850574,3.3896211540869223,0
51.051906834528786,45.15402817825632,5.859039317051984,4.410826540915502,10.991961088564643,67.91243030478826,7.34609143240895,56.920469216223616,1.336955989566679,0
29.68751943530026,46.646270452305885,2.3938145606165477,6.418172796028009,31.464409639668144,53.084018646533465,20.983109252417087,21.61960900686532,4.67428553926837,0
50.27560992890889,44.678923666888835,3.340885997442726,5.186210798715479,7.272093670225907,29.02877526635154,7.44201106329281,21.756681596125635,4.061356146381293,0
18.39378616941044,9.358665312243515,12.859703859106823,10.485449964760363,25.879477302150782,9.462435846392825,11.409374751513385,16.417041455757957,4.290748626675775,1
47.45876493366376,46.50292521192729,4.108285853025498,2.6998124893826896,64.85579354917029,42.71637813067673,2.3643130853792753,22.139415418493556,2.227977433948063,0
43.01798065408233,44.5259012803783,1.771152951104316,3.096127723988019,51.582511246944186,65.77346320716612,2.832895399179673,14.19095196022193,2.945517100338294,0
55.56331207827067,41.85304960690095,3.1927542462280716,2.793124331022785,70.87993547169005,51.6148710946827,14.109892386575003,19.26506437700735,3.6323361358104176,0
38.00451481328066,44.65033140033985,4.095079640338106,7.057557671420614,62.45825435495201,32.831303401652946,9.608294618141702,29.626950953299065,2.1018707464001487,0
50.02085038049465,47.8767310307142,0.7432973249784447,0.15797372235348783,75.53220985253265,29.504277836371614,2.7294429524054102,46.02793201616103,2.8556206150095864,0
42.76394029362773,46.13980311118449,5.527078021593017,5.311838279317673,67.40316152160642,51.68530063878323,3.591102559832102,15.717860882823189,3.728307079848786,0
43.733556175922686,47.04661134676203,5.863177810428223,1.4153932501430977,43.95585397085743,15.696737928104419,7.760839731124467,28.259116042753014,1.80432399858156,0
43.52916885472632,54.74177489080948,1.5544394891110125,2.0774970250978644,51.0008968435226,44.22752065258149,11.73566357207001,6.773376190941107,3.265939768816364,0
38.2346151640471,46.1213113819727,3.3873400366963375,-0.019466733737434794,36.96984626778541,55.46545488614262,11.293502988359375,18.495608618357217,1.5961842963030557,0
12.974050765982124,25.34282571042089,13.488325914669545,17.409508160201693,48.06282296382599,39.4601959473587,16.289957189970913,8.602627016467288,6.3524109776229825,1
19.73797774711265,26.495695341276708,7.539013854492744,21.783642453560606,37.46278389935394,9.817644696875835,21.00234619323192,27.645139202478102,4.962210857457738,1
46.929921987253834,33.07041329864866,3.963227691376189,4.529648484929556,48.72639014696969,69.86509824626037,14.42592948215854,21.13870809929068,3.410844490175023,0
45.6760411655429,35.348692954085706,3.326511252584331,1.6032769060018062,70.13380289455415,36.74948570872073,12.050582558039716,33.384317185833424,2.4393687179950367,0
51.38395639689789,46.686778117760554,0.06416364472239833,6.034295348758625,45.047479062397535,47.5293373870527,10.66730998317356,2.481858324655164,3.100438713063321,0
52.38806892837895,48.13117334229263,3.9183226319571163,6.462608527137371,36.01870379663964,66.92039726982208,6.801181481266578,30.901693473182434,2.4502174897534137,0
18.16746489815974,19.385413018176283,9.61877720922407,10.792462705442343,32.871006374012595,49.165403158774716,2.3916336162348166,16.29439678476212,2.5557333140194896,1
51.95018000472617,40.937460152106,4.878405703324095,8.06949831630518,59.82650407433796,31.0828213285147,14.203812465601258,28.74368274582326,4.0005292062289195,0
35.50930858312117,39.15132934224273,1.6575778497322224,5.643128249249228,28.952923878665004,49.850183971534705,7.62757115863857,20.8972600928697,2.079817457406209,0
49.70284710510188,40.10658941694722,2.6774291326777098,5.365305014585176,46.98220744773624,39.20607516556241,12.284133570062124,7.776132282173833,3.607323179157748,0
18.63003459085348,22.654497822098993,10.996665312755077,17.383067535099073,25.016770270575872,32.71777826237693,10.410865453589508,7.70100799180106,5.107269815272964,1
29.709464866699967,49.652043708378024,3.99276329305769,5.254796971242682,54.38897668611246,61.08898141486883,21.204612519863048,6.700004728756376,2.5395570488736077,0
45.74383397223528,43.84702256117034,0.8410521608509094,4.433582555208987,48.880919163218685,47.29364582101558,5.489341805423015,1.5872733422031047,2.0259817340719057,0
41.25203109311747,39.632304583080575,0.9701668584018326,5.039658005342053,49.46134394542355,54.13222018795061,5.689217656977119,4.670876242527058,2.083010954320727,0
38.929877936517,33.20280263823888,1.8013944227525491,2.6308287617173387,34.55653111659241,32.378176345412705,6.556509637242913,2.1783547711797056,2.4090839801936426,0
55.806818645592045,55.36147951025559,3.789288166713332,4.256197768717973,37.14297934348188,40.693338121635826,0.9122487373410948,3.5503587781539423,2.879956474223086,0
39.77056687490065,48.736911202279344,3.716599629865536,2.3662769995700836,47.07227490628134,75.2991878153874,10.316666957674144,28.226912909106055,3.482807708925121,0
38.5489845670556,38.34664716741488,1.3137953906742617,-0.2942641999320639,54.0690954516394,52.80271978869501,1.8103969902470443,1.266375662944391,2.75980859206211,0
45.60555952004075,49.75679598099913,0.6655810287712818,5.996609137156767,64.22225017703165,65.95128707187048,9.482264569343865,1.7290368948388277,2.8133513184942247,0
50.48471797038733,43.43821103540299,3.5631668101716683,0.9952220366209654,51.388409257571524,55.48019632612043,9.61445170853504,4.0917870685489035,2.932807821342156,0
43.86681131191899,41.703123961101255,2.636279868419676,4.214372929564832,70.29161263631372,71.71422764544286,3.7417804119628877,1.4226150091291458,3.381422153150983,0
54.33096436535402,47.48169222631682,7.314431774895475,4.66600425889808,74.07797022814287,22.0174370110117,9.497699655034598,52.06053321713117,3.5158422553572084,0
49.24780529571272,38.0680140006982,3.073207313126158,4.65312603172611,61.92900818723306,49.176736239714906,12.759710013614477,12.752271947518153,1.8904276195425216,0
17.05566586630652,22.55233082387195,17.08035210101959,18.355130056944244,32.314615824987726,25.904255602268716,6.7714429134900875,6.41036022271901,6.625937078151649,1
40.76426429194393,44.97168851359637,0.65923280379132,4.5424229505599465,35.139297179178584,66.34260153340966,8.090614368421065,31.20330435423108,3.9819232138783374,0
40.50526320518641,40.004390456918294,-0.14642587912341432,4.941934139570324,32.76201597967906,71.88058388185287,5.589232766961853,39.11856790217381,1.9471040370240364,0
48.83488762743538,49.352681682140194,0.7598297349489309,5.46992963150397,57.76960064435249,51.898531095152634,5.227893951259854,5.871069549199852,3.059450312359167,0
24.001463549007106,58.95253202942609,5.3782595629069325,7.466882678768526,29.88185282199429,43.94340376879925,37.039691596280576,14.06155094680496,2.8633247969625755,0
24.166669558901535,17.470802820568473,14.771103078832951,6.499395655858692,69.42331010806686,42.48083664571886,14.967574161307322,26.942473462347998,6.329009883828802,1
49.248208759153684,30.678997629567647,1.435641092094732,4.128097690035403,61.56787857994609,35.54607862507734,21.261667727526707,26.021799954868747,4.272626120834687,0
21.102707135069334,11.64537325112456,10.45402043870884,12.149032011509235,34.230799603243526,34.458223266752995,11.152345456745168,0.22742366350946952,7.952750515009825,1
54.45254173135317,42.796254868040144,0.6620381795750006,4.871892647798674,46.18676524567902,59.69816575631278,15.866141331536701,13.511400510633763,4.208916057555451,0
63.749232422500995,38.69468327899054,-0.6232796942367744,5.334766206281137,40.250835570384645,51.0013982600446,31.012595044028366,10.750562689659958,3.004501764195528,0
16.41040554626199,22.908444343748666,13.280232765972979,14.165801661530397,16.462172392085186,34.10570752333942,7.383607693044093,17.643535131254232,6.797986218123617,1
18.847376874098746,20.24388724614834,6.738246936450952,14.518193572058884,36.249394903158795,32.52478057170451,9.176457007657525,3.7246143314542834,4.799255476395555,1
25.898626041803553,18.291037307898236,15.979474775151754,10.673052474773865,15.9278890049581,34.13080395971555,12.914011034283206,18.20291495475745,4.81620489089074,1
20.97053815476679,27.391070227309385,9.864621424740326,14.921111555501646,26.814333319391675,31.12376453745769,11.477022203303916,4.309431218066013,6.308105688510296,1
41.19363644796079,46.36746592276876,6.279913363657322,5.825204628059487,49.580240109938075,36.011888492727365,5.628538210405801,13.568351617210709,3.342157966106873,0
22.419383255940197,33.07837552359549,6.652088167437783,13.138717399371476,40.69691681739608,26.25397078465985,17.145621499588987,14.44294603273623,6.211323382627906,1
39.50388720240402,40.59345601306759,4.067252849632951,4.235688652282601,37.48227716641787,26.966998747088766,1.2580046133132141,10.515278419329107,3.3013426295636603,0
23.40679755221474,23.540504791970726,10.68671622923776,13.866533650506403,36.633830488473855,36.73649777413474,3.313524661024628,0.10266728566088545,4.472571874489457,1
44.39302839451982,47.771130102119926,2.6189496207599254,2.776173894716359,38.793256084510695,61.06456419552378,3.5353259815565425,22.271308111013084,2.3549050586300675,0
18.46095764430558,28.183958849449358,17.88683559344756,14.351045853976533,32.7279338628598,25.0248342936388,13.258790944614805,7.703099569220999,7.0660979105661,1
46.52733219314968,46.22385952175138,3.6541504361066153,8.897624611480454,55.12745482769159,45.753058968087515,5.546946846772142,9.374395859604071,1.4332277076773299,0
44.70935513566127,37.220208875479486,3.3092970864732503,3.318558456935836,63.41986177538007,52.142895658297036,7.498407630644369,11.276966117083035,3.234085793204483,0
46.1754823870935,44.35641732456921,3.989044984097545,4.91167535677628,61.94465124280304,55.50872374560085,2.7416954352030305,6.435927497202194,2.910495920744655,0
26.14490251244531,14.065915391900226,14.380524743655075,17.672342675342556,24.310951469105753,31.433384575867617,15.370805052232564,7.122433106761864,6.05102622746993,1
69.61488296144402,52.46368571071034,3.39474521087932,2.0520659115017983,37.83492140804169,34.415677713929924,18.49387655011121,3.4192436941117634,3.333296948856604,0
55.8809272014425,44.65475467623631,3.2275153669605547,2.647368272845275,61.16471963544034,51.189891971211125,11.806319619321474,9.974827664229217,2.4688157762332303,0
35.043659999322216,29.854744705974145,3.463345368390122,-0.16494395340534318,59.58384533561828,27.21634649588533,8.817204615143536,32.367498839732946,2.432519969358669,0
46.86294469941519,41.59460511645054,3.1446904346383637,6.7068701258155015,53.26130963654444,48.51037844976783,8.830519274141787,4.7509311867766115,2.5817732216024645,0
19.84470533564549,13.916476494511905,17.676257653430085,18.070529026448423,38.23294994355331,42.25819533301897,6.322500214151923,4.02524538946566,4.694621070309252,1
36.88416218634069,41.33561903219582,0.3644004957820526,3.4723435391987345,49.60361717949406,49.98601489840869,7.559399889271816,0.3823977189146319,1.1582290563558042,0
15.31746812605202,25.306102361357798,14.668875757218114,19.47925440051403,24.671484591398155,39.37322615675541,14.799012878601694,14.701741565357253,5.692279393067532,1
48.45773352607403,34.20478234362183,4.6350690196905955,2.231239569275591,44.002740033881,29.384787427656995,16.656780632867203,14.617952606224001,2.2935723302181064,0
39.54895811944341,48.53232789665325,4.655315019470398,6.753045319477335,26.58683440278789,46.50485019115732,11.081100077216774,19.918015788369427,3.1526682382458056,0
19.063354907968126,12.236129632316107,8.457327263974335,12.619004198005065,15.514690579662997,26.560602330284063,10.988902209682749,11.045911750621066,5.954634499290803,1
52.95025771624351,26.74843698395974,3.6135799249229037,2.069207681636599,48.41771949263335,70.92191205983207,27.74619297557008,22.504192567198714,1.6701387336570501,0
55.991315081691596,41.02994103463685,-1.2662384354362217,2.820965735006978,57.64896862035193,88.590014180789,19.048578217497948,30.941045560437068,2.818506858399495,0
38.18090587140717,51.84919772456283,0.9465790164294678,2.4690375591158285,77.6281700313686,77.37475612596496,15.190750395842018,0.25341390540363307,3.124456285440197,0
22.28843293026776,20.865914213905157,12.970411252219765,16.766968987294785,16.63668110784555,30.798016564125636,5.219076451437623,14.161335456280085,3.73982864152853,1
50.059633733138405,57.903879880988164,3.271036005583591,4.345783369575385,14.929869248126728,45.87343598091011,8.918993511841553,30.94356673278338,2.902239237507228,0
17.501349119241848,17.110791106543935,16.325267831074147,21.35848395761279,18.64555805662877,31.259434633559263,5.423774139236556,12.613876576930494,4.465433461055594,1
17.368760717412894,13.142424735989323,8.648707755328873,14.250168544145694,36.424744465726185,31.078259199466963,9.827796770240392,5.346485266259222,4.905612421619355,1
57.87616532620778,42.97281387265913,3.023303415370491,3.930375370484095,39.013191860430204,53.04299994844339,15.810423408662256,14.029808088013183,1.8975621417969197,0
46.81996700585643,43.453710337885674,3.2415409311027235,3.368864614930956,55.95899503432247,88.11387132321337,3.4935803517989847,32.154876288890904,3.443236456671803,0
50.087742005693904,41.89261091904397,1.7218693343359677,5.893097055433564,61.791444801565625,35.76922681311404,12.366358807747535,26.022217988451587,2.907543326554719,0
38.42339190537658,41.58184486333979,4.964021972243181,4.709636236356787,35.80085134682679,41.297032956785515,3.4128386938496,5.496181609958725,2.9585974085658298,0
35.24572426782245,48.24693729653719,2.138456782639232,5.180724416229891,45.48002207894926,76.6573889513364,16.043480662305395,31.17736687238714,1.6356052449240845,0
40.44440180406312,36.513350161675476,0.3387018339587473,4.690172372030165,72.15130594773392,42.76027985372722,8.282522180459061,29.391026094006698,2.973117762191036,0
44.00782890088002,35.39284937020592,1.4580019743625428,2.136017749432921,39.17566713155952,57.903709755035734,9.292995305744476,18.728042623476213,3.5069096575861463,0
22.54134319837295,17.754686288235362,10.655733213977038,11.248705961541315,24.587055108615715,24.287707055489825,5.379629657701864,0.29934805312588963,6.330999657165502,1
39.63118853218163,18.767258172539734,13.075219737756923,17.941183972575296,27.718953155484833,43.25727429373568,25.72989459446027,15.538321138250843,5.623363942023915,1
9.579435302507058,17.67872787395926,5.957815798522015,18.60960626204186,43.17058677967364,40.149874547962646,20.751083034972048,3.020712231710995,4.430368383097525,1
36.039620620241024,46.435937613441155,2.627703562068702,6.52810034101433,52.362762459992,66.07916154540976,14.296713772145758,13.716399085417763,2.66377434021609,0
50.367289986215,35.539882637652546,0.5026731504747453,4.835350201303919,68.41981714378402,38.60397165242544,19.16008439939163,29.815845491358573,2.2792064819432616,0
49.83032416222315,48.986738405398626,4.570965179659153,6.961984808234986,29.569554769984986,44.55455305755998,3.234605385400357,14.984998287574992,3.304727066913282,0
19.77243877349379,27.680845399071224,8.293946980881007,12.258016060944087,27.25167621942773,35.83196151208408,11.872475705640515,8.580285292656349,6.302072044708944,1
36.857885527384376,45.713351529054,2.799944282117328,3.561882823950783,44.36423136419425,20.958411111786234,9.617404543503081,23.405820252408013,4.033203524507235,0
17.150835358806205,24.534609837408638,5.942343750407518,12.491766606017713,35.529431891981055,23.17231521661087,13.933197334212629,12.357116675370186,4.384182744381748,1
42.01385403246949,45.28215085934061,4.017526662098609,3.952312463727767,31.732950420161224,56.550885627966714,3.333511025241964,24.81793520780549,3.2707902416834185,0
50.15614793316233,40.609331694348135,-0.2565080954303487,2.9612173558189143,56.45116472551228,54.29547629171725,12.764541690063458,2.155688433795028,2.5538340146812177,0
23.75289583760883,23.72538343100397,5.179169568895933,20.664780824030686,23.908639111424367,38.87766730011227,15.513123661739613,14.969028188687904,5.503821819405831,1
41.02774611614425,49.87285068645799,2.871379099761508,4.592590731007335,53.34557037239713,32.70086311900393,10.566316201559564,20.6447072533932,3.6678099477520694,0
14.349653304798212,19.852057393519985,13.346405710248668,18.96452685918601,14.095697414807027,27.705360104723916,11.120525237659114,13.609662689916888,5.539764954628134,1
17.74993571002093,16.842318916729276,9.827912214456841,21.45212662308431,32.97167147224908,54.758558818768655,12.531831201919125,21.786887346519578,5.499149627400416,1
38.411720234993204,49.47588906842397,3.0845261299299582,9.959709033474294,57.16717769404077,20.85075981702122,17.939351736975098,36.316417877019546,3.104982498503626,0
40.85397888911038,36.962850595590076,3.330769538047726,1.7365516228006812,50.654791014544415,63.825472011660345,5.485346208767348,13.17068099711593,2.220725156411779,0
55.602208723496304,37.43737231094026,1.5865136367152939,2.3099229765674485,48.00790546884958,46.5995301383745,18.888245752408196,1.4083753304750815,3.913302538741557,0
16.34521862142263,17.880767481077385,6.254590171843358,30.702114550511187,27.549349129567393,40.63974278411861,25.983073238322582,13.090393654551217,4.158385950357282,1
46.26379449801161,46.256289683697766,8.68518745602092,3.534801523129028,51.16397584618005,55.8038941253621,5.157890747205739,4.639918279182048,4.619902887463557,0
34.82464799109822,42.77716006548619,2.4428305524865706,4.491036886654721,53.33065322219108,56.039758567696175,10.000718408556125,2.709105345505094,2.0764608398080746,0
46.69117253976527,47.468499681535036,3.706078496830002,3.069354963317845,35.16286879879068,41.31357115095104,1.4140506752819237,6.1507023521603585,3.6900532009979043,0
19.122180272503922,15.469532585962925,11.858319437233963,19.981942128215046,35.91911906244589,35.98868124131143,11.77627037752208,0.06956217886554583,5.353860468387317,1
41.994930673875714,39.93826584680229,2.4806262731178625,4.284809733256265,34.17221083053241,17.20902790155342,3.8608482872118284,16.963182928978988,2.726378239801555,0
20.490337697694724,32.50555565156286,7.905361015477142,14.698596254860092,11.039981050821108,30.270734169985932,18.808453193251083,19.230753119164824,6.672314683376169,1
26.47935890931507,21.810888920031374,10.857253807630945,9.945592517051994,20.329141272004595,29.686776723081778,5.580131279862648,9.357635451077183,5.703742139745707,1
58.30986265714779,57.46651660742024,0.7288054689489516,6.228468693485208,61.56174721971884,46.825760271782876,6.343009274263807,14.735986947935963,2.250485577230677,0
47.44194501225083,47.142146904408996,3.810480051098291,5.354060939601613,60.09090466635035,24.596345440510273,1.8433789963451526,35.49455922584008,2.9053287869804723,0
19.026513519416593,24.59411628520204,18.7692520764195,14.810566494890791,15.943231922959981,27.834059543478403,9.526288347314159,11.890827620518422,4.58069389030873,1
56.31349830664872,43.008861094118394,-2.1565857002810604,6.1718368230134395,49.965389819022874,33.27418281809422,21.633059735824823,16.691207000928657,2.625187427691589,0
20.458762422241865,9.805877414209693,12.141485668354557,14.82121177813243,30.56245337573179,26.431852423429333,13.332611117810044,4.130600952302455,5.513131737740169,1
40.9901271376783,49.14284395170358,2.923477435071688,3.682717947913798,47.370375197539566,54.29551895601434,8.911957326867393,6.925143758474775,3.791419236187373,0
41.41165730777711,33.189676778412526,5.693346002802292,2.4554938582336088,39.07673712791683,52.29740730648051,11.459832673933269,13.22067017856368,3.176969867031492,0
21.073565915852633,15.213596586984474,9.988361399847923,18.02012423474776,25.548594873686582,35.70613971947856,13.891732163767998,10.157544845791975,4.526871033586354,1
34.67550862443025,35.96529738964875,0.042652807379405466,2.952628934646211,62.81401342367543,51.2010616000947,4.199764892485302,11.612951823580737,3.305286736316286,0
43.85392867708646,45.0145974810797,-1.4593532814599621,5.4633446532418235,63.540697224274545,58.411831070454106,8.083366738695025,5.128866153820439,3.5787197103661095,0
53.772376945842026,41.06926658289794,1.5610552313241253,4.693565109188392,46.88078601688927,51.16143950273138,15.835620240808355,4.280653485842116,1.4223106038082258,0
27.46996919067775,45.41409682600211,1.7497851586126947,5.393515725428603,61.49206376790016,61.19434126249412,21.587858202140264,0.2977225054060426,3.0931830200247337,0
57.27585681435612,44.178804439730925,4.886318402000334,1.679326287799697,5.5218420517198865,72.90242945571285,16.30404448882583,67.38058740399296,2.847848161280535,0
53.978993749625275,36.106727778207116,2.982258135420853,6.863498968482158,69.91331976063854,54.06312744208291,21.753506804479464,15.850192318555635,3.762969004327658,0
24.380233962648973,27.273783838423906,12.991385127607298,20.520875782718377,26.195314638826655,20.27588392166257,10.423040530886013,5.9194307171640865,8.562208113486827,1
49.34712662297448,43.60987478525508,0.3503338885947307,1.7999667158506747,52.126648411992335,73.82993402323297,7.186884664975342,21.70328561124063,3.3874813611782284,0
45.02518181525061,36.091767937072795,4.930528768760896,3.1215644703563745,45.19223414501046,72.35776370461407,10.742378176582339,27.165529559603613,2.61447122689523,0
54.839922947509464,61.92741244964634,4.441978306861839,8.967531985175016,70.93561222801259,46.22065894583184,11.613043180450052,24.714953282180744,3.0013213737059488,0
11.80257918737283,19.42219012883495,2.030441393667731,11.259640978391662,42.88210471066083,29.19362520686543,16.84881052618605,13.688479503795403,5.666434511511911,1
33.79943421453593,42.77391557280556,5.645235682521545,3.349807057058149,72.11690489910254,55.731567400707895,11.269909983733024,16.38533749839464,2.9480962136237787,0
24.982852552897235,19.426115695765482,7.532236463590545,13.600169335967355,32.385575315418045,37.3063516374451,11.624669729508563,4.920776322027052,6.074585426775792,1
43.35497717085402,58.73452487509286,3.7840890077370113,3.7027592331370895,59.33996323877237,60.52951875344425,15.46087747883876,1.1895555146718806,1.7712341612463471,0
45.6626605641448,42.837204621488915,1.2702077751431546,2.4370478683974914,45.061931550066255,56.13502114054282,3.9922960359102224,11.073089590476563,2.9451679709382277,0
39.174624792241474,46.779179891478094,5.550494025843944,4.2864261664122605,30.37671203155444,58.50958120519532,8.868622958668304,28.132869173640877,1.3904000255151123,0
58.98509655296668,36.095977455976474,0.6282953415222603,6.151189816396661,63.95766148304152,55.82856934058397,28.412013571864605,8.129092142457552,2.5870841045133948,0
53.320494559220606,42.822457993855906,4.664184036747892,4.628578630957414,54.67112526783996,56.414995677047656,10.533641971155177,1.7438704092076946,3.0508124461815194,0
39.081830688216264,42.40749956992104,4.641214951817343,1.7776694022000288,70.42435187463226,49.617514591271366,6.1892144313220925,20.8068372833609,3.6136246355876565,0
5.044320145496384,27.388703944734083,15.173049983820123,13.342031105342274,29.62782141336226,31.99176811136098,24.175402677715546,2.3639466979987205,5.805932609708499,1
41.914618952177214,46.66208382909608,6.966747198845148,2.8969451997967406,43.71152931651628,78.44762394059003,8.817266875967277,34.73609462407376,3.2989473147760817,0
48.47602116873045,48.47862759062448,3.4630569604350385,4.105878936469602,70.82132354960453,59.16291866666776,0.6454283979285926,11.658404882936772,4.174794723489702,0
46.92164675156978,45.901141250399675,4.307785220542049,6.660903343124634,78.67841246746167,43.400426166529,3.3736236237526915,35.27798630093267,2.487404907427502,0
23.887036763822557,29.027005796236878,16.104349763840016,14.980437453524607,22.604894287059473,21.942694496520183,6.26388134272973,0.6621997905392902,4.48600010909005,1
51.31935777744682,36.492263154071324,7.23546000601713,3.8236902622592184,38.70863754714341,67.84387680171926,18.238864367133406,29.13523925457585,3.231871965645671,0
52.75655220602326,39.62873904429062,0.5508861195498205,7.555289637638859,62.157961441843234,40.957199348670706,20.132216679821678,21.20076209317253,2.0464023947709657,0
47.6148432048835,41.74207526461417,5.04977286553186,5.75241198334332,46.18969150743989,29.76958477283484,6.575407058080787,16.42010673460505,2.344801141221184,0
28.736815989577792,11.474290883065006,11.394410032234363,16.37546738471877,25.715782699999643,41.08311041211841,22.243582458997196,15.367327712118765,7.690869456602218,1
43.434411750824786,34.6964881051767,1.7620223943046347,7.916263230603551,46.1108603843187,26.065365996928183,14.892164481947004,20.045494387390516,4.501519420301345,0
53.480717919269324,41.1406796146344,4.5775080877708945,4.979622509588026,73.4602102731772,32.517777126033124,12.742152726452055,40.94243314714407,2.199447906926812,0
25.67810073591472,38.00143133392005,13.39846132411354,11.809849171738128,41.26517893685703,27.838452028870496,13.911942750380744,13.426726907986538,4.022300597120575,1
14.468532437941828,22.582934722517486,12.533997676245486,16.411763319898263,20.261338463067432,11.90070735531426,11.992167928228435,8.360631107753171,7.588068723036081,1
42.45001347803093,47.683325198742594,5.180944338113988,0.8159830857626997,42.66947044651814,51.307311810110974,9.598272973062949,8.637841363592834,2.5617535571796584,0
16.9570513838015,23.392567827571224,6.937454219640756,14.364186018529344,15.952347783329992,30.77113958023087,13.862248242658312,14.818791796900877,4.353022980890139,1
44.01324748763112,46.05426605859778,1.1240931823102152,0.5725128517415201,43.81916517859135,30.348804054721395,2.5925989015353585,13.470361123869953,2.575545736249771,0
47.47237954426123,42.172219649523676,6.19729518718222,3.066289179200161,61.079120991401226,49.853104037929896,8.431165902719613,11.22601695347133,2.689798468379097,0
39.75449824430845,49.336523781826834,0.08628474350392379,3.2724309407802576,63.77544672400806,25.940079061537112,12.768171734794716,37.83536766247095,4.292941978539861,0
43.11431004114665,31.639548740748516,1.7504548344447692,2.4597617855364935,58.36608243398557,46.458742430704525,12.18406825148986,11.907340003281043,3.461341049231441,0
37.48429406411214,41.093503932891636,3.9580052481839774,3.3022960056176,48.38024799882094,82.96741584765513,4.264919111345872,34.58716784883419,3.7887193863593955,0
17.148243167931597,21.535034200642073,7.8950304987884,28.490202284087133,30.288724801744678,18.383634518201877,24.981962818009208,11.905090283542801,4.0611096188349425,1
42.644353939295726,48.269561984049545,3.527638171358682,2.5720941756808933,63.46582352689137,48.85302759468204,6.580752040431608,14.61279593220933,2.575856253459411,0
56.622044361009465,55.94362098203062,3.48215215760659,5.090281759021082,63.93967380811408,62.471854081095344,2.286552980393333,1.4678197270187354,2.1682253138568317,0
57.229982804327264,40.871802665075386,2.625851460154559,2.0687007207853996,9.645865529696977,44.176852328086476,16.915330878621038,34.5309867983895,3.6410092368286526,0
19.656829769572656,21.69074674835409,11.271838275657377,13.685915883514703,44.356771037997966,42.75241306961319,4.44799458663876,1.6043579683847753,6.083907977495923,1
36.932410139621204,38.72780938672263,2.5432784146847216,4.647678532654901,46.636118128407716,77.56194444299263,3.899799365071608,30.92582631458491,2.52018050465479,0
28.312816978133302,54.62917129235715,3.4630821376276115,2.0069431667628805,60.03878846189243,34.8658801911959,27.77249328508858,25.17290827069653,2.708606941676579,0
33.223703415785664,50.53973701358698,5.292943754975806,1.37655913417862,48.998437734338815,46.688181464839744,21.2324182185985,2.310256269499071,2.743607947969074,0
34.00932140081072,36.69233136294222,4.5813724200516805,4.983756301157777,60.78775071423931,56.590499235452654,3.085393843237596,4.197251478786654,1.7622208053774593,0
26.318533388273345,23.92598538211614,15.009933508296875,10.200137404279795,32.288492080959074,24.520663781220627,7.202344110174286,7.767828299738447,7.0673184553188895,1
15.768420112671322,28.01341700021755,9.647565604302763,16.826981041180964,43.51957305398459,30.692142814975593,19.42441232442443,12.827430239008994,7.9845499784248855,1
48.1168361927359,49.004676749400005,4.049585151002644,3.0853741868865914,63.50308480175741,47.40108213036621,1.8520515207801544,16.102002671391197,2.2996651964439248,0
20.99905216859357,10.29038252270268,13.528134822864043,17.678201125083046,38.29223585637112,17.02372133930493,14.85873594810989,21.26851451706619,4.422457537760075,1
35.416268566261905,41.54203019470615,0.43717004044394736,4.1109598375307606,87.70465202313355,60.789762696257775,9.799551425531059,26.914889326875773,1.9535848204286748,0
26.361767500533837,29.856664608415887,13.198687909351705,13.404959847635734,29.60483457768439,28.57035163553256,3.701169046166079,1.0344829421518291,7.7684594834409655,1
47.29419289906069,43.210232844354614,1.1914096266968204,-1.0564902006274286,50.02029953698463,77.65988008886478,6.331859882030324,27.63958055188015,2.5493430763311937,0
43.822357770515225,50.61137859353413,4.581235437679954,1.8617914176680737,37.573878391418475,42.019962948498375,9.508464843030783,4.4460845570798995,2.0226628129729862,0
49.51873886880098,42.1971881196464,4.6290709193906485,2.3095397891262923,47.37372274589441,72.23305705823105,9.641081879418937,24.859334312336642,3.6323088769240894,0
58.08638244908652,57.33330607382018,-0.8052524728628838,4.301735257023125,51.25703539417011,69.62399863942062,5.8600641051523485,18.36696324525051,3.677301888960815,0
43.2316602917036,38.57332296531605,1.34339492084622,4.371755767244533,56.60993835218071,78.56323311490661,7.686698172785859,21.953294762725896,2.22436903021122,0
45.55495842126456,39.086851750022525,0.08042665616400235,5.272360977368072,72.50991274190046,54.610840590145315,11.660040992446103,17.89907215175515,2.8270532286450183,0
46.54077534985044,56.196137448927225,2.074741446814219,4.515163498420874,42.85852295835731,40.17121432108015,12.095784150683437,2.6873086372771624,3.035454946457959,0
32.058383377892106,21.652296749423694,15.21977029454939,13.413858058892622,16.016429255397775,24.870815897571326,12.21199886412518,8.854386642173552,4.251958566553354,1
28.205149884647795,56.80859444931514,2.5154238036432233,6.89400923517012,30.613562560998304,46.97947798035454,32.98202999619424,16.365915419356234,1.8823258188847742,0
50.46578411831047,51.134724636758506,1.8204815186657293,6.5438366068447325,43.79598928512099,39.79686140941697,5.392295606627043,3.999127875704019,4.029027549093425,0
20.360184306418724,27.675328939327834,9.621308051351324,16.061498088302383,34.101515677135936,27.13231767045214,13.755334669860169,6.969198006683797,5.420257451598488,1
49.53417380947344,29.493652223862732,-1.609714345192577,4.665410588748366,60.36893736513207,37.274639257643834,26.31564651955165,23.094298107488235,4.006546486601357,0
39.741019568042205,43.845453565825316,5.473743787036449,2.8091512295139687,38.7015128500307,59.89223237685019,6.769026555305592,21.190719526819485,1.9236690604933353,0
44.6082797531324,44.8130404282674,1.9114234136890287,4.277727978401097,43.38812455982129,42.91497427362231,2.5710652398470666,0.4731502861989796,3.527062221712322,0
21.288762700713754,26.61418993265365,13.301006703417377,21.18575487739358,32.70463508730557,35.55669872838624,13.210175405916102,2.852063641080669,5.639040135281306,1
69.90328160835072,56.707577409920894,1.9452733245597829,8.260208532641919,67.42862929442067,66.51668292497443,19.510639406511967,0.9119463694462411,2.8633869846765063,0
51.46428951521657,38.52010256685002,6.085776211078237,5.50255541028522,53.12685825578549,61.35539815264287,13.527407749159567,8.228539896857377,4.484748730827171,0
19.223704755876255,24.392582586548887,10.860817773410268,14.231074174269041,29.092532426608773,44.38283210855647,8.539134231531404,15.290299681947698,4.771423949527289,1
10.460962210613046,26.711110493862257,7.287281250662892,14.282883917705355,32.651070945122434,53.98837038261284,23.245750950291672,21.337299437490408,4.559487796755796,1
41.372687132929165,52.587301619283565,4.054877303719993,4.364269742022353,49.70102657514133,52.183831459473126,11.52400692465676,2.4828048843317987,3.442791730846258,0
30.634854618959878,47.98951929708436,-0.222005535770335,6.719543786656628,45.3114941296801,45.53267400373953,24.29621400055144,0.2211798740594304,5.683658711333102,0
42.3592784663885,28.46001847230584,1.1602036591076927,3.910582486480829,42.16460111218828,51.96210008728319,16.6496388214558,9.79749897509491,2.1382953438144914,0
22.78276562266879,26.244746265186286,16.337910099429152,11.263913457566282,49.17259534504072,40.42068860377901,8.535977284380365,8.751906741261706,5.673204804699644,1
34.80614304738564,34.754339400664676,1.2266699306312505,0.760620268966747,55.798738837563945,50.10756806531741,0.5178533083854662,5.691170772246537,3.6527378286660435,0
53.38786120840474,42.37915381665541,1.3688164575617001,5.026095734820501,64.25941809689769,58.29651445345411,14.665986669008134,5.962903643443582,2.8397889126385096,0
12.263480055308172,30.12072188572722,9.052394591072805,12.686776290593508,43.25308997267739,28.05400533260886,21.49162352993975,15.199084640068527,4.540598009853166,1
39.126133424231696,46.441206686999784,4.299162663292346,2.7081836534754067,45.31257682788108,42.94159523281443,8.906052272585027,2.3709815950666524,3.7660091906585325,0
43.86776290129722,53.18472693117946,2.314564446243711,6.052028251414596,80.45818584836303,40.985192450890366,13.054427835053128,39.47299339747266,2.7867452509570234,0
57.78657446112827,46.73403136570831,5.156852388945893,3.156446271224739,53.36885949874988,43.523029423113904,13.05294921314111,9.845830075635973,2.286512743694866,0
50.86838250804693,33.61339248264878,1.0044844346812905,3.73071181635041,47.41213440009881,71.30771570059136,19.98121740706727,23.89558130049255,3.580968123809585,0
45.07026923918518,23.833223947418123,0.49615547905309487,3.966671733404113,35.87573351624447,62.890581896655405,24.707561546118075,27.014848380410932,3.3002304064222887,0
43.098533464312126,45.19047009343672,6.852690811442268,3.298094515723824,57.589014587311276,35.846153219734816,5.64653292484304,21.74286136757646,2.7497227235152186,0
45.61287256361328,42.288588269190676,1.6840837446689774,4.471730131499141,65.46527325563666,58.56247444612683,6.111930681252768,6.902798809509832,2.711758784991983,0
40.905891536461574,36.18443408494494,0.37817598585568035,6.303030291866002,63.11881468714711,46.14126531027145,10.646311757526956,16.977549376875658,2.2680747160475496,0
12.403269622615788,21.789421199292434,11.302224262858871,11.55958936709841,33.24504322370813,32.20003219827464,9.643516680916184,1.0450110254334888,6.423045578666992,1
61.33742328427785,38.12205429221832,5.1502069076178785,4.977040276948017,55.418784250453044,29.713908014162396,23.388535622729385,25.704876236290648,2.7119137461965,0
17.744205707955008,29.7427644482581,6.672347558435656,10.050423434882255,22.541214935638106,43.709327861203604,15.37663461674969,21.1681129255655,5.073509313303433,1
48.1851781209803,49.32702258965112,2.492580529867203,4.307527659089413,66.06323438257203,31.542052754992923,2.9567915978930355,34.52118162757911,1.9715558662465162,0
26.001308748694147,34.292249546193105,14.218554832527229,18.420524954673706,21.223034864834396,26.620448249759026,12.492910919645436,5.397413384924629,5.2981398734760905,1
17.684193189573005,12.247046378801004,5.504328629720131,15.672916424061235,31.707989039338024,10.52296760733147,15.605734605113105,21.185021432006554,5.82738007873341,1
43.512604152409835,35.715167551636846,2.6409403320481593,4.960458523811406,54.45158760626352,63.637659206048866,10.116954792536237,9.186071599785343,1.3898597488087427,0
25.769503671278734,22.19583302014523,15.689924680932437,9.292921038863904,35.063634710620626,34.50544628323364,9.970674293202038,0.5581884273869875,6.570795584076604,1
10.651291501522897,28.824286585773486,12.497504489203719,17.5011917534912,21.438923473435697,27.365670860192033,23.176682348538066,5.926747386756336,4.971929472352094,1
35.123904012620834,49.55735299294868,5.123569533916642,4.598366921627597,49.86815716815833,50.488986056049505,14.958651592616892,0.6208288878911716,2.8355698680662655,0
36.744269729222566,40.50788109387565,4.610479715808814,3.4984247855787363,46.04451401190382,56.538555024036754,4.875666294883165,10.494041012132932,2.8051661997034794,0
41.4779263649088,52.57344299112472,2.9271053594839245,3.734636440560209,51.56429483348298,52.19507145974964,11.90304770729221,0.630776626266659,2.693795110745951,0
17.450966534045588,15.058351616623172,13.460676004193283,13.927487165878905,30.790738579626133,20.9257495439929,2.8594260791080366,9.864989035633233,5.394339849622071,1
20.172205058529208,23.93502796173943,12.979589206850918,17.75563302043478,33.446093205941104,33.04005423148569,8.538866716794082,0.4060389744554129,5.435745217249088,1
7.5583632329350525,13.81536403708985,9.586812604887381,10.20133832583533,51.91770332050811,52.42944861135031,6.871526525102746,0.5117452908421996,5.8212204334406215,1
55.034706886058714,42.083553128503205,1.8548279037469455,4.789088068633348,36.814746707528755,35.22173560687217,15.885413922441913,1.5930111006565824,3.828982501482453,0
22.26754356277234,25.005503974515143,5.329338935236552,17.785148112439014,23.60783859213278,22.38555556025621,15.193769588945266,1.222283031876568,6.781079344789547,1
49.30747965773162,34.56178600500393,5.472409956519192,0.7917579750593502,31.037186060124423,47.412708050105536,19.42634563418753,16.375521989981113,3.391602083232535,0
50.72587392936672,43.76518638307444,7.1398954781393575,4.062736832199417,69.267415663027,42.03985333416281,10.037846192232218,27.227562328864188,3.7238047264523932,0
64.15489520465961,47.162458021194645,4.708738640698843,4.127075910313634,64.86589136333845,30.914077833729326,17.574099913850173,33.951813529609126,2.10336421000632,0
62.4807591602889,44.26418645754426,6.725519372760564,4.485191874306921,70.8466294298118,26.205292898644718,20.45690020119828,44.641336531167084,3.0263426934055593,0
39.506277255973636,54.77552995511196,1.7412515775870885,2.8125416126285163,47.62630441337576,41.45189679807702,16.340542734179756,6.17440761529874,2.103786279482432,0
57.99107994248922,50.19218219256842,4.4037645041185876,1.6090605666689761,42.55829030324935,65.32079281067885,10.593601687370416,22.762502507429502,2.1176684241877815,0
48.065345518071204,43.94015362607403,5.677039017162544,5.249213289788556,51.260326413996395,43.643947095665226,4.553017619371164,7.61637931833117,3.294451950197553,0
48.99276652910199,45.73351277998138,1.2073333340560082,3.452786886931662,48.73344820466703,58.007282878621716,5.504707301996264,9.273834673954688,3.7574003513087004,0
31.46183334685337,46.365324411855994,2.0288197759099815,4.342488095369991,40.208955716547315,42.95410255903063,17.217159384462633,2.745146842483315,2.8449206924619697,0
43.63691387689443,47.22639683333459,6.475809523670501,3.437079840223409,41.69565028811536,61.583000440432734,6.628212639887249,19.887350152317374,4.319200345767602,0
38.49741127730748,29.394736034683135,1.0498022884261202,3.9878763484528106,44.504407291003034,46.72373797286996,12.040749302651033,2.2193306818669285,3.1694274616364293,0
51.62447051914647,41.587789633845226,0.31773993468857853,3.1014293041283834,32.44994470340206,33.521736316742555,12.82037025474105,1.071791613340494,2.3785715740667905,0
53.56864400322244,32.12448745445259,6.055963147279023,2.063832821692344,60.16944934399002,47.96570398150835,25.436286874356526,12.20374536248167,2.1306171585010625,0
28.40410919186951,54.22624757967589,5.393526449960877,4.947463321537314,49.2155429364349,79.5100062742061,26.268201516229947,30.294463337771205,3.814505187347773,0
44.823721087965836,43.513203839976576,3.864240487967539,2.79375982354776,45.374322961495295,78.84826473326282,2.3809979124090392,33.47394177176753,3.102767292591852,0
53.974892038354014,42.453272402563016,2.908578490708345,4.327902961789621,33.34468758587484,59.29799954169047,12.940944106872275,25.953311955815636,3.5408379025355856,0
43.50656830149244,51.17437865626588,2.122950988790036,4.820920443804155,32.594405334988025,49.94411776879446,10.365779809787556,17.349712433806438,0.8736293916374067,0
50.832509160018915,47.378598379599,3.5638977476181024,2.8263745687938364,79.03871076083618,56.55852703142625,4.191433959244184,22.48018372940993,3.1957376274775506,0
16.452794987862266,24.393952945010174,5.31038189675059,19.640360033303445,28.526237748021817,20.761172278677954,22.27113609370076,7.765065469343863,2.5607593051042468,1
47.73328185562101,43.43275709978105,3.477132252284152,8.852171227706105,59.1579259131399,51.40169871449348,9.675563731261912,7.756227198646421,1.8849923712665084,0
42.82948017545362,41.31866421418892,7.3339185344939315,2.944456248109148,52.43951704850266,58.61416029883925,5.900278247649481,6.174643250336594,2.94985412564126,0
35.26735356691432,30.043736891151568,1.2041160287195392,5.246834317202317,8.372173083378463,55.12340293230345,9.266334964245534,46.751229848924986,3.8734508269235643,0
36.02775882059978,38.477790134102364,2.9606384913434614,7.878927099140248,76.88676234707889,47.2604142195353,7.3683199212993715,29.626348127543586,4.8129826291357745,0
50.67482011564254,42.531677423868274,2.253882664672169,5.579815493707787,60.26125968164174,34.071148009245356,11.469075520809884,26.190111672396384,3.193721925858008,0
45.15566604415106,43.08039254806526,0.8297169136753344,3.399114382344897,38.48494768542787,45.099111366697514,4.6446709647553615,6.614163681269645,2.432682728030782,0
43.8919020431422,32.14214861058153,2.693832533980689,3.8657672249297774,49.57450243355607,63.992782736103955,12.921688123509762,14.418280302547885,2.3843979547852263,0
41.60887966142118,53.213324664379805,3.834658603320879,2.3347855605223033,32.76224948894502,51.528066632569534,13.104318045757203,18.765817143624517,3.7705058896521595,0
42.55848923615399,43.18317552886849,4.04846035990406,5.763392853915485,77.393307176917,56.504303373812576,2.339618786725925,20.88900380310443,2.202500704677686,0
18.335697978087445,25.58522623536837,9.509544400162724,15.190422528597463,20.551194988759846,25.153191074873458,12.930406385715663,4.601996086113612,5.002953998610521,1
19.53306570550026,17.732180638303124,4.843950437994235,17.824320660779794,30.820868996274314,14.319187576133857,14.781255289982695,16.501681420140457,4.170175470473845,1
17.353339437758144,22.702745296899106,16.028471293649492,12.556001008245342,22.197828518623584,21.448624530676376,8.821876144545111,0.7492039879472081,3.953509725256386,1
12.427648454096165,23.417341877585397,17.08412039772456,16.039648459808372,40.468009034913464,48.37755018538112,12.034165361405421,7.909541150467653,3.5253346565279955,1
43.36098668908226,41.06340283185454,6.3561112009051906,5.973028007608402,70.55474750208971,35.70566239594673,2.6806670505245096,34.84908510614298,2.71443343821894,0
45.251166924262215,36.827315674822465,7.796898571176139,4.2407462579111215,76.84061673642736,70.08454913304115,11.980003562704766,6.756067603386214,1.8334737669139098,0
57.86062645119608,48.58757994684319,4.062170261951899,4.429969072665503,44.01505783666555,45.698709925986755,9.640845315066494,1.6836520893212068,2.529402078946587,0
44.835515541195946,55.93339087041446,1.0146819690968374,2.3541027482752854,55.67388473476883,40.877729118099495,12.437296108396966,14.796155616669338,3.73371092921641,0
23.463613775584296,9.51555684765413,13.63444299025567,12.598201637543225,39.528187772234546,27.7018807716862,14.98429828064261,11.826307000548347,4.795531673822792,1
35.568612069613394,51.38382052112345,3.563868606410324,5.9252271494232644,35.275861033339126,64.22477553106363,18.176566994522993,28.948914497724502,3.1711589195927083,0
28.512573290648028,16.379228590243702,5.524709712054238,17.616095055884685,33.688244122486616,33.00808854259373,24.22473004423477,0.6801555798928831,5.571381927996596,1
49.87620836166881,31.21904216665235,4.396850268768744,5.814469320115241,70.44139343444384,58.41454488328552,20.074785246362957,12.026848551158317,4.270479465888335,0
28.159284495445544,29.079652780230784,12.29287780124986,23.079908399589648,25.766225097642636,34.53724503104193,11.707398883125029,8.771019933399291,5.567062765230466,1
46.60676074492568,60.43611911523808,3.0139698325118776,3.5263643139262832,73.72814140248482,41.609804810806004,14.341752851726804,32.11833659167882,2.0914508065527966,0
45.80632858115845,56.342454190157454,1.7276031175957427,5.426596353241264,68.18160069076707,59.12036836727506,14.235118844644521,9.061232323492007,3.5571863743334267,0
45.330299644699515,41.313712488162004,3.8022765225284587,5.464696159301049,51.227920116226336,47.13547172019695,5.679006793310101,4.092448396029383,3.3661872340557655,0
53.29727118926594,34.76292529016925,6.709974714961313,5.595131245371908,54.8894540799199,53.132470134991046,19.6491893686861,1.7569839449288551,2.565939271259327,0
47.67550811878817,35.47453841744347,5.0398572108555095,3.4095974937946076,72.6818921356498,67.32044852349507,13.831229418405606,5.36144361215473,3.0801801836556537,0
56.824575186851554,30.53013945908761,4.069407899272396,5.229094475301736,35.807696283054796,65.66819655693065,27.454122303793284,29.860500273875857,3.3537279910814184,0
26.00265829236936,24.057558263928055,15.555950996734573,13.878465860281771,25.688202796504275,37.78278519276222,3.622585164894108,12.094582396257945,5.214410407232792,1
46.087396537746784,56.845423664659634,2.257871942198295,3.7904559766369315,46.62331158972326,59.29047403430629,12.290611161351487,12.667162444583035,3.3671511639716645,0
45.67573429111958,42.86669894502205,1.9834697078333592,2.9730232724518926,72.87015114271351,35.08215630781366,3.798588910716064,37.78799483489985,2.5954281107520205,0
36.44596404995936,46.4185832027862,1.5044297912680362,6.685495206633531,49.921601038057695,58.756212419735576,15.15368456819234,8.834611381677881,3.420996035391679,0
19.070771239036265,20.146239912412554,17.29336368995975,2.9231836896073524,22.46735788262858,33.31152705377472,15.445648673728687,10.844169171146138,4.9164440673945435,1
63.59738644682254,40.7672375053408,2.1559882065818394,5.258952994228954,49.48537465141312,57.68469043545146,25.933113729128852,8.19931578403834,2.6225515827709174,0
44.86395140412935,60.284251653756755,5.416549481304278,3.8831553789602773,42.022345657831586,47.53832868033651,16.953694351971404,5.515983022504926,2.80329219021338,0
49.04016870619014,59.93675525997963,2.0493531646356224,0.3168687670308792,45.94917652783532,83.26106910478734,12.629070951394233,37.31189257695202,2.921678531260466,0
45.67614780652262,42.95110929055614,1.3945565675501672,6.25718813495716,70.6866710475285,38.48050438569528,7.5876700833734745,32.20616666183322,1.8436973303509767,0
39.29132264074259,39.3797258878463,6.885154357661263,-1.5157072590947358,15.287540259912973,66.57327566452693,8.489264863859706,51.28573540461396,2.4906726027440573,0
30.433917777583872,49.5779043711225,2.097249537837313,0.031743866484782224,31.41551082792744,36.52452520347502,21.20949226489116,5.109014375547581,3.0519244124742286,0
39.35381213523708,41.21980045984914,3.307056914500702,5.054660158961344,39.11792435962847,59.56516261943982,3.613591569072703,20.44723825981135,1.919207171688918,0
19.527706427789987,13.236994603489073,11.752895750917757,20.953498087775024,35.763560176138085,46.85400523570422,15.491314161158181,11.090445059566136,6.239393476617754,1
58.632816624472945,54.24990922818384,0.7266137621583697,2.7248402842449284,72.64969415623233,52.82463807343428,6.381133918375665,19.82505608279805,4.907715982697498,0
44.079122448614086,53.73157909821664,5.470967539006138,4.29564418060649,68.86515466779807,44.57013384184444,10.827780008002204,24.295020825953628,2.096593308143045,0
42.23264536762264,45.244092830108485,4.274238080822455,-1.0628600915560096,58.88047714091923,54.117023361179484,8.348545634864312,4.7634537797397485,2.6929488698796566,0
25.208623320294258,38.264765794243196,6.77160662240347,14.519278560377552,43.602949929499104,32.3242611782243,20.80381441192302,11.278688751274807,8.139028178073628,1
36.025991177152896,34.16378999026091,1.6415561255637994,4.499450974107194,70.02577800191204,78.84904729459424,4.7200960354353825,8.823269292682198,2.9065039968373307,0
19.352413765682797,16.73509586706621,14.246293882284418,18.41930556965996,35.038599341724904,35.36338561665531,6.790329585992131,0.32478627493040335,1.8331492610269593,1
45.544578153988965,40.00103172395974,3.078711509988391,4.041682964275544,82.12973960221905,43.66129755528998,6.506517884316377,38.46844204692907,2.805405501366054,0
53.230151931387844,41.271256542867135,3.527776988700044,4.986508352386064,39.73055304233674,56.27103335604004,13.41762675220673,16.540480313703306,2.4251623718800857,0
49.013480361350304,52.17570524048003,0.090770502845678,3.942196953004278,46.06947167237843,48.159193144071224,7.013651329288324,2.0897214716927976,3.8441022530958597,0
28.247404471619603,22.615873171237986,8.136692916416143,19.58683324738924,34.732152090075886,44.36848707354141,17.081671631354716,9.636334983465524,4.9585776217622435,1
45.624941881888134,55.0251414439809,0.14707217715250964,8.392664469045044,33.90338878851985,68.05527753045641,17.6457918539853,34.15188874193656,2.197621874429424,0
16.351987650962954,25.79935186069056,14.714198618484208,18.006183940758365,23.488237061082245,22.869402619396926,12.739349532001764,0.6188344416853191,6.169719246888049,1
21.807086586365514,19.674221004020524,4.500537377993156,24.309574390750864,32.422442324896494,22.864001743969375,21.941902595102697,9.558440580927119,4.299891446235928,1
36.76022180178451,50.071853563680904,-0.7031736685811731,3.309725539046819,68.23205813119681,25.86446160623126,17.324530969524385,42.36759652496555,1.748735848870679,0
45.36863377306521,47.58462672810313,4.6370974328799965,3.5279316196879185,31.644960919088437,34.06275344643895,3.325158768229997,2.4177925273505103,2.9975660100537542,0
36.410490728657976,56.259043060700975,1.9063230896104346,6.1576991330179265,52.71406740505999,88.06936738108705,24.09992837545049,35.355299976027055,4.525811539471984,0
45.648660343206586,47.36429364723256,1.0242838527355183,-0.31853787063953565,57.81543033997106,60.97252200929134,3.058455027401025,3.1570916693202804,1.5378686968672899,0
14.191080780438181,16.124198618304188,8.593531039253168,24.091393518714106,29.086187395720568,39.37606764476963,17.430980317326945,10.289880249049059,5.589322276610874,1
18.584305516281166,22.980162129494804,15.864501302121244,15.96096124729348,38.804813009141135,51.801963416895894,4.492316558385873,12.99715040775476,5.173233098811506,1
44.68084492998631,52.49733958070928,4.744180391067568,3.4298089683433233,66.13250031695955,63.380707372478646,9.130866073447217,2.751792944480904,2.4861428803104317,0
33.76608346990729,41.41188042572434,2.667515855358339,3.054998213830191,51.823251241777314,25.501532387196264,8.033279314288906,26.32171885458105,3.489558853797235,0
21.944893646760917,28.367537551072708,11.53404658947586,10.335257649134897,26.090005584763613,32.512435116530206,7.6214328446527535,6.422429531766593,5.067417727951354,1
49.1548699651031,51.2875552307158,1.7909722788804099,2.7902512019816332,22.171241906710048,39.7023382216015,3.1319641887139236,17.531096314891453,3.113569741927341,0
19.028654340107405,32.51916881239352,13.76197798465335,13.246633031707018,29.133058464146224,30.634428907968644,14.005859425232444,1.5013704438224202,6.718991373681217,1
40.284380800490254,49.83389559448602,2.8772679198001745,5.239313383526296,86.75683601197251,59.57726605681978,11.911560257721892,27.17956995515273,2.0443282823825033,0
32.340576207810884,43.334625824523044,-0.30902078982549197,4.909345481885161,34.77118589980578,56.74670137873323,16.212415888422814,21.97551547892745,3.8190086481098433,0
51.53469609144785,55.018680236226736,3.965697491496217,5.102796685556484,52.55670575619449,53.26930072590323,4.621083338839155,0.7125949697087393,3.5437654373056695,0
33.955210352802794,26.464170749760953,3.6295251229103274,3.6461998190183147,66.65745918637366,31.55355769629522,7.5077142991498285,35.10390149007844,1.808604599120873,0
41.51075646794012,32.62212398794501,0.8973563715215405,2.8565228355496215,30.95521600848048,53.49720503232463,10.847798944023191,22.54198902384415,3.4471204189934186,0
42.939036115912046,49.453073789347116,1.1555614457305705,3.7622950359584584,42.800648463724634,66.40842030224843,9.120771263662958,23.607771838523796,3.0582449030900847,0
44.442932373599135,44.112866850025,2.9506047138300153,5.0023241401369045,37.097618311078975,44.01269355850309,2.3817849498810237,6.915075247424113,3.0728752079309833,0
19.30301399668383,30.053080787469124,16.24320028722379,14.70696462108764,22.853871878757033,39.689915363449174,12.286302456921444,16.83604348469214,4.3736945523001785,1
23.698265758623357,10.395473527242537,15.59824550695323,13.796487140763452,16.616581746780604,11.468454901524947,15.104550597570599,5.148126845255657,2.620181543853176,1
42.810165982665914,48.567565556830985,5.106242905047606,4.618276374669596,52.38554397097602,52.09821837577561,6.245366104543081,0.28732559520041434,3.0560791671539183,0
44.88583717640489,37.48477743205447,2.011004052370045,4.124301812171454,37.373988965088486,75.0299160006492,9.514357504151828,37.65592703556071,3.1931619400322306,0
46.1967836601503,48.563888688637526,0.3365050312036475,3.7013731562566496,43.35813593108229,41.77900130950586,5.731973153540226,1.5791346215764293,3.596846351108423,0
45.78261739766338,51.955316225660674,4.882133102903861,-1.1322387718648272,40.542522286298706,67.80978225065611,12.187070702765983,27.267259964357407,1.778271173297535,0
48.48804620178064,53.76440483144986,2.9527640411630873,3.120293473799188,35.3409670756549,81.61978543332714,5.443888062305319,46.278818357672236,4.032708717192883,0
51.7507160771339,60.108434357189594,5.4323315535645085,7.578877422154747,48.46942698772303,54.565661033862256,10.50426414864593,6.096234046139223,2.0757677255526295,0
48.141072925207745,45.952787548019096,3.875904525959511,4.025802591136611,58.62239726692793,44.094745189250396,2.3381834423657493,14.527652077677537,3.6093027713171097,0
48.62868418807375,46.191288694777434,2.9969709941039078,3.385420322650564,57.35386166642779,40.408917955749644,2.8258448218429706,16.944943710678146,3.063556079418224,0
32.34221466602818,31.81462028660922,2.6945401100396875,4.033812391180225,49.87651453145734,71.56904055020988,1.866866660559495,21.692526018752538,1.9750749257610418,0
45.401821593325444,39.7487087908926,3.9654255211122758,4.709545737256017,50.855807552380455,71.15041299009474,6.3972330185765856,20.29460543771428,3.4225163757632036,0
24.757748852870215,18.08483024070013,8.162580157407508,12.31296810548093,25.138635331511676,37.57863029887614,10.823306560243509,12.439994967364466,6.285601870086315,1
50.8315295565636,52.40255641821084,1.2948548225070011,3.5422396736841164,30.5418269125059,51.50742474016079,3.8184117128243558,20.965597827654893,3.855036444126112,0
39.46119380612964,39.11199100728297,4.219818245309288,4.849839204787368,52.40202345474309,67.56710412290657,0.979223758324756,15.165080668163483,2.4313321291990047,0
39.72768580089084,50.37072015799066,2.711024317111141,7.353301605522719,41.24561621818025,51.26740913310895,15.285311645511399,10.021792914928696,1.804011121915698,0
40.40719459773121,43.98702626429296,3.0671352961380123,6.0125015988654305,29.789851712608435,38.75417317587461,6.525197969289163,8.964321463266177,4.2270760840290365,0
9.363862898242523,24.373593008577654,17.882647962609155,9.957592863568419,20.68842149843399,39.271137633387426,22.934785209375868,18.582716134953436,4.121590897194685,1
53.27104843939367,45.99115175306605,2.772246784528518,2.6864592832965672,40.82404945372183,76.50805417417307,7.365684187559569,35.68400472045124,3.6937529006090526,0
16.98589672108019,11.914777244571278,17.384413695449922,16.556308498337525,57.06687940975501,44.626258523490485,5.89922467362131,12.440620886264526,7.234080794648522,1
52.26369850901639,40.567702015258675,1.8007009770981361,2.4186527201548107,62.71456722604141,36.40853555648995,12.313948236814394,26.30603166955146,1.4865515706334393,0
45.98783847331676,30.361712753679086,3.8614798679637015,4.707132293480926,35.74641918282152,52.59972901345187,16.471778145154897,16.85330983063035,4.340161939270222,0
16.46187052588987,25.5378353881444,9.224933570012999,8.662111477334612,30.748518122156177,32.55753103492773,9.638786954932916,1.80901291277155,3.1597950585707215,1
43.30892616145625,40.16025483081019,4.801550263581116,2.9784456161910553,22.84365677404458,34.9927120936907,4.971775978036121,12.14905531964612,3.393081515330837,0
50.972890916817256,39.87215208520736,1.8417423259862478,4.175928554948551,72.98799635913915,55.40523605433859,13.434925060572198,17.58276030480056,3.5252766244786153,0
47.60462253429656,47.334984500720324,2.0843660608196286,5.820922204903682,29.61400254666827,43.14359568910372,4.006194177660289,13.529593142435449,2.7316871575874484,0
63.2066034211811,49.269055622324075,4.584274798290939,2.579458203376184,42.27770506403938,62.512436497375035,15.94236439377178,20.234731433335654,3.180983638092413,0
18.15396399776277,26.446442684093718,10.362719141653258,14.488668248912038,20.958611568985198,24.087728233530154,12.418427793589728,3.1291166645449557,7.059069309215553,1
49.14481361623981,51.963321523595795,1.1875637476146108,1.2308067505453022,46.48215610878521,63.57704500411269,2.861750910286678,17.09488889532748,2.974047016896536,0
40.766391921507896,48.60449540664292,5.613108135469002,7.879382885456769,32.039034705495496,49.62677783773438,10.10437823512279,17.587743132238884,3.75368105313566,0
38.04570410409085,41.63955048155486,-0.39690113680050176,6.002652269599184,60.696098484298034,37.94289214478436,9.993399783863698,22.753206339513675,1.4070024159755026,0
44.913062903720224,40.29714971428496,4.568569506527504,3.8205488473444427,60.35798693226778,52.955349331403326,5.363933848618322,7.402637600864452,3.8990085042553715,0
46.098819835256286,46.502577894134774,0.4695759280036067,3.194663577526537,40.502204909521495,22.93040028267471,3.128845708401418,17.571804626846784,1.782396561595221,0
68.34538844048075,48.59013687921521,6.771577032971054,2.9859434744179527,42.12610218829401,43.6135814184259,23.54088511981864,1.487479230131889,3.8075270592268007,0
43.526833474534385,55.182754456251985,-0.08919945381124661,3.7284087194859703,43.468865440728706,57.061016054869924,15.473529155014816,13.592150614141218,3.312504976361017,0
21.565922369324902,19.581604791779668,19.22267551246506,16.954349539009797,17.905775461081657,29.286608347739904,4.252643551000496,11.380832886658247,5.086045519007602,1
47.18408573995509,39.66821594794265,2.836731279977512,6.510452493269163,21.6054338461729,13.432947203418834,11.18959100530409,8.172486642754066,2.9203294230336563,0
28.402879699629054,43.1839497589819,2.266794860322512,7.937308200769168,47.278642083228505,16.909490202802488,20.451583399799507,30.369151880426017,2.7978151253141323,0
17.70454844890504,25.288401548243023,4.229717714250374,-3.17600113770051,32.66826171080387,48.7480167793573,14.989571951288866,16.079755068553432,4.2150036877422945,1
45.128202258361284,52.543982224471776,4.263800678315626,2.3087430240211915,36.56045049144944,50.84861480855906,9.370837620404926,14.288164317109626,2.835218977095963,0
51.35680306356169,51.51175574963834,1.191198995338261,2.9085479187276118,41.24759609795355,44.01301908989219,1.8723016094659986,2.7654229919386424,4.766447262007271,0
52.788977995422776,43.488977337349226,1.3684245496628555,3.6338184307774313,32.24573505205406,66.17732103500245,11.565394539188127,33.93158598294839,4.041845368627784,0
40.97144304873826,33.96781878057187,4.299209730225772,1.939755789406449,59.18242889593031,45.93325476296334,9.363078208985714,13.24917413296697,2.303197457182053,0
43.79508788296054,36.00850899003527,-0.41468590729919974,1.6421171957852425,68.04796037213565,56.026928498000984,9.843381996009713,12.021031874134664,3.2141499218618304,0
19.51688164992555,28.51133358196979,11.56806525594956,18.584397674097257,32.74930781070087,38.33301236255648,16.010784350191937,5.583704551855611,5.234580366583881,1
35.97549956153845,46.73780463539477,9.08137390831888,4.605227051892508,31.279841166595098,44.93500868870533,15.23845193028269,13.655167522110233,2.8861652455922626,0
47.47915823504508,35.210565012524924,1.0639740708214382,2.333733732639306,57.4968759574544,56.412188258336585,13.538352884338021,1.084687699117815,2.1977779546900167,0
23.041230958424844,20.519653455313357,13.337498987493195,23.853209362313365,31.485310156415046,40.07419182382428,13.037287877931657,8.588881667409233,4.98338885248917,1
41.68298479542509,49.049794855774266,1.8280984625723757,1.6433077503863087,57.64494661565185,49.226400744745185,7.551600772535241,8.418545870906662,3.676857303931709,0
37.0386083208061,34.79018673994285,4.018090289594288,1.807975904257893,57.17614525015665,45.09166640268078,4.458535966199646,12.084478847475872,2.332881051946576,0
49.39746549032208,52.83997761443531,4.308711381192435,2.39391519787151,42.92536132047262,46.8623138800082,5.3573083074341605,3.936952559535584,4.564433133831366,0
16.237823813234826,24.158085086117925,14.041008889620073,18.160758148453866,23.94430344696568,26.421077400963437,12.040010531716892,2.476773953997757,4.358441444204177,1
34.58729613757335,54.06090490061321,2.599492346374449,3.4942398684432523,68.54477269559608,56.24589319763368,20.368356285108668,12.298879497962403,3.438532447160986,0
30.175852136819447,39.7323804337928,6.977769277509706,-0.8834139738049736,54.92313452643146,33.86333066517173,17.417711548288032,21.05980386125973,2.0146242378649495,0
44.00090491719946,35.78699613692657,1.8213268708296393,6.420131866351186,31.275878659554103,61.44578086178386,12.812713775794442,30.169902202229757,3.32112690078765,0
45.12558236766207,40.334904081266245,3.46844082719912,3.387237271675285,43.15937488571043,50.64363848987059,4.8718818419196595,7.484263604160162,3.225582401251572,0
46.74927445405838,43.23881501538144,3.490553864435215,0.3011839882431886,68.1391930833349,53.57681644795661,6.699829314868966,14.562376635378293,3.4105242209747972,0
41.42943587812524,40.89216074582815,0.7560637601011693,3.3666330240731805,54.87114980526643,62.50493755909304,3.147844396269101,7.63378775382661,4.272371417831788,0
14.481650857348153,26.378637622205172,15.055611634302577,13.0434844802977,44.050555856028936,16.805881091256936,13.909113918861896,27.244674764772,4.513507966045995,1
47.940083284324814,46.671721197409525,3.3230269984768146,4.808098333065939,41.6897670012995,57.53872665026435,2.753433421504413,15.84895964896485,4.638261263724595,0
53.32344714115871,42.630565041628806,2.1357579137411604,7.596829958329638,67.82898770801653,56.01431578843997,16.15395414411838,11.814671919576554,3.325203476795,0
26.6528745201952,26.121147466073538,7.834188192900726,13.704579704596846,39.2118903782456,19.698078833035254,6.4021185658177835,19.513811545210345,4.909931842891301,1
14.016056767868442,9.608183349756338,16.01346357091658,20.98711599902454,26.678222060692615,44.45725077602997,9.381525846220061,17.779028715337358,5.346265485859036,1
46.71047035152851,47.13358412808378,5.358848936280856,2.600861442843156,71.63887432168059,60.92857546082746,3.1811012699929755,10.710298860853129,3.663913520016072,0
37.656191163114116,43.286373618466655,4.712919626297573,0.9156142116255541,44.6194063885075,62.55181816628974,9.427487870024558,17.932411777782242,2.6362128904340216,0
58.849357054138395,56.88234384386297,2.9722757309914574,5.771054744611909,42.49746353939145,53.70403038966826,4.765792223895877,11.206566850276815,3.067373271157154,0
17.951567036852513,22.948563391460716,11.358199826937465,9.705709955710027,37.86120547598246,44.431035778482936,6.649486225835641,6.569830302500478,5.691816903506424,1
23.561610797900812,22.200660807838904,10.879555968999975,4.094123811671613,47.97544844685987,22.50720493294265,8.14638214739027,25.468243513917223,5.311596797851699,1
49.44817677473833,48.944547951440335,1.9640654015669805,4.853580386517289,71.46529670187883,51.095009163699004,3.393143808248303,20.370287538179824,3.10712629523596,0
16.911791615331516,27.94714667756,9.535889825128177,18.973206017868293,34.05029604444193,32.65863066319757,20.4726712549686,1.3916653812443585,3.767693860704682,1
30.227415617564663,35.93253583575083,0.9930691484014189,1.9886098253636133,58.077040808817415,28.24765898330325,6.700660895148365,29.829381825514165,1.6518443753536733,0
41.57076378466773,31.76200835996727,0.03504696927271489,4.075294744338721,28.532198512296695,43.54294803543435,13.849003199766472,15.010749523137655,3.0851354581957695,0
53.235524447416324,56.29917384547432,5.691750006355433,6.322422804823228,24.67967233104687,45.95991160086697,3.6943221965257917,21.280239269820097,3.1120222577807097,0
10.58424895970708,21.373849303371482,19.109179072121815,14.583338996878265,53.970239182011866,26.020545353758664,15.315440418907952,27.949693828253203,6.794595944488134,1
38.22852558832817,24.100345930350965,4.57194819773092,5.590865413614866,63.20394808401075,32.480120739627296,15.147096873861148,30.72382734438345,2.5390482343150427,0
22.186565935194803,13.1248238898534,11.83067241735915,21.163641710341423,37.24094202506093,22.789740717734716,18.394711338323674,14.451201307326215,5.198031382378264,1
20.92587768414957,22.83791004529538,15.627336585491705,19.797540285116646,25.29169623496218,24.51842062701409,6.082236060770754,0.77327560794809,6.8312607769129485,1
22.12722432092086,22.39014778713268,6.19266101932626,18.78867057104952,35.41379372635238,30.73070799928528,12.85893301793508,4.683085727067102,4.21461270711607,1
46.195648717306476,40.07510212778678,1.7784746885365255,1.9481133206011436,31.874720757566017,50.23048623746974,6.290185221584316,18.355765479903724,2.466710950233943,0
51.1660016769503,41.73792537896505,3.21333931073409,4.0492947564210855,40.03578538288519,43.88246354821747,10.264031743672245,3.8466781653322855,2.6463352113569902,0
64.05370825386036,35.032824209854724,4.494117655648246,1.3303463648230136,39.46554180213146,59.43379213764561,32.18465533483087,19.96825033551415,2.7500691489351103,0
51.61788886125939,30.361794046175646,0.3575815362877419,3.7518455477939208,57.89428803022969,38.72008658493492,24.650358826589923,19.17420144529477,2.5045790645705677,0
54.278719731106754,52.42037848587799,9.193177792285098,7.272210221192639,43.674322222347456,53.34751183192683,3.7793088163212243,9.673189609579374,2.4454313379737336,0
24.150959059313053,30.937596456685895,9.641684016255489,17.263812939240328,26.247048302865792,61.42752646005437,14.408766320357682,35.180478157188574,6.703091680689613,1
36.79305515224419,45.97817161687005,3.2839789011511855,2.1537616315269403,63.373676850426754,43.00368642761781,10.315333734250101,20.369990422808947,4.12052525965456,0
45.49865079695299,51.09263594206119,5.5137560633498435,3.8551418607154337,23.600721108918055,56.45937441558109,7.252599347742616,32.85865330666303,3.544080546674344,0
45.85735932207677,32.390189608790735,4.829910666020448,2.3312473764905244,33.931726654839366,55.520765992632334,15.965833002815955,21.58903933779297,3.99825661852019,0
36.37189806908322,36.60585277923943,3.0761560387929183,3.87497246364558,25.659401438841968,45.744667261324594,1.0327711350088662,20.085265822482626,4.15947180516867,0
43.597643760767895,53.70543350713272,3.260258876196084,6.082215633049126,53.1068191560631,47.95884072500998,12.929746503217864,5.147978431053126,1.1200961620536152,0
48.19454081375305,48.26313376181632,-0.008297061895957913,5.306015876619807,52.79071568226818,30.19590332335714,5.382905886579035,22.59481235891104,3.274763713622461,0
23.678109986228733,22.084029804228283,14.026350686789103,16.82213038567674,35.30423463975238,40.653749705965645,4.389859880888087,5.3495150662132644,5.596341942241744,1
49.03430282707418,53.61799202688937,4.034420432317921,6.384954805015143,63.70739984218325,62.311845968170424,6.934223572512412,1.3955538740128262,3.8934477154826785,0
11.716883961611131,18.451631620971717,16.417910815349867,10.578619818197913,50.850296762606916,38.77766566180804,12.57403865651254,12.07263110079888,6.9390987980965075,1
17.377759318686742,31.33119120488405,11.491365612500463,12.56389529165889,7.107727358159348,34.65006359068304,15.025961565355734,27.54233623252369,5.739512707699827,1
40.88879498680925,36.7987181770107,2.758997883553351,3.5951136516333286,35.34602268364155,43.0676501126607,4.926192577878531,7.721627429019151,1.8527633114775182,0
23.607396618786716,11.5647690869632,10.467620315360826,19.40403426742111,37.128048049548624,16.417701514321298,20.9790414838838,20.710346535227327,5.924749767974658,1
59.27820031348076,46.29109395164312,5.113460861551356,6.611553156575042,58.886315110809605,23.034077619489814,14.485198656861325,35.85223749131979,3.731956210022649,0
23.787475746687427,8.352273812762803,10.922024977184055,21.42879518255283,31.76212705638623,33.07808328311235,25.941972139293398,1.3159562267261187,6.61536227355951,1
43.201175553641185,51.51165742587881,4.796489145712458,3.5178915708120715,42.91381783837487,73.80826732822204,9.58907944713801,30.894449489847176,2.037881387891085,0
23.476014500419996,40.70608677524828,5.353676043288032,9.297107552557229,38.68175479555894,25.998435049911727,21.17350378409748,12.68331974564721,4.34682512698332,1
21.418755118307505,21.92773868224041,15.441330237666882,16.540641682682523,22.74112416168006,24.063835003466224,1.608295008948545,1.322710841786165,4.312946339428744,1
15.060633295496254,15.275394095822502,0.930698309590408,14.614098619431518,32.9919562218009,35.17258581278982,13.898161110167358,2.1806295909889215,5.678592074837961,1
15.765745169373176,21.655615217279237,22.859267757945286,17.7143186017911,28.16683157976696,14.508371981419181,11.034819204060248,13.658459598347779,6.588949482865154,1
48.326694690288484,38.98361108241807,0.37652661550975086,4.487240042979648,50.369389828351956,48.19572281579569,13.453797035340308,2.1736670125562654,1.6878275290993763,0
49.80170372595422,29.855546246604824,1.827429900895696,3.664736949023272,32.332454673855445,43.49518129235983,21.783464527476973,11.162726618504387,2.270852689129694,0
52.66345644172547,44.15636675838545,4.250952000608102,6.226001398277361,43.62883415193488,24.009734896832637,10.48213908100928,19.619099255102245,3.658409085539418,0
59.460868062154105,43.57795913599387,-0.2096086217961255,6.062085477565322,63.54374827120937,68.98933686657624,22.15460302552168,5.445588595366871,2.3514093375828184,0
49.0492612436857,49.22783185561393,3.338806149824139,6.63721565635609,34.56305482882543,51.71108865889953,3.4769801184601805,17.148033830074098,2.7799892221959617,0
36.55175360026666,44.55124906496778,3.7606733006317654,1.7642113225595848,42.435319497435245,41.059872115554064,9.9959574427733,1.3754473818811803,2.93780747773496,0
29.557095435698617,26.360764278410823,11.424000089193356,12.982033315065449,40.2847900919011,43.34538331008075,4.754364383159887,3.0605932181796476,6.286640771789803,1
47.46265898011108,53.4160050943227,5.620389712108601,6.228164872270877,53.703303522984,54.29508059767998,6.561121274373896,0.5917770746959761,2.711346254293088,0
20.947399106105404,29.7182928219732,12.725844253922554,15.970105022528996,43.8238274568994,16.669984213965698,12.015154484474238,27.153843242933704,4.282249973571123,1
33.81755617260562,48.29111375078061,-1.325358021029059,0.9571340381713851,61.80290103102735,48.74352906509987,16.756049637375433,13.059371965927483,3.5835631118542732,0
13.725386659988537,23.66531508096119,12.158278896534593,15.80352275639231,38.741698718965,23.173211778394034,13.585172280830369,15.568486940570963,6.68860650930703,1
20.923552373905416,16.401363536877344,12.65379098646991,12.24571264835669,58.39622914807913,41.34801662695654,4.9302671751412905,17.048212521122586,5.672101063543234,1
51.702644281835845,34.29874293901349,3.511888754156693,7.579581540616801,48.7759711347941,76.28983114484957,21.471594129282458,27.513860010055474,3.324699140562067,0
44.18404226691254,50.255540283615346,-0.4604442522909711,4.592369107976927,42.307717858154845,60.46175389600297,11.124311376970702,18.154036037848122,3.26134279864776,0
34.34201527833384,19.338359018755686,16.551431103877487,19.950623934464083,36.93517664225406,46.147453379682204,18.40284909016475,9.212276737428141,6.329819027038397,1
51.00698223521066,43.891974043256184,0.6663544609318675,3.261512216768486,54.60541276894044,50.300878700827674,9.710165947791092,4.3045340681127655,2.4983622661968314,0
50.23544821684497,35.14613609816439,-1.0300168790141813,7.181670667853943,44.34266325783091,66.60935040318881,23.300999665548705,22.266687145357906,2.176044221023509,0
52.77645572591778,41.60245203253689,2.994169697170411,4.717108919779642,41.462453334788165,53.69487651366993,12.89694291599012,12.232423178881767,2.44832212310408,0
44.893562916970915,37.89227757352711,1.4043557571144407,3.1830009636875873,43.27569103632017,38.018031773297025,8.779930550016951,5.257659263023143,2.7391765467540248,0
40.2014238134412,47.06764011883373,8.250611160537822,2.411832586789106,39.744642723136224,37.51761713502947,12.704994879141243,2.2270255881067555,2.475339244205779,0
32.52970403980927,36.07127091734709,2.662456121124181,3.853053890871564,52.98531669144098,58.33726932901408,4.732164647285208,5.351952637573099,3.3310653907871326,0
51.55498614511525,54.638354921640605,5.587506311731921,2.044706325690389,28.811252261839087,38.38931672250256,6.626168762566886,9.578064460663477,3.161516172851401,0
48.39111585955189,30.595356403007244,-0.1381980493864492,6.057754883357888,54.54524438712444,51.06653414541251,23.99171238928898,3.47871024171193,3.2474587989761745,0
23.016237502856967,24.017667335485374,17.133418309152823,16.78735092924362,31.141690834881285,23.162767018131582,1.3474972125376112,7.9789238167497025,3.723679051721462,1
40.691410613627006,57.41760407972877,3.1937957520686293,3.7209719433338586,41.286812927340534,56.55955266841501,17.253369657366992,15.272739741074474,3.9565311502276264,0
23.19330084321551,28.34034946768251,8.562161106207933,17.405729453825934,24.860037216716613,45.42035330975729,13.990616972085002,20.560316093040676,6.543194924855454,1
33.13612454414066,33.480970684764706,2.1555986303905112,4.684238840219314,50.2643196646528,73.1498126742421,2.8734863504528527,22.885493009589297,3.8066955470676893,0
38.45854082715893,45.75257250030135,2.5640981875129225,2.565434053968662,26.57985525350167,60.218128554920526,7.2953675395981605,33.638273301418856,3.413268286383334,0
35.92935714554917,40.196862062283664,2.532184029110211,5.320517413413098,45.78135640494994,67.26689480806134,7.055838301037382,21.4855384031114,3.9037068293080686,0
41.7001679048965,37.31303795505355,6.710237146070693,2.2279212232281846,50.93984217403695,17.986624851860462,8.869445872685459,32.953217322176485,4.291703867509257,0
39.0904200133635,35.23303351361026,3.7564525708630203,3.95523068700638,56.73451333355321,56.96279317394119,4.056164615896599,0.22827984038798377,3.4613196639832564,0
31.983960633066012,66.14698884500754,3.9590211258826065,5.303683143960711,46.1385421383373,64.6323675456984,35.507690230019634,18.4938254073611,3.083014599737599,0
61.18072184455585,41.98758479852691,4.079309548690141,4.925825558986227,34.826445864434135,77.50432963446988,20.039653056325022,42.67788377003575,3.0778462539546463,0
55.020325848233846,28.59546111733698,4.225252754674225,2.649921977161064,33.57529072831576,30.042721237734376,28.000195508410023,3.5325694905813805,2.6238671363505293,0
38.76784462784011,55.94967807204427,2.8342260322502693,6.394989033128727,40.196010722274934,70.091718837918,20.74259644508262,29.89570811564306,2.596982282739155,0
47.17937117322888,48.88856724088457,2.358507257042308,4.173389142971068,41.633369562218554,76.66570428551867,3.5240779535844498,35.03233472330012,3.7216937306492284,0
48.33972071857036,37.868268551841695,3.333632119036555,5.485990821878303,32.97538752651114,21.740665340815312,12.623810869570416,11.23472218569583,2.229063766041955,0
23.32708411845889,21.11716297111536,13.265095121038854,16.536546768681692,24.611896411028823,18.79206596380501,5.48137279498637,5.819830447223815,7.312395003776473,1
38.45115978671937,49.38778236926585,5.252476376872767,6.235041097549214,59.89187786659032,61.26431221511053,11.919187303222923,1.3724343485202084,2.8786213976767843,0
53.73685427185941,42.02465338008436,2.5192030486231776,6.240258812662088,74.7261891154173,47.09488506022141,15.433256655813958,27.63130405519589,5.289662314498251,0
18.109960504908916,22.47063547650202,15.235954436916035,22.107516426165468,18.658723375215672,39.23160112654953,11.232236960842538,20.572877751333856,6.780825651899415,1
34.31310076665109,58.29791971683735,2.610830673920664,5.587870241821019,69.58791629280219,62.017808699317335,26.961858518086615,7.570107593484856,3.200151135984268,0
50.79309247451598,40.528076302272346,3.0677410988704885,4.427193149128632,64.61177702350547,42.77527369884052,11.624468222501777,21.836503324664946,2.718520583801265,0
18.92166181226184,11.693967109819623,19.48055477128522,14.05009288251461,16.63730363448646,28.43787549872373,12.658156591212826,11.80057186423727,4.386241727380258,1
65.70327178824547,54.22747966372572,2.636709722187533,4.605487585010085,44.933056054140074,64.18652351235882,13.444569987342309,19.253467458218744,3.851040280702975,0
35.40219787927829,35.991923644137486,5.68266013909936,4.512721967476931,52.113663175804206,78.31064575490296,1.7596639364816244,26.19698257909876,2.115556644481755,0
50.59135748064631,52.265518914905186,3.1848422946784725,5.167458723043638,43.690709863159675,60.06976408813027,3.6567778626240433,16.379054224970595,2.4591403944206123,0
41.72159004965174,38.78845960109055,3.270565017104636,3.7440060495732097,46.713392564995594,54.002267431217675,3.4065714810297605,7.288874866222081,3.4690557671319286,0
51.26686968419225,29.066395305568463,0.10556444148408328,2.4770888864722984,51.022506505798795,44.25403773008844,24.571998823612002,6.768468775710353,3.595968648759524,0
33.236083590149995,40.60321467182286,2.381512184734541,5.313012166350454,60.7034922736854,36.84099939023416,10.298631063288779,23.86249288345124,1.8864916630179833,0
34.89784179441149,47.18110001421023,2.5173701925105427,1.373455425495504,56.349850722726856,68.64367362251424,13.427172986813778,12.293822899787386,3.4653415081722994,0
38.793001414668126,40.298106816029296,1.3417130291131898,6.9176382717129385,47.57256105478466,49.69825223309673,7.081030643960919,2.125691178312074,3.103119930733071,0
22.770288855579537,26.619812388011336,8.0784469940661,16.202438247338804,31.563251439554435,30.704962863726625,11.973514785704504,0.8582885758278103,7.167944581217212,1
15.69148464871871,17.35022305561609,20.54128449590383,16.41612479305359,43.78229846670149,9.551107060415731,5.783898109747621,34.23119140628576,4.798761363048436,1
50.27243475130736,44.85195184232074,3.1599917104871644,5.117116306563144,60.01091657086752,42.26067007958483,7.377607505062601,17.750246491282695,1.373238857641279,0
53.21515694606332,37.25361350972038,3.243006019637869,5.181376089688381,27.21507255114196,58.31198333241274,17.89991350639345,31.096910781270775,4.373955542238062,0
49.79662032996285,49.61624258933861,1.0884912843547112,1.1820314000965304,33.839165541515946,50.851960910974,0.2739178563660567,17.012795369458054,3.8123363319816055,0
57.95030111728694,45.581404535633965,2.2025964350336213,5.648173161088527,66.60965800909014,33.91707093083893,15.814473307707882,32.69258707825121,1.9686839918574248,0
48.326613035642744,23.827161588303657,3.154748565521667,4.606307656752547,49.086956451034126,79.26052494672771,25.951010538569967,30.173568495693587,3.639126138233437,0
35.26482631727866,47.42682331017159,5.368598862313451,2.7294772308827824,43.63885109949532,42.595243393425434,14.8011186243236,1.043607706069885,2.5407821248402667,0
18.941665090344117,28.283658451356775,6.5368162877962215,23.958911368066794,38.89317907329353,33.095822504383584,26.76408844128323,5.797356568909947,4.815865100538234,1
40.15875011515202,44.16096903664688,1.6761296401651447,3.331893835886309,46.04442041635169,64.62784944094722,5.6579831172160295,18.583429024595524,2.603141144672734,0
52.28334799748456,51.1336046485566,3.7980095184877047,1.4025166267790161,58.369066722865604,33.10805852628465,3.5452362406366515,25.261008196580953,2.7093167239136333,0
57.58987373244085,38.62085132538798,6.415097778643521,7.444534781974051,33.37975409028849,36.964185330752734,19.998459410383397,3.584431240464241,2.769322185793868,0
48.653504085843196,46.69199831056721,4.833412945178037,6.9723026502866885,50.37166619745142,47.47735990449808,4.100395480384639,2.8943062929533383,2.4741157266709495,0
26.384826930440937,18.244503893892386,16.70883514966766,12.737878675954793,28.911461192672988,36.40479797387217,12.111279510261419,7.493336781199183,6.813273741935451,1
21.69011740550854,16.130470371637138,19.33653825744956,11.162464816630948,31.680256017595315,38.761882715783464,13.733720474690017,7.081626698188149,6.545891802757788,1
13.964891760713922,22.733458027282396,4.914309794224624,4.280165841890028,22.45675361453593,30.319931935504325,9.40271021890307,7.8631783209683945,4.58577574718749,1
43.64701851485747,36.04114918025967,5.1512535880353205,5.516131412347936,57.738593454710426,65.34623564221103,7.970747158910414,7.607642187500602,3.819654531188648,0
45.63658827953733,37.9215829440978,4.133520762235316,7.515653799003902,41.40955773412531,59.704560835003065,11.097138372208114,18.295003100877757,1.6983426278036324,0
51.07059532930887,38.31987645686758,5.13728443918017,2.859206520806514,35.872959015125666,55.9603367349453,15.028796790814946,20.087377719819635,2.017232977159174,0
50.57058289664259,45.039985806412766,0.8366978074718783,1.7648279147533517,86.85506664875771,52.60481816109382,6.458727197511299,34.250248487663896,3.37964380988637,0
47.230398499083684,35.49570981717025,-0.004530504680562153,7.095281547190542,45.48102973138646,70.55696061683045,18.834500733784537,25.075930885443995,3.588429244646311,0
21.692764381429573,18.033849672235036,12.877235652528217,2.84439418014186,44.15910640492677,42.054110154824315,13.691756181580894,2.1049962501024524,6.41299505382702,1
42.49865243414114,50.77471956375332,3.137361419301077,1.9829383834947074,60.167601465768264,77.89502965684879,9.430490165418549,17.727428191080527,1.493844259937345,0
51.86319060233075,48.27477770763028,1.9121798929734848,3.5062842149782942,73.94133938291361,32.691652292438576,5.1825172167052775,41.249687090475035,2.1501323805298016,0
49.42855624854235,29.85267659489542,4.651705339655419,0.8791330643899378,41.83207824597956,63.722675884336354,23.34845192891241,21.890597638356795,3.3332734932033348,0
42.941599995057686,51.96134132126885,-0.7257271729024719,6.224298125613196,35.01777097715711,30.92254210090326,15.96976662472683,4.095228876253852,4.941177831393014,0
53.65689850394513,51.49893931402944,1.9304554878843925,5.7138105410102,31.367699738125847,47.264416716595605,5.941314243041494,15.896716978469758,3.9743301320467426,0
22.660030994109714,28.129811282965647,11.011682252769122,15.361877578074463,32.38584187930605,31.489455872399418,9.819975614161274,0.8963860069066314,6.657491793603985,1
21.808305306235084,30.618208205462523,7.481330162757852,18.97387019230168,40.42865409559609,50.991853208368696,20.302442928771264,10.563199112772608,4.0981495165537405,1
28.80594062433687,15.698880775829984,10.036774134014319,-0.47144624545694747,44.2653615440664,23.47111956113249,23.615280227978154,20.79424198293391,5.610005659405316,1
37.17007330952187,52.259115185011176,0.28159746267335395,3.7736587034198728,35.34072751935547,31.1954432810381,18.581103116235827,4.14528423831737,2.173211626195139,0
42.8207198671705,59.388107900827634,1.8233198853846282,3.098663644863985,28.27466123062544,37.18824296914673,17.842731793136487,8.913581738521287,3.7614576424412935,0
54.86979422668954,36.3756762930812,4.815959515610268,8.519204055484956,45.61436970359471,59.473970607938234,22.197362473483032,13.859600904343523,2.941454637967198,0
38.55923855175593,52.62500316635818,4.292090686857463,5.44232364416831,35.93320000488259,52.44507737466167,15.21599757191309,16.51187736977908,3.5541859003709755,0
14.92620253407074,10.320848281846814,6.765263476043444,9.380494375385577,29.37251474430849,18.69899617200121,7.220585151566059,10.67351857230728,5.716892673913863,1
39.746485234980696,42.962615583771196,4.364978418521273,6.7270918932792245,80.09157646126106,71.86416644694506,5.578243823548451,8.227410014315993,3.2232947398005916,0
42.9175276698285,31.70775447694369,3.5795689573164435,4.603861270006043,56.373441562586045,33.70103650014676,12.23406550557441,22.67240506243928,2.9298175069611023,0
32.919670304117986,41.72168472387684,7.666071124222935,2.988758828161623,63.97204279330983,46.576143012039054,13.479326715820166,17.395899781270778,3.179699758258314,0
43.2356941667477,36.02188033625268,3.807880832136609,4.160319520975107,62.36989344273879,44.41515582732293,7.566252519333519,17.954737615415866,3.8000612460361847,0
25.609289281152353,24.132029173540822,11.720592527265428,12.807955559816465,31.405564032067495,36.944664883523735,2.5646231401625688,5.53910085145624,7.155682253303885,1
49.32230355228556,35.2145089297748,1.2869960857611547,0.015628867301572757,43.40422460933564,52.72245536705792,15.379161840970342,9.318230757722276,1.805662058947912,0
46.786247306042966,40.40873290149595,1.5115132660888575,3.423938521121558,53.73401917791675,50.37752130198105,8.289939659579716,3.356497875935702,3.3406916621111193,0
35.41286300038364,40.75111714381278,1.3484618090636837,6.76611479716321,52.526761548987416,24.336749441991415,10.755907131528666,28.190012106996,4.152459438326094,0
53.67358595234834,44.7740393475104,5.742197627823844,2.9762631978129646,41.46791874252038,64.9755172094814,11.665481034848817,23.507598466961014,4.354195693440865,0
21.289879906105906,23.469742559032024,18.41480742186772,17.269679442018873,25.52184996128234,41.59875461284889,3.3249906327749663,16.076904651566554,4.822283873439222,1
25.519386716581288,24.847800913400754,13.838549272299264,12.673772854154596,49.979482045129,20.42555047634044,1.8363622213252029,29.553931568788556,5.851660226582131,1
22.375838732476907,26.245550931847717,15.654428870272136,12.193216312380265,20.252648180875795,40.82257509608076,7.330924757262681,20.569926915204967,4.328377898730086,1
19.98798079540573,29.069517085288012,12.534261662143912,13.036205237915954,35.17484902880442,17.749332248556744,9.583479865654326,17.425516780247673,6.853764096546321,1
46.74241871798981,52.59623832183945,5.55774752940075,3.425282251700731,30.966911110913312,74.48931637713531,7.986284881549663,43.522405266221995,3.898278476039489,0
48.80470748742866,45.802157776120374,3.1107938235666683,9.329228984002869,14.732626803317451,25.401421326063808,9.220984871744484,10.668794522746357,2.9896865731532802,0
31.02483446923556,48.85409720165126,3.8700967432808886,7.748848893866487,35.914051250904514,36.187014583258424,21.708014883001294,0.27296333235391046,2.70090073630097,0
40.689913301231236,55.285538563367155,1.3431935565034976,4.250781943613477,77.06156996879452,74.20738229003621,17.503213649245897,2.854187678758308,3.436068605128968,0
12.271351066546334,26.346946362290367,13.368397926229527,10.963099718579443,23.494580039584303,28.297859693920895,16.480893503394118,4.803279654336592,5.168862732635189,1
47.04936484555422,39.40410635666979,3.977691779625976,4.234082071162526,61.639522413446066,47.11806202386371,7.901648780420981,14.521460389582359,4.274382691905486,0
22.870356104470005,30.372604493195112,16.401571569114918,7.8675842168941745,23.44248739360861,37.273547467523635,16.03623574094585,13.831060073915026,6.928131574743689,1
38.82607348322574,48.07610851143749,5.006626625629803,1.513282524781292,34.87570898053508,58.70290174594013,12.743379129060258,23.82719276540505,2.6785646056320807,0
41.016305225457266,42.50135752142959,5.531045842837081,4.160082538430521,29.682655739564744,55.48990137961629,2.8560156003788837,25.807245640051548,3.4694793878364893,0
40.8997271148276,55.131663735647535,2.6159974594771604,6.64480864962346,46.96549984869328,55.383430256536265,18.260747810966237,8.417930407842988,3.751428928168837,0
19.255153451163515,11.573172304921004,9.102545472786158,16.93113032052291,39.515520780790865,34.13862232828949,15.510565993979265,5.376898452501372,4.616286419481678,1
42.2225080391019,44.26218910044625,1.4383900968420131,5.653167930274496,56.90358414841877,59.58538751946179,6.25445889477683,2.681803371043017,2.8320248749934684,0
51.166417759903766,44.16978120667407,2.023452550606624,6.749595940109559,75.4341879991713,84.93959579343935,11.722779942732634,9.505407794268052,3.8688452181549735,0
36.56931603708524,36.52324884081223,-1.1055648663410507,2.8788853098112637,46.18344908471505,49.07660782490992,4.030517372425322,2.8931587401948704,3.080969289519998,0
48.422515161223224,44.620683115891126,1.5501613142167963,7.388351516382112,70.47304060782608,49.53929217777694,9.640022247497415,20.933748430049135,2.5108959832210442,0
31.384782159853316,55.17408141918793,1.8792936878803137,2.6193258751033093,81.09885060024337,33.44660218643929,24.529331446557606,47.652248413804074,2.3785507767966125,0
26.150002863595752,16.541917364125148,12.12056264526071,22.556613996016015,42.64915894972302,27.75088589917158,20.04413685022591,14.898273050551438,6.815856719543468,1
42.36408559825611,44.248507411191454,3.2635002194945835,3.3864546306727394,41.911029331589525,79.94330349317228,2.0073762241134996,38.032274161582755,2.4066448008887087,0
58.39887738331252,42.70586175067465,3.724901737251221,3.386007285674793,30.23283594514771,66.76727503651985,16.031910084214296,36.534439091372136,3.8925652974080673,0
42.801581561978495,46.64693622725081,2.97014925511408,2.765401860483909,45.364096121345455,43.84498384187008,4.050102059902489,1.5191122794753724,3.56536768142883,0
27.390052212392654,49.99813302791348,1.837113827314486,5.39715096172404,51.228450128011865,52.45062046781928,26.168117949930384,1.2221703398074126,2.0070306752464404,0
23.39465645029639,16.59730923173184,17.538019850604137,7.142554062118634,26.745456710949938,25.81545609620585,17.192813007050056,0.9300006147440882,2.503842259457096,1
45.27223669077345,41.345081105424164,1.8493827831964134,3.8711556008456225,30.575390388558706,37.463209835525404,5.948928402998492,6.887819446966699,2.110165475362871,0
49.91016684631927,46.59825275288092,1.0550987246259897,1.2800635726554517,50.89492840545467,54.24161728920576,3.5368789414678155,3.346688883751092,2.378611033402281,0
48.00364686101802,47.83951792918623,3.9321334965572077,4.806340333268779,22.785378179155742,44.58318095769321,1.0383357685433618,21.797802778537466,2.757387431538393,0
22.141583461876188,18.982787477974263,18.217129766444103,12.416454452850573,17.993562676789047,44.95507582117459,8.959471297495455,26.961513144385542,6.221061338609685,1
20.385782481088583,29.073195622221633,17.479124407849515,13.9023670877643,9.186586113572886,39.37786756289917,12.264170461218264,30.191281449326283,5.875549750523499,1
40.68327023410295,26.709568909581105,4.51390547225564,7.734462574361617,57.68874729032837,50.766248700200144,17.19425842662782,6.922498590128228,4.344399968141819,0
52.1592844482146,47.86026967856948,2.7329485290950237,0.872141470198692,58.835346194628826,28.48674442463441,6.1598218285414506,30.348601769994417,1.6558400861429057,0
31.94388091978866,49.28274443650145,1.9560888690482066,-0.43456742050713615,55.96106049330268,20.87279550748318,19.729519806268133,35.08826498581951,2.721093983390155,0
9.35632952792594,20.61364277895461,14.51241187933482,13.242433116205506,25.627640578416255,41.25666947907861,12.527292014157984,15.629028900662355,2.9763405797560316,1
30.54366884054547,40.83962518264346,-0.01499783320350101,5.420849068182899,50.68608693503995,28.176022848377084,15.731803243484388,22.51006408666287,3.677764201893147,0
42.80123759464166,46.47237468019228,4.983707401015716,1.8883107251323183,34.282005410165425,23.966328902940194,6.766533761434016,10.31567650722523,2.731428834889286,0
44.62991026186926,55.391630764329335,2.6505779241400513,2.0380581629478494,22.225145544799158,68.93453802103127,11.374240263652274,46.70939247623211,3.8014027470273577,0
45.91281193781216,55.31015718633007,0.5073194127582523,5.902042672356309,41.799682673941746,50.534336652020606,14.792068508115971,8.73465397807886,3.6497571540055063,0
45.49506682309708,43.76661840618752,1.3470172485795306,4.925095845595499,47.980768504051554,48.018304326617454,5.306527013925534,0.037535822565899934,2.4543082725499916,0
13.222762484438555,18.668317018568025,12.389955756094787,19.831393696173357,19.936919944069132,10.650781092389884,12.886992474208041,9.286138851679247,6.0726534947864765,1
43.47807324469427,52.887289157875465,3.0860489700302534,5.562857838931056,48.4909748726572,34.93251773810545,11.886024782081996,13.558457134551745,3.562890627261476,0
33.02042665115401,31.9935838779026,5.134935702141371,3.1496140934542316,47.05146448674961,58.164642475212524,3.0121643819385495,11.113177988462915,2.51157218594174,0
55.905831801058,41.4153940585838,2.3040209008088337,3.2420318518836173,55.78290690262669,50.039495099011894,15.428448693548983,5.743411803614798,4.35546036021533,0
20.888750531340158,19.183921201439734,18.873758462410855,10.301952414510753,32.07627398015908,24.516277035795177,10.276635377800526,7.559996944363903,5.131428988914468,1
41.08891104765047,51.80160433347813,2.62163932968216,1.310226438437601,62.15812998420407,42.885569732125006,12.02410617707222,19.272560252079067,3.1152743066356097,0
20.655325931079243,18.967061467332933,17.014939144878937,8.920780085873158,16.523152000525172,44.34695279194262,9.78242352275209,27.823800791417447,5.70927476485348,1
35.062027731606165,31.953340757355036,2.5501595381289563,3.1334316527442914,82.86178271316051,45.90635690647248,3.6919590888664633,36.95542580668803,3.0826881589300483,0
35.99530308774425,43.600718135670704,1.7450776670485966,5.861746578131383,51.455609408667335,48.40558178826229,11.722083959009243,3.0500276204050465,2.1463414271433425,0
36.23023740105148,39.28067683000054,3.434878161451685,4.511119397973607,55.05338547043172,45.51575006305054,4.1266806654709765,9.537635407381181,2.76469668693659,0
44.457028946404144,46.64831122253771,3.1322822302980033,5.714583008246031,73.68284180560225,52.8273183601238,4.773583054081591,20.855523445478454,1.7307219509431224,0
48.45305303710078,37.52522652164096,2.950339371746706,-0.03258862084633041,47.75056965655594,50.82232442857366,13.910754508052857,3.0717547720177194,3.6398507202605774,0
14.879857045568102,33.8340668744932,5.274492433138944,16.793706940541515,30.12963941471759,39.5913919892011,30.473424336327675,9.461752574483508,5.102264248469966,1
65.57596253995975,27.481077778530867,2.1403343537042927,5.307729009284756,32.97259805471262,66.14645555382391,41.262279417009346,33.17385749911129,3.8699284429093592,0
27.00454036639389,53.77443747981361,2.0268286605986936,1.2984051547786306,45.33741277587503,60.89535215819621,27.498320619239788,15.55793938232118,2.721755868288131,0
49.869884712995336,40.80183590845554,5.7602465791708,5.72411518109309,67.34171924967961,66.31884760765503,9.10418020261751,1.0228716420245831,3.9070778935047987,0
16.358638987966934,24.3822800192944,12.226826595357062,9.35257211202298,57.83235142247329,32.280846170385956,10.897895514661547,25.55150525208733,4.908073934643901,1
30.825280339033014,27.58999580120857,13.91539029287094,16.56561708596496,40.49943599525014,24.38581032122578,5.8855113309184635,16.11362567402436,5.901760349367329,1
40.041822973968976,35.460528536316005,5.452209170668137,-0.3544721377934712,26.38685531596821,61.80395025918952,10.38797574611458,35.417094943221315,4.691242660281551,0
21.062870153161075,20.123936982080345,6.281103027878515,6.027782074555493,28.880833148007955,40.100513967250166,1.1922541244037532,11.21968081924221,5.066707881699223,1
58.476198676827615,35.95747899202212,4.856777358272343,3.2116838069478524,68.94542104725355,41.82069073694677,24.163813236129986,27.124730310306774,3.98196722492388,0
51.73837861611122,38.21465248936486,-0.15869032414052064,0.7656965711199128,52.821493492291225,61.173758886726134,14.448113022006794,8.352265394434909,3.3837479524380907,0
17.180262559708783,23.884776978703997,11.357386854535703,19.380228883359642,0.8845008067935112,29.188562739854667,14.727356447819153,28.304061933061156,4.581330292107967,1
15.918913777290175,20.10350223326216,15.40393071402706,7.257084831893038,36.42993154733334,23.8139409559211,12.331434338106007,12.615990591412238,5.098668529602612,1
32.899768277609,57.97192505275697,6.355368181799619,6.074933339130086,70.76467629546178,51.60555698701538,25.352591617817506,19.1591193084464,2.173531959635608,0
34.35435894935259,52.21720828714521,4.8552910636066,7.4439285762643514,42.21799936442942,31.23346594140495,20.451486850450376,10.984533423024466,3.904539838283609,0
27.576258142442498,50.46687639732566,1.7391096184136403,6.843786177408685,60.984014298923476,45.488892673608895,27.99529481387821,15.495121625314582,4.387519621469566,0
12.115017589045014,29.69676981303388,6.477391319559442,11.827393382830293,52.46188013558265,47.8876522322982,22.931754287259718,4.574227903284452,6.444158310540694,1
46.293588213638024,56.11424588576387,3.3353626668984795,6.260329384532234,68.22988955714686,55.04170544207492,12.745624389759602,13.188184115071941,3.1151054100968985,0
45.822868623458675,42.25595495103101,3.908662866304457,4.782569914241748,16.109436742524537,86.5067496507739,4.4408207203649575,70.39731290824936,3.621162746525189,0
46.194735288479045,43.749908686766034,0.9623150612506963,2.690793958142024,41.01088282602283,30.341102051874454,4.173305498604339,10.669780774148375,3.058641623482548,0
33.711545351471344,45.35979631799415,3.7200329304764503,3.576178813045038,34.71244068047144,63.26112688995764,11.792105083954223,28.5486862094862,3.879760030376258,0
51.425237940912176,49.61458432434675,2.5436973014235313,2.5803146811105524,52.243824283560286,13.984957122893263,1.8472709962524458,38.25886716066702,3.233297800530548,0
22.527946209179373,30.33198712061489,12.473400804493744,23.258194743429396,36.56866063309502,35.19500766415519,18.58883485037117,1.3736529689398296,4.203543596121469,1
50.864434251727985,40.19899777244317,1.5512296697556605,2.5406842354117596,19.315656635815955,61.468260664769815,11.654891044940914,42.15260402895386,2.4406297220047053,0
29.857902579279585,39.73605024459237,1.829873657206801,1.9440118535651219,82.5514248781439,64.56835142494414,9.992285861671105,17.983073453199765,2.243786336421374,0
47.49192687038232,49.11922365721668,5.347684040733405,4.958238255565544,59.265340823950105,40.0109541312938,2.016742572002218,19.254386692656304,0.4727295891638055,0
22.457147263600998,18.219143019145918,11.363402113849089,15.633853005710566,37.275473737906204,35.37760319935311,8.508455136316558,1.897870538553093,4.6295834449522655,1
41.8214139795891,40.85319100141702,1.044491197915903,3.6248059998167763,55.455089717584734,43.99427859932958,3.5485377800729596,11.460811118255151,2.8827143558221398,0
49.274919189091065,31.30249544257237,2.896837485568844,6.735302607871945,52.1951138562377,49.53854123331405,21.8108888688218,2.6565726229236475,2.679682124211375,0
19.50577399380347,20.895478797904484,7.678931760877229,24.238300014712244,27.764929397034898,36.31332186353047,17.94907305793603,8.54839246649557,5.1103139743348684,1
22.17987694750023,17.366845673173724,13.520269762295328,16.543376470278083,29.805235346986546,22.13080616767669,7.8361379823092605,7.674429179309858,5.115662859392689,1
7.338769573901573,31.993619282119163,14.284410514365472,17.332279864847063,10.705177373739179,22.988476573659124,27.70271905869918,12.283299199919945,5.381806712644553,1
23.410347450313157,19.746999759546576,8.917528199498644,14.514052280882819,28.572250468293067,37.116430634695746,9.259871772150756,8.544180166402679,4.9978257580686964,1
54.20213916718637,40.58742997735541,0.9840755301727242,4.169595458052287,34.297130623124936,68.30977567987942,16.800229117710515,34.01264505675449,3.266268914522102,0
18.887625516108674,10.749955675168382,10.741594210231804,14.258584310362984,36.590259520210964,29.803781592683958,11.654659941071472,6.786477927527006,6.687021860771243,1
53.94839955404261,54.846442715452014,3.918950117938018,4.03341476947595,43.31484890147886,37.48089678590526,1.0125078129473364,5.833952115573602,1.9109632531042358,0
16.625329906047238,28.31326693574235,9.431491304673587,14.960357062733149,40.12692204550936,39.317184758621316,17.216802787754673,0.8097372868880441,5.039768060384577,1
17.984620054674846,22.584604661783818,3.893688893602258,18.83525109246355,25.908349307860586,26.703698872982972,19.541546805970263,0.7953495651223861,6.0152860961083725,1
29.95776651102367,20.638345203172452,13.608791299649406,12.83076238323714,24.57024293227988,23.479468623575002,10.097450224263484,1.0907743087048765,5.882489495388704,1
52.0093914535446,40.76289183967243,4.988828840180477,1.9148336929323477,34.37931367217713,58.73276247012257,14.320494761120305,24.35344879794544,4.194178102953304,0
39.32455074137219,34.20490181313637,2.745687941086539,2.902292280735494,33.72861797734325,36.655481726978984,5.276253267884781,2.9268637496357357,2.318160800720322,0
50.15676345932141,36.8578135417908,4.952995405545779,3.027014768909029,36.41456613493537,76.0968755196796,15.224930554167363,39.68230938474423,1.4187245440034153,0
24.203672410647748,26.692164325444764,11.861711098056723,10.831263796404421,22.678912253116295,32.99428458229034,3.5189392164493185,10.315372329174046,5.713569801024705,1
21.039012536766567,16.530296187076583,9.954962168521892,13.37510277869337,24.432654876752306,44.16836791424439,7.928856959861461,19.735713037492086,4.98241977930221,1
40.43748745770827,44.86208044362034,3.3277428034729115,0.19785114236402856,73.89640427247875,70.97205427325775,7.554484647020954,2.9243499992209934,3.2535335895907185,0
35.56713428509721,42.00085011350363,3.659267065615583,4.1665892750936155,15.3504709934234,28.270185329446935,6.941038037884453,12.919714336023535,3.5930991139818667,0
45.2712217894587,46.33719073695039,1.1764354246627164,4.636510493166854,53.74560741833808,40.75988049819938,4.526044015995828,12.985726920138703,3.3613631627167537,0
19.613894773884773,21.937209225683624,14.43980554932791,13.416711176316781,32.48225507410342,47.09701819187646,3.346408824809979,14.614763117773037,5.452877861683652,1
22.129218293149144,15.194973128333256,11.072525973496841,21.969622652705365,29.731001475106154,24.354021294445857,17.83134184402441,5.376980180660297,6.570522448536399,1
44.27139311717578,44.918760722222025,2.446081811545669,4.380620250794113,66.7725412234281,35.942756486898915,2.5819060442946857,30.82978473652919,3.6830588602685235,0
43.57923204193009,50.95038670644439,5.049547601330022,5.52919919527116,49.39633587961722,26.3904108738899,7.850806258455439,23.00592500572732,2.4207986215973016,0
25.319704937804282,25.238587076970052,10.519853549727213,11.121070053437,30.57375553806981,34.03660422726178,0.6823343645440172,3.462848689191972,6.776899927270644,1
21.262844229983116,20.040784884792572,-1.2844582223565553,17.104863912657333,36.08092623967069,50.14673447712788,19.611381480204432,14.06580823745719,7.787085465435334,1
44.839209985842785,39.100616872793054,0.8854970759597931,7.016672196115458,38.2333712188813,43.08711594191715,11.869768233205395,4.853744723035845,4.596935776752984,0
38.830397603605675,28.167850452082302,2.1776532088933673,6.833322616595913,56.4755867798222,49.613700034470796,15.318216559225919,6.861886745351406,1.9385382889063838,0
30.808243071102964,60.21453692833914,2.9465073976541496,5.70187385555156,46.52887997520114,63.44248962511726,32.16166031513359,16.91360964991612,3.924759149222881,0
39.51160194371856,50.90203673562149,1.6842030228505183,5.073649367911352,63.95437563934428,49.62873058063133,14.779881136963766,14.32564505871295,1.6633497908597845,0
40.062302026816305,37.3594360389661,5.081284885599336,7.309269496804177,48.29559598221155,55.06219906762083,4.930850599055043,6.76660308540928,4.434442148173286,0
45.85645962393838,41.7452412048232,3.6947796834171105,7.835696003213331,37.08465340267612,60.02822721414543,8.252134738911396,22.943573811469314,2.0867607460604725,0
19.51042376778548,16.453855998217747,11.772652591172202,15.563426000801869,26.54296094372924,16.413001946060916,6.847341179197398,10.129958997668325,7.947042453666938,1
50.50346377641142,56.34037769099294,0.46692234211005657,2.0611351134233598,22.03902762416432,49.50524410105474,7.431126685894819,27.466216476890423,1.6966454506425561,0
24.44518561139946,23.763696327658973,7.166785937362669,11.687414268466298,25.466353457291564,40.19421207205271,5.2021176148441155,14.727858614761143,6.658997976229756,1
44.543670665176464,44.91580847055023,-2.6403376444813818,10.193391027544106,43.133159707114714,65.0226890957983,13.205866477399255,21.889529388683584,3.7181976380996975,0
54.47189954557511,43.13177725948122,4.668110903698738,0.8612873145496116,55.07861285122473,40.11446103729026,15.14694587524302,14.964151813934471,3.8225298491755773,0
47.73460171163973,50.61470904567292,4.8686234753415425,3.058921720941165,76.74844837616779,6.691361172553307,4.689809088433561,70.05708720361449,3.1914871458941176,0
44.51969966649148,43.16792617820244,2.1351976254440768,1.1746176950147373,41.55793503053163,62.1937472407847,2.3123534187183803,20.63581221025307,3.5928653323921926,0
20.727605988841205,32.58948283330463,11.921878442131591,16.10161645845459,49.73733442735852,43.37910174804584,16.041614860786424,6.358232679312678,4.734501593909187,1
16.929387174958418,38.753253207459764,9.145484427182131,13.064578777625304,28.367216147716967,28.69636537506369,25.742960382944517,0.32914922734672203,6.305430390072639,1
38.19509397638442,36.2227022564534,3.1248634066548857,3.782497954332764,50.44149050629989,56.02439828434804,2.6300262676088964,5.5829077780481455,1.8808308525465482,0
40.67194507373681,44.636636372452486,3.6790575748084327,0.09980967996248191,78.3132702538377,43.53535158789744,7.543939193561629,34.77791866594026,2.9890372910377643,0
23.477012372751492,11.316245962555065,6.4585579262220225,11.786392030586432,25.371694765696294,53.27004538892996,17.488600514560837,27.898350623233664,3.3092378955796007,1
43.22489382966185,30.084598046141775,5.688867816166009,6.444690512935949,59.31313123860121,64.79750229526283,13.896118480290017,5.484371056661622,3.310897184160796,0
34.20181544495015,37.59821811680077,4.402262401425836,3.232112755873082,71.74120653495302,52.84744512127727,4.566552317403377,18.893761413675755,3.438422889670341,0
15.975167595737195,19.096399330292602,15.302228299478262,5.05482901914352,20.095736379605842,36.198746227917674,13.368631014890148,16.10300984831183,8.751131978165244,1
47.5597215291613,40.94695123669431,3.2871796509589846,3.6731855385373757,54.48746850782718,28.543883684929305,6.998776180045382,25.943584822897876,3.5632868343731543,0
33.744452795894645,49.921005312841956,1.373751812307227,4.36182135045005,45.47729533191958,54.444425062845205,19.164622055090135,8.967129730925627,3.5233107007610465,0
41.46520858207341,42.6116446595089,4.644221694565626,3.9236608260671435,30.644474261305408,34.38470556524028,1.8669969459339715,3.7402313039348734,3.5786540631112156,0
13.724323140133025,24.852009552564947,8.577889248237504,17.110718460976315,34.10920993881771,56.75064639169303,19.66051562517073,22.64143645287532,3.076857379505666,1
58.636736746379015,38.99381565014579,0.7509566407722095,6.466078266901891,57.97548100984791,28.27786857936728,25.358042722362903,29.697612430480632,3.62393773186286,0
36.135100333929046,45.8393947633435,3.1622491668370056,2.3718575550156342,50.271102101354955,31.99117685923452,10.494686041235825,18.279925242120434,3.4160018245401544,0
5.35275654998866,15.66406112843894,21.76502338106136,19.249101826594533,24.1470946868363,25.961139499469457,12.827226132917108,1.8140448126331563,2.9929198313879453,1
56.195891415778746,38.141603602103295,3.302432442675094,5.803238897849489,27.406776936402373,55.98748254783099,20.555094268849846,28.58070561142862,4.342230850470822,0
25.44384827108336,16.541861269549994,19.669151874423015,14.77686188466779,21.685213270985095,34.31059121082954,13.794276991288593,12.625377939844448,5.373594252650168,1
42.779891049118135,44.41898214982055,3.0549752667216254,0.05855743630886012,55.04229755171038,43.2183810610136,4.635508931115181,11.823916490696774,2.5144302208020264,0
20.094095248702992,18.299347830881754,9.032627355966099,11.422277901207362,41.86893077595897,32.671876754939994,4.1843979630625014,9.197054021018978,8.027170808998644,1
43.37231087135756,42.38864079938421,2.893896016149788,4.9926928221409845,46.73430438173765,48.36639761407741,3.0824668779645465,1.6320932323397557,3.9023489279950576,0
44.70728020525655,47.04995724129679,2.2182234656552224,2.555399624092815,48.430159028313476,74.31174082477786,2.6798531944778285,25.88158179646438,3.2858461408283586,0
50.277199984658964,43.67515014657176,3.406552442114925,2.84269789175909,39.76296846474334,62.288666795034516,7.165904388443039,22.525698330291178,4.33601759065618,0
53.72146776816358,43.23030190367537,4.394365241585706,2.4796153565182024,35.48122519963924,47.13134890323034,12.405915749555714,11.650123703591099,1.376358247039624,0
25.117653220926723,15.089913345793939,5.960027317683172,17.92535101229186,36.212560942035296,45.567996854914796,21.993063569741473,9.3554359128795,5.893882679392306,1
20.87643389466962,34.66777800459751,25.151044749554956,15.691126182509201,21.218649269273563,31.23035463559565,23.251262676973642,10.011705366322087,6.964359739606103,1
44.830041765790064,34.00348070460796,5.6350816380348,1.6390030260047226,59.279128214154255,37.465569170296774,14.822639673212182,21.81355904385748,2.717183204095063,0
47.34830023974912,55.469068870543026,4.14731392655343,3.4689542771333026,25.345487866700747,55.84770609987766,8.799128280214031,30.502218233176915,2.388153727881127,0
20.659639833859785,19.796577995204284,12.453337855621207,11.964614043121502,39.52649343692441,52.916654352700796,1.3517856511552058,13.390160915776384,4.023044072492287,1
17.72726140628278,19.47185915337735,11.029085642755886,12.054104751511765,42.03460056900397,41.989678353166205,2.7696168558504493,0.04492221583776512,5.158595074418309,1
45.99801679731148,43.2458474338808,3.9049929122053646,5.740356349493542,35.15629394406283,36.212366337909415,4.587532800718859,1.0560723938465841,2.0860943799684475,0
57.12355846681798,47.298847752687585,4.5072022183196285,2.9603495556529222,71.33212717322132,53.29688635063663,11.371563376797104,18.03524082258469,3.131937150340057,0
48.05387335170008,56.609380221931026,-1.0478632219658888,4.376880160841513,44.21426946442388,46.59667343040947,13.980250253038353,2.3824039659855885,3.5648914645443766,0
42.013052599975325,29.13366809419914,-0.10691226732653059,0.9838482403979798,48.48110467315233,74.18691832683163,13.970145013500694,25.7058136536793,3.1424084207407255,0
40.99841746323203,39.93844697288232,5.009658298966475,2.5161210924870483,47.58095749103032,63.11733736127373,3.553507696829139,15.536379870243408,3.886272240021551,0
43.641181138578155,26.985332097605877,-0.01055835232288116,5.5121757613900115,23.43838366113416,42.38837088870129,22.17858315468517,18.949987227567128,2.767969164888654,0
58.093919694645116,44.25297579128198,3.80307727143841,9.174542911690619,65.13128107526066,58.38907166422883,19.212409543615344,6.74220941103183,1.1965138615164204,0
24.889077748431003,8.526484614609023,16.684476258950284,15.083104906812068,42.04001130085651,33.60110890639597,17.963964485960197,8.438902394460541,6.6930016555615826,1
44.841645243834336,56.72636593737002,1.0076215088080063,3.5977844094211475,46.452192268913954,31.092933311505252,14.474883594148825,15.359258957408702,3.144500615524064,0
41.141491432509575,44.96507808714763,3.699299514294947,4.824561196287,58.964915019169936,36.65832638518371,4.9488483366301095,22.306588633986223,3.2489491973634834,0
53.791866859535716,52.35220103553904,3.4020670074331414,2.7677996935214324,71.91355139216802,51.83247074080703,2.073933137908386,20.081080651360985,3.885583278374161,0
60.6786980379574,48.67069665231247,7.220685304192755,5.699043973988248,33.80101577154741,52.534029518575515,13.529642715849437,18.733013747028103,1.4380293973653546,0
48.60490439545111,40.518014423958654,1.7503775909282215,2.2665346586793738,43.30274621608359,51.217037418057096,8.603047039243606,7.914291201973505,2.8092133565338715,0
45.662183230283404,32.728314025663686,5.880220240138348,4.307695320433282,70.7362794501073,47.338342318184836,14.506394124324784,23.39793713192247,2.261873753598759,0
45.29426266539388,46.200018386334484,3.704845828768629,2.9558561910032806,56.955708189131705,47.1090951632197,1.6547453587059526,9.846613025912006,2.033575689505212,0
25.925545689714035,32.06318386283709,1.6779562369145753,6.438862165909545,60.067570385774125,57.76387205232443,10.898544102118027,2.303698333449695,2.942160800349686,0
50.96120691427854,54.36165658135715,4.59849291503449,2.647270993928789,34.23302396335748,69.0091383045876,5.351671588184312,34.77611434123011,3.5614576242245404,0
46.07333132796675,42.70350318370541,4.131477008907902,3.296252407426968,44.311857051101626,44.785709054673596,4.205052745742275,0.4738520035719702,3.2407572838873273,0
23.324635811508706,24.76646819377861,7.5946934849211605,29.370413490049568,30.407982182238122,37.136012339746955,23.21755238739831,6.728030157508833,4.205378846405693,1
39.30830244733036,40.158284526940804,3.532590712881247,1.9439226818142727,37.13157863985539,81.41037153610475,2.4386501106774157,44.27879289624936,2.8836227203650253,0
12.01200415202284,26.8514260413407,16.83001277980768,15.558470650533375,29.976565968504797,37.83050730963885,16.11096401859217,7.85394134113405,5.526938703646513,1
41.711800507974615,45.67479085867751,1.3484257494909864,0.35493131262679656,42.34252161854606,61.337250018423426,4.956484787567085,18.994728399877367,3.546503396048018,0
53.17298387258431,43.63964705591261,4.518884347645166,1.8241330827418505,70.31432299376644,82.11982159705234,12.228088081575015,11.805498603285898,2.5577839894186964,0
41.969921307175255,40.538723892827264,2.552121151373452,4.7642625517816075,50.88760198340744,47.64826952500887,3.643338814756147,3.2393324583985716,2.5060028994688177,0
61.66128257687838,47.13964814776416,2.839834003501815,2.0186049809275355,70.61436370360065,39.510933820146484,15.342863451688494,31.10342988345416,1.626812671520802,0
22.557497876809308,15.644729749762588,17.0503096278566,9.648722799927919,20.204346853654492,43.564177714974385,14.3143549549754,23.359830861319892,7.223186949002885,1
29.675770200301145,18.998433900479945,11.769988124820335,18.974630088369725,21.982108920489495,24.499063425116937,17.88197826337059,2.516954504627442,3.752841949078454,1
24.077505112221314,18.903300148771393,10.098061035242228,24.720088250002206,33.621843221046944,16.942903376206925,19.796232178209898,16.67893984484002,5.571359112850572,1
39.786599022748675,49.8173439111368,5.572504172909717,5.645684146432716,53.18489211001848,56.49745696191615,10.103924861911127,3.312564851897669,2.315905474506632,0
27.444940241439806,44.52713286881792,3.2423643038013568,4.431325574972129,64.42758248641096,55.01259758021661,18.27115389854889,9.414984906194348,3.887184684250574,0
57.79576752091032,57.32113906035025,2.5946934743557013,4.871366223849006,33.97507743319143,51.813529717273006,2.751301210053374,17.838452284081576,4.454484966313593,0
50.62514033776003,41.85787585020124,3.8616920103394934,6.481931197477064,65.58134434421754,53.99731792257423,11.387503674696362,11.584026421643308,3.1729611268223907,0
49.2656585431945,54.58162575991184,3.473084387229726,4.639646125228132,66.03333913316298,78.04485713274833,6.482528954715745,12.011517999585351,2.9199885948904747,0
46.323229282397634,45.404592679406576,4.534125378979404,7.077694580938688,54.34650716534803,61.30077801458626,3.462205804950342,6.9542708492382275,1.942107795155934,0
33.9438594504605,35.80199399938888,4.0759673443018825,5.822524566075647,37.89616871285326,65.83763194907232,3.604691770702141,27.941463236219057,2.5963199026809796,0
41.13106288355651,58.7843215341668,4.435692457992533,2.9530951403310866,49.309867569310825,54.86184905030182,19.135855968271738,5.551981480990996,4.283172038295221,0
13.137672260579496,8.548504392946523,12.498653573630227,14.66520554842377,25.819908713665804,35.79325364030614,6.755719842426517,9.973344926640337,6.227302219456398,1
21.61487251808834,23.232734122217817,16.397855085582613,16.387623422381477,39.59575892385135,29.22002878254805,1.6280932673306125,10.3757301413033,4.629429619697319,1
19.694980140723082,17.346360372385654,10.593359264663139,13.701610182462355,40.297581643090325,49.238848764227654,5.456870686136645,8.94126712113733,4.547832317081679,1
43.18315193775259,40.77037252801674,0.7541976878463346,4.5567713906417655,65.18368861479358,44.02266587153168,6.215353112531279,21.161022743261903,3.5570324387645726,0
43.86593956777969,50.63319228047634,6.3355958660090295,6.224653648780526,40.27330019942118,42.748729837721015,6.878194929925149,2.475429638299836,2.8817014817761897,0
46.084507331317674,24.871371477728324,2.5245532533057746,4.9100901884844435,32.67386568559792,55.68494862065874,23.59867278876802,23.01108293506082,3.1730046685388777,0
15.616131093940776,36.42902525352384,12.376279364766095,23.429350761107614,18.021462546740892,48.31152515028004,31.865965555924582,30.29006260353915,6.432775464743022,1
50.100846497849666,51.8340779542957,-0.47345363552887854,6.173061115797644,45.053852616951986,62.15293206001619,8.379746207772557,17.099079443064205,2.551167482909131,0
47.07015844195137,42.00275569424865,3.676946210624223,5.046320066804325,61.78769619734225,78.61627799320006,6.436776603882825,16.828581795857808,2.834961096593073,0
22.173850322784457,14.936641495292738,11.839851169915603,16.791172970072264,36.83062581508265,30.601296412272866,12.18853062764838,6.229329402809782,5.711233164013012,1
32.84824175349348,33.22571470307652,-0.030229872498961363,3.640534971979758,65.3057281126652,39.83600163041768,4.048237794061757,25.469726482247516,2.0021096218479637,0
49.03665451581912,58.78293596561682,3.9065480842663516,4.143328279501703,70.30418164320149,66.53101860132683,9.98306164503305,3.7731630418746533,3.060992264338183,0
50.01230690669554,53.52423714974141,2.003616158597122,5.393263002435494,50.00457446393435,46.23863622683802,6.901577086884239,3.7659382370963286,2.6881102719495487,0
35.08350171135808,42.394518252997365,8.380630014577388,5.274666082544385,50.91104188371957,49.93736883353835,10.416980473672286,0.973673050181219,2.279256625227036,0
32.977035130540884,40.76243314509339,1.8612776158182636,4.339080820436572,38.486802481547706,35.59016191072956,10.263201219170814,2.8966405708181426,2.6924067604066764,0
39.03246298819519,52.236834891357546,2.1296133356044136,4.240699830754342,41.860086515389,26.603907192528858,15.315458398312282,15.256179322860142,1.142877389559822,0
39.70766845987767,59.85976360135142,1.2504475514912645,5.440913790152139,43.874949790314744,51.52657431051567,24.342561380134626,7.651624520200926,2.3939290607772965,0
51.02735570801944,51.63008204649083,5.5557530420839445,2.2828275487400282,71.64410101756897,37.66027125833131,3.875651831815301,33.98382975923766,2.120410494339235,0
28.145831824504725,24.707356096816593,8.33747081456616,9.440746466679855,47.10775777694387,27.849861982034298,4.541751379801827,19.257895794909572,6.789205453212434,1
38.149211853750366,36.621189367504655,1.5501716924690065,-0.09433377032694246,30.167405650399875,47.78382634719818,3.172527949041659,17.616420696798304,1.1761681416288534,0
40.10693010644353,37.44490535600968,4.413910019841085,6.910818964344058,53.83031513168005,56.6288532842481,5.158933694936824,2.7985381525680495,3.1527141948075754,0
53.949058673233694,34.488471055573214,0.2392941291736297,3.909628943149676,62.394351869334145,72.51288630873148,23.130922431636527,10.118534439397337,3.7275386371254906,0
30.33953169081776,19.579721524187903,13.575962288700032,12.404871405409256,47.03270926017345,21.05454024881,11.930901049920633,25.97816901136345,5.038486193901811,1
43.565991797144704,45.40482839843496,6.562799433201715,4.727680868585225,72.03820159590484,41.13073917175469,3.6739551659067438,30.907462424150147,3.399033498723501,0
44.11995601039159,42.78439101222411,4.133215665670178,4.692068821821604,61.66263000898847,54.713254368487746,1.8944181543189025,6.949375640500726,2.5898155548790056,0
27.487158415898133,29.56509711999586,7.127295732770724,21.791785832153025,25.68234511006627,18.612007884205546,16.742428803480024,7.070337225860722,6.522332534075516,1
29.288511717688664,25.69998385882671,13.58527872803145,20.317178609337297,13.366132886404671,25.721812540466814,10.320427740167801,12.355679654062143,4.495893170676897,1
55.52406632752083,31.794700725705262,6.419416057351038,3.34233834682552,53.393394221369135,65.00729693560896,26.806443312341084,11.613902714239828,3.544302701588175,0
13.804736487366789,19.358352178895178,5.718099818528118,7.6219362680853,27.06307474294371,39.71394434890316,7.457452141085571,12.650869605959453,3.810302427970596,1
43.71664494419722,50.56114875298448,3.8793394445460474,1.831058752842433,55.04535106205922,56.55107005895883,8.892784500490873,1.5057189968996099,2.627818178942532,0
65.00720398347426,40.258090529131344,4.807782801272003,3.9893388533477507,23.576263591180275,56.96613836485735,25.567557402267163,33.38987477367708,2.8023068792764665,0
36.55488408161123,37.61435138913477,1.2281301490697787,5.671939848544554,65.35150183346765,29.954314529893665,5.5032770069983155,35.397187303573986,5.281126116227956,0
42.17051392346395,52.148299421203156,4.552587181494644,5.990035159231779,63.60910527187563,49.65436783967558,11.41523347547634,13.954737432200048,3.1786969557759135,0
19.754853295809816,17.583618079188916,14.50372838389161,14.722047384003643,27.783966098173504,24.678610980292618,2.3895542167329324,3.1053551178808867,6.309640498242685,1
52.619695764289354,41.58736153767116,2.2659551627367467,3.2132151240885287,39.861824534715325,58.87826288177659,11.97959418796998,19.016438347061268,1.2777192785262321,0
58.513511469213434,46.62915220643847,-3.165124350286475,5.793415556737407,52.553042369203084,38.13454839903761,20.842899169798848,14.418493970165471,3.584399064211,0
27.25500719065668,21.760441219759816,16.44271073621637,3.453979892955756,46.59270664219191,30.285542565432248,18.483296814157477,16.30716407675966,9.05354043634162,1
24.397085205687016,26.769538683253355,13.101584936572834,15.494120225082158,38.48836795979521,25.588875724555475,4.764988766075662,12.899492235239737,3.846471788129392,1
43.41903625763228,39.448984198421044,5.2222904304089255,3.8306582050006717,44.91885482342884,81.51049166637242,5.361684284619487,36.59163684294358,2.7273443263531925,0
42.07807218008123,55.268955947567356,3.7803852212108056,0.920748611588079,60.47398304738143,39.711287309069974,16.050520377108853,20.762695738311457,3.3446193409580767,0
31.63064182004748,42.99402962003382,5.248191789403251,1.6106330639668962,50.657212892476416,69.60892371032214,15.000946525422696,18.95171081784573,2.361362873323913,0
23.43532897929458,22.071176075084704,12.894095050166147,14.33162042672594,42.86050103863426,25.010971179756954,2.8016782807696714,17.849529858877307,4.2676931496601,1
48.751824625187744,49.96819162386253,5.0767720743192655,4.2796505426521065,61.48670809220412,52.68199789349791,2.013488530341945,8.80471019870621,3.829811511420549,0
14.442098752432244,26.439664308275898,17.807706529258887,10.580050505389993,13.35334014974487,35.77094727442344,19.225221579712546,22.41760712467857,6.244580228712746,1
55.62445511189574,27.57210761075289,4.528316599863789,1.9230013247715472,25.866101758315942,59.69229345487338,30.657662776235092,33.82619169655744,3.840094292657097,0
37.217883865919994,46.88604603731068,4.580698017384577,4.078924398607861,45.722622047670825,54.92485438149244,10.1699357901674,9.202232333821613,2.3912105677514557,0
48.25297627378139,44.57830677699896,3.33919535278987,1.8811571858358866,34.034413843487,39.113440297145374,5.132707663736419,5.079026453658372,3.0974233019684307,0
